movieId,ratings_count,tags_count
1,215.0,3.0
2,110.0,4.0
3,52.0,2.0
4,7.0,0.0
5,49.0,2.0
6,102.0,0.0
7,54.0,1.0
8,8.0,0.0
9,16.0,0.0
10,132.0,0.0
11,70.0,2.0
12,19.0,0.0
13,8.0,0.0
14,18.0,2.0
15,13.0,0.0
16,82.0,1.0
17,67.0,1.0
18,20.0,0.0
19,88.0,0.0
20,15.0,0.0
21,89.0,1.0
22,36.0,1.0
23,16.0,0.0
24,28.0,0.0
25,76.0,1.0
26,13.0,1.0
27,9.0,0.0
28,11.0,2.0
29,38.0,1.0
30,3.0,0.0
31,38.0,2.0
32,177.0,10.0
34,128.0,3.0
36,67.0,2.0
38,4.0,1.0
39,104.0,7.0
40,2.0,2.0
41,15.0,1.0
42,7.0,0.0
43,8.0,1.0
44,46.0,0.0
45,32.0,1.0
46,15.0,1.0
47,203.0,3.0
48,68.0,0.0
49,1.0,0.0
50,204.0,6.0
52,28.0,2.0
53,2.0,0.0
54,3.0,0.0
55,1.0,0.0
57,8.0,0.0
58,37.0,1.0
60,34.0,0.0
61,6.0,0.0
62,80.0,1.0
63,7.0,0.0
64,5.0,0.0
65,31.0,0.0
66,9.0,0.0
68,5.0,0.0
69,20.0,0.0
70,55.0,0.0
71,5.0,0.0
72,7.0,0.0
73,13.0,0.0
74,8.0,0.0
75,5.0,0.0
76,15.0,0.0
77,1.0,0.0
78,3.0,0.0
79,17.0,0.0
80,2.0,0.0
81,14.0,0.0
82,8.0,0.0
83,1.0,0.0
85,7.0,0.0
86,15.0,0.0
87,7.0,0.0
88,16.0,0.0
89,10.0,0.0
92,8.0,1.0
93,9.0,0.0
94,10.0,0.0
95,84.0,0.0
96,1.0,1.0
97,10.0,0.0
99,2.0,0.0
100,14.0,0.0
101,23.0,3.0
102,5.0,0.0
103,3.0,0.0
104,99.0,3.0
105,23.0,0.0
106,1.0,0.0
107,26.0,1.0
108,1.0,0.0
110,237.0,10.0
111,104.0,1.0
112,46.0,0.0
113,3.0,0.0
116,5.0,1.0
117,1.0,0.0
118,2.0,0.0
119,2.0,0.0
121,2.0,0.0
122,16.0,1.0
123,4.0,0.0
125,12.0,0.0
126,7.0,0.0
128,1.0,0.0
129,1.0,0.0
132,6.0,0.0
135,31.0,0.0
137,1.0,0.0
140,16.0,1.0
141,86.0,0.0
144,12.0,0.0
145,51.0,0.0
146,3.0,0.0
147,15.0,4.0
148,1.0,0.0
149,1.0,0.0
150,201.0,3.0
151,44.0,0.0
152,2.0,0.0
153,137.0,2.0
154,12.0,0.0
155,6.0,0.0
156,3.0,0.0
157,11.0,0.0
158,62.0,0.0
159,14.0,0.0
160,57.0,1.0
161,103.0,1.0
162,17.0,1.0
163,66.0,0.0
164,14.0,0.0
165,144.0,0.0
166,3.0,0.0
168,54.0,0.0
169,10.0,0.0
170,35.0,0.0
171,6.0,0.0
172,53.0,0.0
173,62.0,0.0
174,10.0,0.0
175,20.0,3.0
176,13.0,0.0
177,8.0,0.0
178,1.0,0.0
179,2.0,0.0
180,36.0,0.0
181,17.0,0.0
183,2.0,0.0
184,2.0,0.0
185,112.0,1.0
186,48.0,0.0
187,4.0,0.0
188,12.0,0.0
189,1.0,0.0
190,5.0,0.0
191,6.0,0.0
193,35.0,0.0
194,18.0,0.0
195,10.0,0.0
196,45.0,0.0
198,28.0,0.0
199,4.0,1.0
201,1.0,0.0
202,1.0,0.0
203,22.0,0.0
204,30.0,0.0
205,9.0,0.0
206,2.0,0.0
207,21.0,0.0
208,115.0,0.0
209,3.0,0.0
210,4.0,0.0
211,2.0,0.0
212,3.0,0.0
213,6.0,0.0
214,2.0,0.0
215,24.0,1.0
216,49.0,3.0
217,6.0,0.0
218,14.0,0.0
219,1.0,0.0
220,1.0,0.0
222,16.0,1.0
223,104.0,6.0
224,40.0,2.0
225,52.0,0.0
227,22.0,0.0
228,3.0,0.0
229,7.0,0.0
230,24.0,1.0
231,133.0,0.0
232,14.0,1.0
233,12.0,0.0
234,17.0,0.0
235,70.0,1.0
236,45.0,0.0
237,22.0,3.0
238,2.0,0.0
239,17.0,0.0
240,4.0,0.0
241,1.0,0.0
242,5.0,0.0
243,1.0,0.0
246,29.0,1.0
247,21.0,1.0
248,17.0,2.0
249,18.0,1.0
250,6.0,0.0
251,3.0,0.0
252,43.0,1.0
253,109.0,0.0
254,1.0,0.0
255,7.0,0.0
256,35.0,0.0
257,14.0,1.0
258,10.0,0.0
259,5.0,0.0
260,251.0,26.0
261,42.0,1.0
262,21.0,3.0
263,1.0,0.0
265,33.0,0.0
266,68.0,0.0
267,17.0,0.0
269,2.0,0.0
270,5.0,0.0
271,4.0,0.0
272,31.0,2.0
273,28.0,1.0
274,7.0,0.0
275,6.0,0.0
276,22.0,0.0
277,38.0,1.0
278,2.0,0.0
279,2.0,1.0
280,13.0,1.0
281,14.0,0.0
282,40.0,2.0
283,3.0,0.0
284,1.0,0.0
285,1.0,0.0
287,1.0,0.0
288,92.0,6.0
289,8.0,0.0
290,14.0,1.0
291,3.0,0.0
292,101.0,0.0
293,133.0,35.0
294,2.0,0.0
295,1.0,0.0
296,307.0,181.0
298,1.0,0.0
299,4.0,0.0
300,81.0,1.0
301,1.0,0.0
302,5.0,0.0
303,32.0,0.0
304,3.0,0.0
305,9.0,0.0
306,16.0,0.0
307,24.0,1.0
308,20.0,2.0
310,1.0,0.0
311,1.0,0.0
312,9.0,0.0
313,3.0,0.0
314,16.0,0.0
315,38.0,0.0
316,140.0,1.0
317,81.0,1.0
318,317.0,4.0
319,20.0,0.0
320,1.0,0.0
321,2.0,0.0
322,10.0,0.0
324,1.0,0.0
325,7.0,0.0
326,3.0,1.0
327,34.0,0.0
328,10.0,0.0
329,108.0,1.0
330,6.0,0.0
331,2.0,0.0
332,12.0,0.0
333,50.0,0.0
334,5.0,0.0
335,2.0,0.0
336,1.0,0.0
337,77.0,1.0
338,19.0,1.0
339,98.0,1.0
340,5.0,0.0
341,2.0,0.0
342,33.0,2.0
343,5.0,0.0
344,161.0,0.0
345,36.0,3.0
346,6.0,0.0
347,6.0,0.0
348,30.0,0.0
349,110.0,1.0
350,57.0,1.0
351,17.0,1.0
352,2.0,0.0
353,64.0,0.0
354,6.0,0.0
355,42.0,0.0
356,329.0,9.0
357,103.0,1.0
358,9.0,0.0
359,1.0,0.0
360,8.0,0.0
361,17.0,1.0
362,34.0,0.0
363,2.0,2.0
364,172.0,5.0
365,4.0,0.0
366,12.0,0.0
367,157.0,0.0
368,74.0,0.0
369,2.0,0.0
370,58.0,0.0
371,21.0,1.0
372,21.0,0.0
373,11.0,0.0
374,25.0,0.0
376,40.0,0.0
377,171.0,1.0
378,7.0,0.0
379,21.0,0.0
380,178.0,1.0
381,11.0,1.0
382,16.0,0.0
383,21.0,0.0
384,2.0,0.0
385,1.0,0.0
386,1.0,0.0
387,4.0,0.0
388,2.0,0.0
389,2.0,0.0
390,5.0,0.0
391,1.0,0.0
393,10.0,0.0
405,12.0,0.0
406,1.0,0.0
407,8.0,0.0
408,2.0,0.0
409,1.0,0.0
410,84.0,6.0
412,15.0,1.0
413,26.0,1.0
414,6.0,0.0
415,16.0,0.0
416,8.0,0.0
417,13.0,0.0
418,2.0,0.0
419,20.0,0.0
420,59.0,0.0
421,12.0,1.0
422,5.0,0.0
423,10.0,0.0
424,3.0,0.0
425,2.0,2.0
426,7.0,0.0
427,12.0,0.0
428,18.0,0.0
429,6.0,0.0
430,2.0,0.0
431,42.0,3.0
432,55.0,0.0
433,8.0,0.0
434,101.0,0.0
435,63.0,0.0
436,7.0,0.0
437,9.0,0.0
438,7.0,0.0
440,76.0,1.0
441,42.0,0.0
442,81.0,0.0
444,6.0,0.0
445,12.0,0.0
446,9.0,0.0
448,8.0,0.0
449,1.0,0.0
450,7.0,0.0
451,1.0,0.0
452,3.0,0.0
453,5.0,0.0
454,101.0,1.0
455,37.0,0.0
456,4.0,0.0
457,190.0,1.0
458,5.0,0.0
459,6.0,0.0
460,3.0,0.0
461,4.0,0.0
464,10.0,0.0
466,60.0,0.0
467,1.0,0.0
468,22.0,0.0
469,5.0,0.0
470,1.0,0.0
471,40.0,1.0
472,6.0,0.0
473,7.0,0.0
474,70.0,1.0
475,25.0,1.0
476,1.0,0.0
477,17.0,1.0
478,1.0,0.0
479,4.0,0.0
480,238.0,1.0
481,19.0,0.0
482,8.0,0.0
484,2.0,0.0
485,53.0,0.0
486,3.0,0.0
487,4.0,0.0
488,1.0,2.0
489,11.0,0.0
490,12.0,0.0
491,17.0,0.0
492,14.0,0.0
493,12.0,0.0
494,41.0,0.0
495,1.0,0.0
496,1.0,0.0
497,43.0,1.0
499,2.0,0.0
500,144.0,3.0
501,6.0,0.0
502,15.0,0.0
504,2.0,0.0
505,7.0,0.0
506,2.0,0.0
507,13.0,0.0
508,66.0,1.0
509,61.0,0.0
510,1.0,0.0
511,2.0,0.0
512,4.0,0.0
513,4.0,2.0
514,18.0,0.0
515,24.0,2.0
516,18.0,1.0
517,9.0,0.0
518,4.0,0.0
519,21.0,0.0
520,69.0,0.0
521,3.0,0.0
522,7.0,3.0
523,4.0,0.0
524,34.0,1.0
526,1.0,0.0
527,220.0,7.0
528,3.0,0.0
529,40.0,1.0
531,24.0,1.0
532,16.0,0.0
533,18.0,0.0
534,14.0,1.0
535,15.0,1.0
536,3.0,0.0
537,12.0,0.0
538,12.0,1.0
539,106.0,1.0
540,18.0,1.0
541,124.0,13.0
542,14.0,0.0
543,41.0,1.0
544,8.0,0.0
546,21.0,0.0
547,2.0,0.0
548,6.0,0.0
549,2.0,0.0
550,5.0,0.0
551,93.0,2.0
552,61.0,1.0
553,65.0,0.0
555,65.0,0.0
556,6.0,1.0
558,8.0,0.0
562,23.0,1.0
563,1.0,0.0
564,2.0,0.0
567,3.0,0.0
568,2.0,0.0
569,6.0,0.0
573,1.0,0.0
574,4.0,0.0
575,16.0,0.0
577,4.0,0.0
579,1.0,0.0
580,5.0,0.0
581,4.0,0.0
583,1.0,0.0
585,36.0,0.0
586,116.0,1.0
587,115.0,1.0
588,183.0,1.0
589,224.0,8.0
590,164.0,2.0
592,189.0,1.0
593,279.0,6.0
594,77.0,1.0
595,146.0,1.0
596,60.0,1.0
597,135.0,1.0
599,11.0,0.0
600,1.0,0.0
602,1.0,0.0
605,10.0,0.0
606,4.0,0.0
608,181.0,5.0
609,14.0,0.0
610,33.0,0.0
611,6.0,0.0
612,6.0,0.0
613,8.0,0.0
615,1.0,0.0
616,45.0,1.0
617,3.0,0.0
618,1.0,0.0
619,5.0,0.0
626,1.0,0.0
627,6.0,0.0
628,35.0,6.0
631,11.0,0.0
632,1.0,0.0
633,1.0,0.0
634,4.0,0.0
635,2.0,0.0
636,1.0,0.0
637,33.0,0.0
638,1.0,1.0
639,4.0,0.0
640,11.0,0.0
645,2.0,0.0
647,29.0,1.0
648,162.0,1.0
649,1.0,0.0
650,4.0,0.0
653,65.0,0.0
656,5.0,0.0
661,49.0,0.0
662,7.0,0.0
663,12.0,0.0
665,3.0,0.0
667,8.0,0.0
668,2.0,1.0
670,2.0,1.0
671,36.0,1.0
673,53.0,1.0
674,9.0,0.0
678,9.0,0.0
679,1.0,0.0
680,4.0,0.0
685,2.0,0.0
688,9.0,0.0
691,3.0,0.0
692,4.0,0.0
694,11.0,0.0
695,2.0,0.0
697,5.0,0.0
698,1.0,0.0
700,7.0,0.0
703,2.0,0.0
704,7.0,0.0
706,1.0,0.0
707,21.0,1.0
708,58.0,1.0
709,11.0,0.0
710,8.0,0.0
711,10.0,0.0
714,15.0,0.0
715,3.0,0.0
718,4.0,0.0
719,35.0,0.0
720,27.0,1.0
722,1.0,0.0
724,31.0,0.0
725,5.0,0.0
726,1.0,0.0
728,10.0,1.0
731,3.0,0.0
733,121.0,3.0
735,7.0,0.0
736,123.0,1.0
737,20.0,0.0
741,27.0,0.0
742,11.0,0.0
743,29.0,0.0
745,48.0,1.0
747,3.0,0.0
748,22.0,1.0
750,97.0,10.0
757,1.0,0.0
759,2.0,0.0
760,2.0,0.0
761,19.0,0.0
762,41.0,0.0
764,2.0,0.0
765,19.0,0.0
766,4.0,0.0
773,1.0,0.0
775,1.0,0.0
778,102.0,4.0
779,2.0,0.0
780,202.0,1.0
781,7.0,0.0
782,8.0,0.0
783,47.0,0.0
784,54.0,0.0
785,42.0,0.0
786,64.0,0.0
788,82.0,0.0
790,1.0,0.0
791,1.0,0.0
795,2.0,0.0
798,12.0,0.0
799,23.0,0.0
800,19.0,1.0
801,11.0,0.0
802,46.0,0.0
803,1.0,0.0
804,8.0,0.0
805,35.0,1.0
806,1.0,0.0
808,2.0,0.0
809,9.0,0.0
810,12.0,0.0
813,5.0,0.0
818,10.0,1.0
823,1.0,0.0
824,1.0,0.0
828,6.0,0.0
829,9.0,0.0
830,21.0,1.0
832,37.0,4.0
833,6.0,0.0
835,3.0,0.0
836,17.0,1.0
837,33.0,0.0
838,30.0,1.0
839,15.0,0.0
840,4.0,0.0
841,2.0,0.0
842,12.0,0.0
848,7.0,0.0
849,44.0,0.0
851,6.0,0.0
852,43.0,1.0
858,192.0,1.0
861,9.0,0.0
866,23.0,0.0
867,2.0,0.0
869,3.0,0.0
870,2.0,0.0
875,1.0,0.0
876,1.0,0.0
879,4.0,0.0
880,27.0,0.0
881,5.0,0.0
882,1.0,0.0
885,2.0,0.0
886,6.0,0.0
888,3.0,0.0
889,1.0,0.0
891,5.0,0.0
892,13.0,1.0
893,3.0,0.0
896,2.0,0.0
897,2.0,0.0
898,29.0,1.0
899,47.0,1.0
900,12.0,1.0
901,7.0,0.0
902,36.0,1.0
903,60.0,5.0
904,84.0,6.0
905,14.0,1.0
906,7.0,1.0
907,2.0,1.0
908,57.0,3.0
909,27.0,1.0
910,50.0,1.0
911,13.0,1.0
912,100.0,1.0
913,44.0,1.0
914,35.0,1.0
915,30.0,1.0
916,26.0,2.0
917,2.0,0.0
918,10.0,1.0
919,92.0,2.0
920,45.0,1.0
921,9.0,1.0
922,27.0,3.0
923,69.0,1.0
924,109.0,41.0
926,24.0,1.0
927,3.0,1.0
928,18.0,1.0
929,1.0,3.0
930,20.0,1.0
931,9.0,1.0
932,8.0,0.0
933,23.0,0.0
934,12.0,1.0
935,3.0,0.0
936,6.0,2.0
937,2.0,0.0
938,6.0,1.0
940,8.0,1.0
941,2.0,1.0
942,6.0,0.0
943,7.0,1.0
944,3.0,1.0
945,7.0,1.0
946,3.0,0.0
947,4.0,3.0
948,6.0,1.0
949,6.0,0.0
950,7.0,1.0
951,14.0,1.0
952,12.0,1.0
953,58.0,1.0
954,18.0,1.0
955,18.0,2.0
956,1.0,1.0
959,1.0,0.0
961,1.0,0.0
963,1.0,0.0
965,11.0,1.0
968,28.0,1.0
969,34.0,1.0
970,1.0,1.0
971,10.0,1.0
973,5.0,1.0
976,1.0,1.0
979,1.0,0.0
981,2.0,0.0
982,1.0,0.0
984,2.0,0.0
986,13.0,1.0
987,1.0,0.0
988,2.0,0.0
990,5.0,0.0
991,11.0,1.0
993,1.0,0.0
994,11.0,1.0
996,13.0,0.0
998,3.0,0.0
999,12.0,0.0
1003,3.0,0.0
1004,6.0,0.0
1005,8.0,0.0
1006,5.0,2.0
1007,10.0,0.0
1008,1.0,0.0
1009,9.0,0.0
1010,9.0,2.0
1011,8.0,0.0
1012,9.0,0.0
1013,12.0,1.0
1014,5.0,0.0
1015,20.0,0.0
1016,5.0,0.0
1017,10.0,0.0
1018,6.0,0.0
1019,17.0,0.0
1020,37.0,0.0
1021,27.0,0.0
1022,42.0,1.0
1023,13.0,0.0
1024,6.0,0.0
1025,25.0,2.0
1027,28.0,0.0
1028,71.0,2.0
1029,35.0,1.0
1030,15.0,1.0
1031,24.0,0.0
1032,40.0,1.0
1033,20.0,1.0
1034,5.0,0.0
1035,64.0,1.0
1036,145.0,0.0
1037,24.0,0.0
1040,1.0,0.0
1041,11.0,1.0
1042,42.0,1.0
1043,5.0,0.0
1046,4.0,0.0
1047,33.0,0.0
1049,21.0,0.0
1050,5.0,0.0
1051,3.0,0.0
1053,1.0,0.0
1054,1.0,0.0
1055,2.0,0.0
1056,7.0,0.0
1057,15.0,0.0
1059,36.0,5.0
1060,36.0,0.0
1061,29.0,0.0
1064,13.0,0.0
1066,4.0,1.0
1068,1.0,1.0
1073,119.0,0.0
1077,28.0,0.0
1078,11.0,0.0
1079,71.0,1.0
1080,89.0,3.0
1081,12.0,1.0
1082,6.0,1.0
1083,6.0,0.0
1084,35.0,2.0
1085,2.0,0.0
1086,25.0,0.0
1088,42.0,2.0
1089,131.0,11.0
1090,63.0,1.0
1091,21.0,0.0
1092,47.0,0.0
1093,37.0,3.0
1094,42.0,0.0
1095,15.0,0.0
1096,10.0,1.0
1097,122.0,1.0
1099,4.0,0.0
1100,19.0,0.0
1101,83.0,2.0
1103,15.0,2.0
1104,20.0,1.0
1105,3.0,0.0
1107,2.0,0.0
1111,4.0,0.0
1112,2.0,0.0
1114,1.0,0.0
1116,1.0,0.0
1117,1.0,0.0
1119,1.0,0.0
1120,27.0,1.0
1121,1.0,0.0
1123,2.0,0.0
1124,13.0,1.0
1125,24.0,1.0
1126,6.0,0.0
1127,62.0,0.0
1128,5.0,0.0
1129,39.0,0.0
1130,5.0,0.0
1131,11.0,0.0
1132,8.0,0.0
1135,13.0,1.0
1136,136.0,4.0
1137,1.0,0.0
1140,1.0,0.0
1144,1.0,0.0
1147,10.0,2.0
1148,56.0,1.0
1150,3.0,0.0
1151,2.0,0.0
1156,1.0,0.0
1161,3.0,0.0
1162,1.0,0.0
1163,1.0,0.0
1167,2.0,0.0
1170,2.0,0.0
1171,17.0,1.0
1172,34.0,0.0
1173,11.0,0.0
1175,21.0,0.0
1176,3.0,0.0
1177,6.0,1.0
1178,12.0,2.0
1179,27.0,1.0
1180,1.0,0.0
1183,45.0,1.0
1184,7.0,0.0
1185,10.0,1.0
1186,23.0,0.0
1187,5.0,1.0
1188,22.0,2.0
1189,11.0,2.0
1190,6.0,0.0
1191,6.0,0.0
1192,5.0,0.0
1193,133.0,3.0
1194,11.0,0.0
1196,211.0,10.0
1197,142.0,2.0
1198,200.0,8.0
1199,59.0,0.0
1200,126.0,9.0
1201,72.0,1.0
1202,7.0,0.0
1203,57.0,9.0
1204,45.0,1.0
1206,120.0,1.0
1207,58.0,2.0
1208,107.0,1.0
1209,18.0,1.0
1210,196.0,3.0
1211,13.0,0.0
1212,24.0,3.0
1213,126.0,1.0
1214,146.0,1.0
1215,51.0,0.0
1216,11.0,0.0
1217,15.0,1.0
1218,11.0,0.0
1219,83.0,9.0
1220,84.0,1.0
1221,129.0,3.0
1222,102.0,2.0
1223,28.0,1.0
1224,19.0,1.0
1225,76.0,2.0
1226,6.0,0.0
1227,16.0,0.0
1228,40.0,1.0
1230,58.0,1.0
1231,22.0,2.0
1232,8.0,0.0
1233,40.0,1.0
1234,64.0,1.0
1235,26.0,1.0
1236,3.0,0.0
1237,18.0,7.0
1238,9.0,0.0
1240,131.0,8.0
1241,10.0,0.0
1242,41.0,1.0
1243,16.0,1.0
1244,33.0,1.0
1245,20.0,1.0
1246,86.0,2.0
1247,79.0,1.0
1248,17.0,0.0
1249,35.0,1.0
1250,45.0,1.0
1251,14.0,0.0
1252,59.0,1.0
1253,25.0,1.0
1254,16.0,1.0
1255,6.0,0.0
1256,23.0,0.0
1257,27.0,1.0
1258,109.0,9.0
1259,91.0,1.0
1260,15.0,7.0
1261,34.0,0.0
1262,43.0,1.0
1263,43.0,1.0
1264,5.0,0.0
1265,143.0,0.0
1266,45.0,1.0
1267,30.0,2.0
1268,9.0,0.0
1269,29.0,1.0
1270,171.0,1.0
1271,30.0,0.0
1272,33.0,1.0
1273,11.0,0.0
1274,39.0,3.0
1275,48.0,0.0
1276,57.0,1.0
1277,12.0,1.0
1278,69.0,1.0
1279,8.0,0.0
1280,9.0,1.0
1281,15.0,1.0
1282,53.0,1.0
1283,19.0,1.0
1284,14.0,1.0
1285,41.0,1.0
1286,7.0,0.0
1287,34.0,0.0
1288,66.0,4.0
1289,11.0,0.0
1290,10.0,0.0
1291,140.0,2.0
1292,20.0,1.0
1293,27.0,1.0
1295,11.0,0.0
1296,17.0,1.0
1297,20.0,0.0
1298,23.0,0.0
1299,28.0,2.0
1300,9.0,0.0
1301,13.0,2.0
1302,56.0,1.0
1303,17.0,1.0
1304,62.0,1.0
1305,4.0,0.0
1306,5.0,0.0
1307,85.0,1.0
1310,1.0,0.0
1312,2.0,0.0
1318,1.0,0.0
1320,47.0,0.0
1321,23.0,0.0
1322,3.0,0.0
1323,3.0,0.0
1324,3.0,0.0
1325,2.0,0.0
1326,4.0,0.0
1327,15.0,0.0
1328,2.0,0.0
1329,2.0,0.0
1330,4.0,0.0
1331,1.0,0.0
1332,3.0,0.0
1333,44.0,1.0
1334,6.0,0.0
1335,1.0,0.0
1336,1.0,0.0
1337,1.0,0.0
1339,29.0,0.0
1340,3.0,0.0
1341,2.0,0.0
1342,11.0,0.0
1343,25.0,5.0
1344,14.0,1.0
1345,36.0,3.0
1346,8.0,0.0
1347,27.0,0.0
1348,16.0,1.0
1349,1.0,0.0
1350,22.0,1.0
1351,3.0,0.0
1352,2.0,0.0
1353,4.0,1.0
1354,7.0,1.0
1355,3.0,0.0
1356,91.0,1.0
1357,24.0,1.0
1358,47.0,1.0
1359,18.0,0.0
1361,6.0,1.0
1363,5.0,1.0
1365,6.0,0.0
1366,5.0,1.0
1367,47.0,2.0
1370,68.0,0.0
1371,45.0,0.0
1372,42.0,1.0
1373,30.0,0.0
1374,62.0,1.0
1375,42.0,0.0
1376,43.0,1.0
1377,60.0,1.0
1378,25.0,0.0
1379,11.0,0.0
1380,68.0,1.0
1381,19.0,1.0
1382,4.0,0.0
1385,24.0,0.0
1387,91.0,1.0
1388,17.0,0.0
1389,6.0,1.0
1390,9.0,0.0
1391,86.0,0.0
1392,4.0,0.0
1393,85.0,1.0
1394,58.0,1.0
1395,5.0,0.0
1396,46.0,1.0
1397,2.0,0.0
1398,1.0,1.0
1399,5.0,0.0
1401,3.0,0.0
1405,31.0,0.0
1406,2.0,0.0
1407,70.0,2.0
1408,39.0,2.0
1409,23.0,0.0
1411,16.0,1.0
1412,1.0,0.0
1413,2.0,1.0
1414,8.0,0.0
1415,2.0,0.0
1416,12.0,1.0
1417,2.0,0.0
1419,2.0,0.0
1422,4.0,0.0
1423,1.0,2.0
1425,8.0,0.0
1426,1.0,0.0
1427,1.0,0.0
1428,2.0,0.0
1429,20.0,0.0
1430,3.0,0.0
1431,16.0,0.0
1432,7.0,0.0
1437,2.0,0.0
1438,24.0,0.0
1439,3.0,0.0
1440,2.0,0.0
1441,19.0,2.0
1442,5.0,0.0
1445,7.0,0.0
1446,7.0,1.0
1447,4.0,0.0
1449,24.0,1.0
1453,3.0,0.0
1454,6.0,0.0
1456,1.0,0.0
1457,12.0,0.0
1458,1.0,0.0
1459,12.0,0.0
1460,2.0,0.0
1461,8.0,0.0
1464,17.0,0.0
1465,3.0,0.0
1466,52.0,1.0
1468,5.0,0.0
1473,1.0,0.0
1474,11.0,1.0
1475,1.0,0.0
1476,26.0,0.0
1477,1.0,0.0
1479,30.0,0.0
1480,11.0,0.0
1483,11.0,0.0
1484,3.0,0.0
1485,74.0,1.0
1487,5.0,0.0
1488,15.0,0.0
1489,2.0,0.0
1490,2.0,0.0
1493,1.0,0.0
1495,2.0,0.0
1496,1.0,1.0
1497,3.0,0.0
1498,5.0,0.0
1499,27.0,0.0
1500,59.0,2.0
1502,2.0,0.0
1503,4.0,0.0
1507,1.0,0.0
1513,29.0,1.0
1514,1.0,0.0
1515,15.0,0.0
1516,1.0,0.0
1517,100.0,0.0
1518,13.0,0.0
1519,1.0,0.0
1526,3.0,0.0
1527,116.0,0.0
1529,3.0,0.0
1533,2.0,0.0
1537,13.0,1.0
1541,10.0,0.0
1542,7.0,1.0
1544,67.0,1.0
1545,2.0,1.0
1546,1.0,0.0
1547,2.0,0.0
1549,1.0,0.0
1550,4.0,0.0
1551,3.0,0.0
1552,59.0,0.0
1554,5.0,0.0
1556,19.0,0.0
1562,42.0,0.0
1564,2.0,0.0
1565,1.0,0.0
1566,31.0,0.0
1569,40.0,3.0
1571,2.0,0.0
1572,2.0,0.0
1573,77.0,1.0
1574,1.0,0.0
1580,165.0,1.0
1581,3.0,0.0
1582,5.0,0.0
1583,2.0,0.0
1584,82.0,0.0
1585,1.0,0.0
1586,22.0,1.0
1587,31.0,0.0
1588,20.0,0.0
1589,16.0,0.0
1590,25.0,0.0
1591,26.0,0.0
1592,4.0,0.0
1593,6.0,0.0
1594,6.0,0.0
1596,3.0,0.0
1597,43.0,0.0
1598,4.0,0.0
1599,3.0,0.0
1600,2.0,0.0
1601,3.0,0.0
1602,4.0,0.0
1603,13.0,0.0
1604,3.0,0.0
1605,4.0,0.0
1606,3.0,0.0
1608,58.0,1.0
1609,3.0,0.0
1610,90.0,1.0
1611,5.0,0.0
1612,2.0,0.0
1613,1.0,0.0
1614,26.0,0.0
1615,11.0,0.0
1616,20.0,0.0
1617,97.0,1.0
1619,14.0,0.0
1620,13.0,0.0
1621,2.0,0.0
1623,2.0,0.0
1624,2.0,0.0
1625,77.0,8.0
1626,3.0,0.0
1627,7.0,0.0
1629,3.0,0.0
1631,1.0,0.0
1633,5.0,0.0
1635,17.0,1.0
1639,52.0,0.0
1641,56.0,0.0
1642,2.0,0.0
1643,5.0,2.0
1644,32.0,0.0
1645,51.0,1.0
1646,7.0,0.0
1647,3.0,0.0
1648,4.0,0.0
1649,3.0,0.0
1650,2.0,1.0
1652,1.0,0.0
1653,86.0,3.0
1654,1.0,0.0
1655,1.0,0.0
1656,1.0,0.0
1658,8.0,0.0
1659,1.0,0.0
1660,1.0,0.0
1661,1.0,0.0
1662,2.0,0.0
1663,34.0,1.0
1665,16.0,0.0
1667,5.0,0.0
1670,3.0,0.0
1671,1.0,0.0
1672,12.0,1.0
1673,39.0,0.0
1674,40.0,1.0
1675,1.0,0.0
1676,80.0,0.0
1677,1.0,0.0
1678,10.0,0.0
1679,1.0,0.0
1680,25.0,1.0
1681,7.0,0.0
1682,125.0,1.0
1683,6.0,1.0
1684,4.0,0.0
1685,1.0,0.0
1686,3.0,0.0
1687,18.0,0.0
1688,20.0,0.0
1689,7.0,0.0
1690,45.0,0.0
1693,19.0,0.0
1694,7.0,0.0
1695,2.0,0.0
1696,2.0,0.0
1699,2.0,0.0
1701,8.0,0.0
1702,16.0,0.0
1703,5.0,0.0
1704,141.0,3.0
1707,8.0,0.0
1711,24.0,1.0
1713,7.0,0.0
1717,31.0,3.0
1718,2.0,0.0
1719,16.0,2.0
1721,140.0,2.0
1722,45.0,0.0
1726,13.0,2.0
1727,4.0,0.0
1729,48.0,0.0
1730,4.0,0.0
1731,4.0,0.0
1732,106.0,32.0
1733,4.0,0.0
1734,9.0,0.0
1735,11.0,1.0
1739,1.0,0.0
1746,1.0,0.0
1747,31.0,0.0
1748,48.0,1.0
1752,4.0,0.0
1753,16.0,0.0
1754,15.0,0.0
1755,5.0,0.0
1757,1.0,0.0
1759,1.0,0.0
1760,10.0,0.0
1762,5.0,0.0
1767,2.0,0.0
1769,14.0,0.0
1770,2.0,0.0
1771,1.0,0.0
1772,12.0,0.0
1777,56.0,1.0
1779,23.0,1.0
1783,5.0,0.0
1784,96.0,0.0
1785,5.0,0.0
1791,3.0,0.0
1792,23.0,0.0
1793,2.0,0.0
1794,1.0,0.0
1797,6.0,1.0
1798,2.0,0.0
1799,13.0,0.0
1801,25.0,1.0
1804,3.0,0.0
1805,31.0,0.0
1806,8.0,0.0
1807,1.0,0.0
1809,6.0,0.0
1810,11.0,1.0
1812,3.0,0.0
1816,3.0,0.0
1821,6.0,0.0
1824,1.0,0.0
1825,1.0,0.0
1826,1.0,0.0
1827,3.0,0.0
1829,2.0,0.0
1831,29.0,0.0
1833,13.0,0.0
1834,11.0,1.0
1835,17.0,0.0
1836,3.0,1.0
1837,4.0,0.0
1839,1.0,0.0
1840,7.0,0.0
1841,1.0,0.0
1844,4.0,0.0
1845,15.0,0.0
1848,12.0,0.0
1855,7.0,0.0
1856,3.0,0.0
1857,1.0,0.0
1858,8.0,0.0
1859,3.0,0.0
1860,4.0,0.0
1862,9.0,0.0
1863,7.0,0.0
1866,7.0,0.0
1867,1.0,0.0
1870,1.0,0.0
1873,10.0,0.0
1875,6.0,0.0
1876,43.0,0.0
1881,2.0,0.0
1882,33.0,0.0
1883,24.0,0.0
1884,46.0,0.0
1885,12.0,0.0
1887,2.0,0.0
1888,3.0,0.0
1889,8.0,0.0
1891,1.0,0.0
1892,16.0,0.0
1893,1.0,1.0
1894,16.0,0.0
1895,15.0,0.0
1897,2.0,0.0
1900,1.0,1.0
1902,1.0,1.0
1904,3.0,0.0
1906,2.0,0.0
1907,45.0,0.0
1909,42.0,1.0
1910,2.0,0.0
1911,32.0,0.0
1912,32.0,1.0
1913,3.0,1.0
1914,9.0,0.0
1916,12.0,5.0
1917,92.0,1.0
1918,33.0,0.0
1919,5.0,0.0
1920,18.0,0.0
1921,47.0,17.0
1922,2.0,0.0
1923,105.0,4.0
1924,8.0,0.0
1926,1.0,0.0
1927,10.0,0.0
1928,1.0,0.0
1929,2.0,0.0
1931,6.0,1.0
1932,1.0,0.0
1933,1.0,0.0
1934,3.0,0.0
1936,3.0,0.0
1937,2.0,0.0
1938,3.0,1.0
1939,8.0,0.0
1940,1.0,2.0
1941,2.0,0.0
1942,4.0,3.0
1944,11.0,0.0
1945,24.0,2.0
1946,3.0,0.0
1947,34.0,1.0
1948,7.0,1.0
1949,6.0,0.0
1950,11.0,1.0
1951,7.0,1.0
1952,22.0,1.0
1953,39.0,2.0
1954,64.0,2.0
1955,14.0,1.0
1956,12.0,0.0
1957,13.0,2.0
1958,22.0,0.0
1959,15.0,2.0
1960,26.0,1.0
1961,96.0,1.0
1962,23.0,1.0
1963,11.0,0.0
1964,6.0,0.0
1965,21.0,0.0
1966,8.0,0.0
1967,42.0,0.0
1968,113.0,0.0
1969,10.0,0.0
1970,12.0,0.0
1971,7.0,0.0
1972,7.0,0.0
1973,5.0,0.0
1974,16.0,0.0
1975,7.0,1.0
1976,7.0,1.0
1977,6.0,1.0
1978,2.0,1.0
1979,4.0,1.0
1980,1.0,0.0
1981,3.0,0.0
1982,27.0,0.0
1983,5.0,1.0
1984,3.0,1.0
1985,1.0,0.0
1986,2.0,0.0
1987,2.0,0.0
1990,1.0,0.0
1991,12.0,0.0
1992,4.0,0.0
1993,5.0,0.0
1994,47.0,1.0
1995,6.0,1.0
1996,4.0,1.0
1997,53.0,1.0
1998,4.0,0.0
1999,4.0,0.0
2000,75.0,0.0
2001,47.0,0.0
2002,46.0,0.0
2003,41.0,0.0
2004,15.0,0.0
2005,57.0,0.0
2006,60.0,2.0
2007,2.0,0.0
2008,1.0,0.0
2009,19.0,0.0
2010,21.0,0.0
2011,87.0,1.0
2012,88.0,0.0
2013,21.0,0.0
2014,8.0,0.0
2015,9.0,0.0
2016,4.0,0.0
2017,5.0,0.0
2018,38.0,0.0
2019,48.0,1.0
2020,25.0,1.0
2021,37.0,0.0
2022,8.0,2.0
2023,45.0,5.0
2024,3.0,0.0
2025,7.0,0.0
2026,3.0,0.0
2027,9.0,0.0
2028,188.0,1.0
2032,1.0,0.0
2033,8.0,0.0
2034,9.0,0.0
2035,3.0,0.0
2036,6.0,0.0
2037,1.0,0.0
2038,3.0,0.0
2040,7.0,0.0
2041,3.0,0.0
2042,6.0,0.0
2043,4.0,0.0
2044,2.0,0.0
2046,24.0,0.0
2048,8.0,0.0
2050,4.0,0.0
2051,3.0,0.0
2052,23.0,0.0
2053,20.0,0.0
2054,68.0,1.0
2055,1.0,0.0
2056,1.0,0.0
2057,4.0,0.0
2058,30.0,1.0
2059,15.0,1.0
2060,14.0,0.0
2064,31.0,2.0
2065,13.0,1.0
2066,4.0,1.0
2067,21.0,0.0
2068,2.0,0.0
2069,2.0,0.0
2070,5.0,1.0
2071,2.0,2.0
2072,17.0,0.0
2073,5.0,0.0
2074,3.0,0.0
2075,1.0,0.0
2076,46.0,2.0
2077,5.0,0.0
2078,53.0,1.0
2080,55.0,1.0
2081,67.0,0.0
2082,26.0,0.0
2083,19.0,0.0
2084,5.0,0.0
2085,44.0,1.0
2087,41.0,0.0
2088,18.0,0.0
2089,10.0,0.0
2090,13.0,0.0
2091,4.0,0.0
2092,6.0,0.0
2093,6.0,0.0
2094,39.0,0.0
2095,3.0,0.0
2096,22.0,0.0
2097,10.0,2.0
2098,2.0,0.0
2099,6.0,0.0
2100,51.0,1.0
2102,3.0,0.0
2103,3.0,0.0
2104,1.0,0.0
2105,50.0,0.0
2106,5.0,0.0
2107,3.0,0.0
2108,24.0,1.0
2109,27.0,0.0
2110,18.0,0.0
2111,10.0,0.0
2112,8.0,0.0
2114,16.0,1.0
2115,108.0,1.0
2116,15.0,2.0
2117,14.0,0.0
2118,15.0,1.0
2119,3.0,0.0
2120,4.0,0.0
2121,7.0,1.0
2122,11.0,1.0
2123,15.0,0.0
2124,38.0,6.0
2125,21.0,0.0
2126,15.0,0.0
2130,8.0,0.0
2131,4.0,0.0
2132,7.0,0.0
2133,20.0,0.0
2134,22.0,0.0
2135,11.0,0.0
2136,14.0,0.0
2137,21.0,0.0
2138,10.0,2.0
2139,21.0,1.0
2140,34.0,0.0
2141,18.0,0.0
2142,10.0,0.0
2143,13.0,0.0
2144,49.0,0.0
2145,33.0,2.0
2146,16.0,1.0
2147,3.0,0.0
2148,9.0,0.0
2149,4.0,0.0
2150,28.0,0.0
2151,6.0,0.0
2152,3.0,0.0
2153,11.0,0.0
2154,2.0,0.0
2155,8.0,0.0
2156,1.0,0.0
2159,7.0,0.0
2160,32.0,6.0
2161,43.0,0.0
2162,8.0,0.0
2163,5.0,0.0
2164,1.0,0.0
2165,2.0,0.0
2166,4.0,0.0
2167,58.0,1.0
2169,7.0,0.0
2170,5.0,0.0
2171,8.0,3.0
2172,1.0,0.0
2174,91.0,0.0
2175,1.0,0.0
2176,10.0,0.0
2177,3.0,0.0
2178,2.0,0.0
2179,1.0,0.0
2180,1.0,0.0
2181,4.0,0.0
2182,4.0,0.0
2183,9.0,0.0
2184,6.0,0.0
2185,2.0,0.0
2186,25.0,1.0
2187,2.0,1.0
2188,5.0,0.0
2190,1.0,0.0
2193,40.0,0.0
2194,65.0,2.0
2195,7.0,0.0
2196,1.0,0.0
2201,2.0,0.0
2202,7.0,1.0
2203,7.0,1.0
2204,4.0,0.0
2205,4.0,0.0
2206,5.0,1.0
2207,1.0,0.0
2208,6.0,1.0
2210,2.0,0.0
2211,1.0,0.0
2212,3.0,0.0
2226,1.0,0.0
2227,3.0,0.0
2231,36.0,0.0
2232,27.0,0.0
2236,9.0,0.0
2239,6.0,0.0
2240,7.0,0.0
2241,4.0,0.0
2243,28.0,1.0
2244,2.0,0.0
2245,22.0,0.0
2247,12.0,1.0
2248,39.0,2.0
2249,11.0,1.0
2252,5.0,0.0
2253,20.0,0.0
2255,2.0,0.0
2256,2.0,0.0
2257,1.0,0.0
2259,8.0,0.0
2260,2.0,0.0
2261,6.0,0.0
2262,9.0,0.0
2263,5.0,0.0
2264,4.0,0.0
2265,4.0,0.0
2266,5.0,0.0
2267,2.0,0.0
2268,57.0,2.0
2269,8.0,0.0
2271,2.0,0.0
2272,2.0,0.0
2273,42.0,0.0
2275,5.0,0.0
2278,43.0,0.0
2279,10.0,0.0
2280,2.0,0.0
2281,1.0,0.0
2282,6.0,0.0
2283,2.0,0.0
2286,1.0,0.0
2287,5.0,0.0
2288,45.0,0.0
2289,38.0,0.0
2290,5.0,0.0
2291,80.0,1.0
2292,1.0,0.0
2294,45.0,0.0
2295,2.0,1.0
2296,10.0,1.0
2297,14.0,0.0
2298,1.0,0.0
2300,33.0,1.0
2301,16.0,0.0
2302,59.0,1.0
2303,5.0,0.0
2304,1.0,0.0
2306,6.0,0.0
2307,1.0,0.0
2310,3.0,1.0
2311,17.0,0.0
2312,12.0,1.0
2313,17.0,1.0
2314,2.0,0.0
2315,6.0,0.0
2316,7.0,0.0
2318,16.0,0.0
2320,9.0,0.0
2321,61.0,0.0
2322,8.0,0.0
2323,2.0,0.0
2324,88.0,8.0
2325,13.0,0.0
2327,3.0,0.0
2328,7.0,0.0
2329,129.0,5.0
2330,2.0,0.0
2331,3.0,0.0
2332,2.0,0.0
2333,4.0,0.0
2334,13.0,1.0
2335,28.0,1.0
2336,23.0,1.0
2337,4.0,0.0
2338,18.0,0.0
2339,1.0,0.0
2340,20.0,0.0
2342,2.0,0.0
2344,8.0,0.0
2346,11.0,0.0
2347,3.0,0.0
2348,8.0,0.0
2349,7.0,0.0
2350,2.0,0.0
2351,7.0,1.0
2352,25.0,0.0
2353,67.0,0.0
2354,7.0,0.0
2355,92.0,1.0
2356,5.0,0.0
2357,6.0,1.0
2358,1.0,0.0
2359,26.0,0.0
2360,12.0,1.0
2361,10.0,0.0
2362,1.0,0.0
2363,3.0,0.0
2364,2.0,0.0
2365,2.0,0.0
2366,25.0,0.0
2367,14.0,0.0
2368,1.0,0.0
2369,24.0,0.0
2370,1.0,0.0
2371,24.0,0.0
2372,9.0,0.0
2373,9.0,0.0
2374,9.0,0.0
2375,21.0,0.0
2376,21.0,0.0
2377,5.0,0.0
2378,22.0,0.0
2379,12.0,0.0
2380,10.0,0.0
2381,7.0,0.0
2382,5.0,0.0
2383,4.0,0.0
2384,29.0,0.0
2385,3.0,0.0
2387,16.0,2.0
2388,1.0,0.0
2389,9.0,0.0
2390,7.0,1.0
2391,22.0,1.0
2392,8.0,0.0
2393,33.0,3.0
2394,25.0,2.0
2395,56.0,0.0
2396,92.0,1.0
2398,17.0,0.0
2399,4.0,0.0
2400,2.0,0.0
2401,8.0,0.0
2402,19.0,0.0
2403,30.0,0.0
2404,12.0,0.0
2405,21.0,0.0
2406,54.0,0.0
2407,43.0,0.0
2408,9.0,0.0
2409,26.0,0.0
2410,24.0,1.0
2411,29.0,1.0
2412,17.0,1.0
2413,18.0,0.0
2414,11.0,0.0
2415,1.0,0.0
2416,16.0,0.0
2417,1.0,0.0
2418,6.0,0.0
2419,2.0,0.0
2420,38.0,1.0
2421,29.0,1.0
2422,14.0,1.0
2423,30.0,1.0
2424,50.0,2.0
2425,2.0,0.0
2427,35.0,0.0
2428,23.0,0.0
2429,5.0,0.0
2430,6.0,0.0
2431,27.0,2.0
2432,6.0,0.0
2433,11.0,0.0
2435,1.0,0.0
2436,6.0,0.0
2439,3.0,0.0
2442,3.0,1.0
2443,8.0,0.0
2445,8.0,0.0
2446,2.0,0.0
2447,15.0,0.0
2448,3.0,0.0
2450,16.0,0.0
2451,1.0,0.0
2453,3.0,0.0
2454,13.0,0.0
2455,43.0,0.0
2456,9.0,0.0
2457,8.0,0.0
2458,8.0,0.0
2459,13.0,0.0
2460,3.0,0.0
2462,1.0,0.0
2463,14.0,1.0
2465,3.0,0.0
2467,18.0,1.0
2468,15.0,0.0
2469,7.0,0.0
2470,57.0,1.0
2471,24.0,1.0
2472,3.0,0.0
2473,8.0,0.0
2474,13.0,0.0
2475,3.0,0.0
2476,12.0,0.0
2477,3.0,0.0
2478,26.0,0.0
2481,1.0,0.0
2482,2.0,0.0
2483,1.0,0.0
2485,29.0,0.0
2488,3.0,0.0
2490,45.0,0.0
2491,5.0,1.0
2492,7.0,0.0
2493,1.0,0.0
2494,2.0,2.0
2495,3.0,0.0
2496,23.0,0.0
2497,6.0,0.0
2498,5.0,0.0
2500,7.0,0.0
2501,30.0,0.0
2502,94.0,2.0
2503,1.0,0.0
2504,6.0,0.0
2505,18.0,1.0
2506,6.0,1.0
2511,3.0,0.0
2512,1.0,0.0
2513,10.0,0.0
2514,3.0,0.0
2515,2.0,0.0
2516,1.0,0.0
2517,10.0,1.0
2518,10.0,0.0
2520,3.0,0.0
2521,2.0,0.0
2522,4.0,0.0
2523,2.0,0.0
2524,9.0,0.0
2525,3.0,0.0
2526,3.0,0.0
2527,18.0,0.0
2528,24.0,0.0
2529,56.0,1.0
2530,18.0,0.0
2531,9.0,0.0
2532,12.0,0.0
2533,15.0,0.0
2534,3.0,0.0
2535,3.0,0.0
2537,3.0,0.0
2538,1.0,0.0
2539,47.0,0.0
2540,3.0,0.0
2541,40.0,0.0
2542,67.0,0.0
2544,1.0,0.0
2546,2.0,0.0
2548,6.0,0.0
2549,6.0,0.0
2550,7.0,1.0
2551,8.0,0.0
2552,2.0,0.0
2553,6.0,1.0
2554,3.0,1.0
2555,3.0,0.0
2557,1.0,0.0
2558,9.0,0.0
2559,1.0,0.0
2560,8.0,0.0
2561,4.0,0.0
2563,3.0,0.0
2565,12.0,1.0
2566,2.0,0.0
2567,19.0,0.0
2568,8.0,0.0
2570,5.0,0.0
2571,278.0,5.0
2572,54.0,1.0
2573,1.0,0.0
2574,6.0,0.0
2575,4.0,0.0
2577,1.0,0.0
2579,6.0,7.0
2580,39.0,0.0
2581,36.0,1.0
2582,3.0,0.0
2583,12.0,1.0
2585,2.0,0.0
2586,2.0,0.0
2587,4.0,0.0
2589,1.0,0.0
2590,1.0,0.0
2593,4.0,0.0
2594,10.0,0.0
2596,12.0,0.0
2597,2.0,0.0
2598,25.0,1.0
2599,56.0,0.0
2600,22.0,1.0
2605,43.0,0.0
2606,15.0,0.0
2607,2.0,0.0
2609,1.0,0.0
2611,1.0,0.0
2612,1.0,1.0
2613,8.0,0.0
2614,2.0,0.0
2615,4.0,0.0
2616,26.0,1.0
2617,87.0,0.0
2618,5.0,0.0
2620,1.0,0.0
2622,11.0,0.0
2623,1.0,0.0
2624,2.0,0.0
2625,2.0,0.0
2628,140.0,2.0
2629,2.0,0.0
2630,2.0,0.0
2632,1.0,0.0
2633,3.0,0.0
2634,3.0,0.0
2639,4.0,0.0
2640,61.0,1.0
2641,49.0,1.0
2642,22.0,1.0
2643,16.0,0.0
2644,9.0,0.0
2648,11.0,1.0
2651,1.0,0.0
2652,1.0,0.0
2654,5.0,0.0
2655,1.0,0.0
2656,1.0,0.0
2657,63.0,0.0
2659,1.0,0.0
2660,4.0,1.0
2661,1.0,0.0
2662,12.0,1.0
2664,13.0,1.0
2665,1.0,0.0
2668,8.0,0.0
2669,2.0,0.0
2670,5.0,0.0
2671,56.0,0.0
2672,12.0,0.0
2674,2.0,0.0
2676,6.0,0.0
2677,4.0,1.0
2681,3.0,0.0
2682,3.0,0.0
2683,121.0,0.0
2686,19.0,0.0
2687,24.0,0.0
2688,15.0,0.0
2690,10.0,0.0
2691,3.0,0.0
2692,75.0,1.0
2693,4.0,1.0
2694,48.0,1.0
2695,1.0,0.0
2696,3.0,0.0
2697,1.0,0.0
2698,1.0,0.0
2699,53.0,1.0
2700,76.0,8.0
2701,53.0,0.0
2702,15.0,0.0
2706,103.0,8.0
2707,22.0,0.0
2708,3.0,0.0
2709,9.0,0.0
2710,64.0,2.0
2712,53.0,1.0
2713,12.0,0.0
2716,120.0,1.0
2717,47.0,1.0
2718,10.0,0.0
2719,13.0,1.0
2720,21.0,0.0
2722,29.0,0.0
2723,39.0,1.0
2724,42.0,0.0
2725,1.0,0.0
2726,9.0,1.0
2727,1.0,0.0
2728,13.0,3.0
2729,7.0,0.0
2730,7.0,0.0
2731,12.0,5.0
2732,5.0,0.0
2733,2.0,0.0
2734,10.0,0.0
2735,16.0,0.0
2736,5.0,0.0
2737,1.0,0.0
2738,1.0,0.0
2739,12.0,0.0
2740,1.0,0.0
2741,2.0,0.0
2742,1.0,0.0
2743,1.0,0.0
2744,1.0,0.0
2745,9.0,2.0
2746,39.0,0.0
2747,9.0,0.0
2748,6.0,0.0
2749,2.0,0.0
2750,7.0,2.0
2751,1.0,0.0
2752,8.0,0.0
2754,1.0,0.0
2757,1.0,0.0
2759,8.0,0.0
2761,39.0,2.0
2762,179.0,9.0
2763,48.0,0.0
2764,7.0,0.0
2765,1.0,0.0
2766,2.0,0.0
2769,5.0,0.0
2770,38.0,0.0
2771,4.0,0.0
2772,10.0,0.0
2774,1.0,0.0
2775,1.0,0.0
2779,13.0,0.0
2782,3.0,0.0
2784,2.0,0.0
2786,4.0,0.0
2787,6.0,1.0
2788,28.0,0.0
2789,4.0,0.0
2790,2.0,0.0
2791,87.0,2.0
2792,19.0,0.0
2793,10.0,0.0
2794,15.0,0.0
2795,26.0,0.0
2796,11.0,0.0
2797,91.0,1.0
2798,12.0,0.0
2799,8.0,0.0
2800,1.0,0.0
2801,1.0,1.0
2802,13.0,0.0
2803,13.0,1.0
2804,55.0,1.0
2805,23.0,0.0
2806,9.0,0.0
2807,4.0,0.0
2808,17.0,0.0
2810,5.0,0.0
2812,1.0,0.0
2813,1.0,0.0
2815,7.0,0.0
2816,3.0,0.0
2817,3.0,0.0
2818,3.0,0.0
2819,16.0,0.0
2820,1.0,0.0
2822,11.0,0.0
2824,1.0,0.0
2826,26.0,0.0
2827,11.0,1.0
2828,2.0,0.0
2829,7.0,0.0
2835,1.0,0.0
2836,4.0,0.0
2837,1.0,0.0
2839,1.0,0.0
2840,23.0,0.0
2841,18.0,0.0
2843,9.0,0.0
2844,3.0,0.0
2846,7.0,0.0
2847,2.0,0.0
2848,1.0,0.0
2851,4.0,0.0
2852,1.0,0.0
2856,1.0,0.0
2857,14.0,0.0
2858,204.0,0.0
2859,7.0,0.0
2860,9.0,0.0
2861,8.0,0.0
2862,1.0,0.0
2863,19.0,1.0
2865,1.0,0.0
2866,5.0,0.0
2867,12.0,0.0
2868,2.0,0.0
2870,8.0,0.0
2871,30.0,1.0
2872,25.0,2.0
2874,3.0,0.0
2875,10.0,0.0
2876,1.0,0.0
2877,7.0,0.0
2878,2.0,0.0
2879,7.0,0.0
2880,6.0,0.0
2881,19.0,0.0
2882,4.0,0.0
2883,5.0,0.0
2884,1.0,0.0
2885,1.0,0.0
2886,2.0,0.0
2887,1.0,0.0
2888,5.0,0.0
2889,8.0,0.0
2890,45.0,0.0
2891,3.0,0.0
2892,1.0,0.0
2893,1.0,0.0
2894,1.0,0.0
2896,1.0,0.0
2897,1.0,0.0
2898,1.0,0.0
2899,3.0,0.0
2900,2.0,0.0
2901,14.0,0.0
2902,4.0,0.0
2903,2.0,0.0
2905,4.0,1.0
2906,7.0,0.0
2907,7.0,0.0
2908,39.0,0.0
2912,14.0,0.0
2915,42.0,1.0
2916,88.0,0.0
2917,10.0,0.0
2918,109.0,1.0
2919,8.0,3.0
2921,11.0,0.0
2922,5.0,0.0
2924,10.0,0.0
2925,5.0,0.0
2926,11.0,0.0
2927,2.0,1.0
2928,2.0,0.0
2929,2.0,0.0
2930,1.0,0.0
2931,3.0,0.0
2932,3.0,0.0
2935,8.0,1.0
2936,7.0,0.0
2937,5.0,1.0
2940,6.0,1.0
2941,9.0,1.0
2942,16.0,0.0
2943,3.0,1.0
2944,32.0,0.0
2946,7.0,0.0
2947,53.0,0.0
2948,36.0,0.0
2949,33.0,0.0
2950,14.0,0.0
2951,39.0,1.0
2952,12.0,1.0
2953,31.0,4.0
2956,6.0,0.0
2959,218.0,54.0
2961,5.0,0.0
2962,2.0,0.0
2964,1.0,0.0
2965,1.0,0.0
2966,14.0,2.0
2967,4.0,1.0
2968,41.0,1.0
2969,1.0,0.0
2970,4.0,0.0
2971,6.0,0.0
2972,1.0,0.0
2973,18.0,0.0
2974,1.0,0.0
2975,1.0,0.0
2976,6.0,0.0
2977,2.0,0.0
2978,4.0,0.0
2979,1.0,0.0
2982,1.0,0.0
2983,1.0,0.0
2984,1.0,0.0
2985,70.0,0.0
2986,25.0,0.0
2987,97.0,1.0
2988,3.0,0.0
2989,21.0,0.0
2990,20.0,0.0
2991,23.0,0.0
2992,1.0,0.0
2993,24.0,0.0
2995,14.0,0.0
2996,4.0,0.0
2997,99.0,0.0
3000,48.0,6.0
3002,1.0,0.0
3003,2.0,0.0
3004,11.0,0.0
3005,25.0,0.0
3006,31.0,2.0
3007,6.0,1.0
3008,1.0,0.0
3010,1.0,0.0
3011,4.0,1.0
3013,1.0,0.0
3014,1.0,0.0
3015,3.0,0.0
3016,14.0,0.0
3017,4.0,0.0
3018,10.0,0.0
3019,10.0,0.0
3020,17.0,0.0
3021,1.0,0.0
3022,9.0,0.0
3024,7.0,0.0
3028,2.0,1.0
3029,6.0,0.0
3030,13.0,1.0
3031,4.0,0.0
3032,6.0,0.0
3033,59.0,0.0
3034,36.0,0.0
3035,11.0,0.0
3036,7.0,0.0
3037,24.0,0.0
3038,5.0,0.0
3039,39.0,2.0
3040,9.0,1.0
3041,6.0,0.0
3042,2.0,0.0
3043,1.0,0.0
3044,13.0,2.0
3045,5.0,0.0
3046,2.0,0.0
3048,3.0,0.0
3051,3.0,0.0
3052,79.0,5.0
3053,11.0,0.0
3054,8.0,0.0
3055,3.0,0.0
3056,1.0,0.0
3057,1.0,0.0
3060,15.0,1.0
3061,8.0,0.0
3062,11.0,0.0
3063,6.0,0.0
3064,3.0,0.0
3066,7.0,0.0
3067,10.0,0.0
3068,7.0,0.0
3070,21.0,0.0
3071,9.0,1.0
3072,27.0,1.0
3073,1.0,0.0
3074,4.0,0.0
3075,3.0,0.0
3076,4.0,0.0
3077,2.0,2.0
3078,2.0,0.0
3079,6.0,0.0
3081,62.0,1.0
3082,39.0,0.0
3083,19.0,0.0
3086,1.0,0.0
3087,24.0,2.0
3088,12.0,0.0
3089,16.0,0.0
3090,6.0,0.0
3091,4.0,0.0
3093,4.0,0.0
3094,2.0,0.0
3095,9.0,2.0
3096,1.0,0.0
3097,3.0,1.0
3098,24.0,2.0
3099,7.0,0.0
3100,22.0,0.0
3101,36.0,1.0
3102,7.0,0.0
3103,2.0,0.0
3104,22.0,0.0
3105,22.0,0.0
3106,1.0,0.0
3107,23.0,0.0
3108,36.0,1.0
3109,4.0,0.0
3111,4.0,1.0
3112,1.0,0.0
3113,15.0,0.0
3114,97.0,8.0
3115,5.0,1.0
3117,4.0,0.0
3120,2.0,0.0
3125,1.0,1.0
3127,3.0,0.0
3129,3.0,0.0
3130,5.0,0.0
3132,1.0,0.0
3134,7.0,2.0
3135,3.0,1.0
3138,2.0,0.0
3141,2.0,0.0
3142,4.0,0.0
3143,1.0,0.0
3145,3.0,0.0
3146,17.0,0.0
3147,111.0,1.0
3148,26.0,0.0
3150,2.0,0.0
3152,8.0,1.0
3153,5.0,0.0
3155,9.0,0.0
3156,15.0,0.0
3157,19.0,0.0
3158,3.0,0.0
3159,15.0,0.0
3160,52.0,1.0
3161,2.0,0.0
3162,1.0,0.0
3163,4.0,0.0
3165,2.0,0.0
3167,4.0,0.0
3168,29.0,0.0
3169,5.0,0.0
3171,1.0,0.0
3173,18.0,0.0
3174,39.0,1.0
3175,75.0,1.0
3176,49.0,12.0
3177,6.0,0.0
3178,16.0,1.0
3179,3.0,0.0
3181,6.0,1.0
3182,5.0,0.0
3183,1.0,0.0
3185,3.0,0.0
3186,28.0,6.0
3189,11.0,0.0
3190,4.0,0.0
3192,1.0,1.0
3194,4.0,0.0
3196,9.0,0.0
3197,7.0,0.0
3198,14.0,0.0
3200,8.0,0.0
3201,8.0,0.0
3203,12.0,0.0
3204,8.0,0.0
3206,3.0,0.0
3208,8.0,0.0
3210,42.0,1.0
3211,2.0,2.0
3213,13.0,0.0
3214,2.0,0.0
3217,3.0,0.0
3219,13.0,0.0
3221,5.0,0.0
3223,2.0,0.0
3224,4.0,0.0
3225,4.0,0.0
3230,4.0,0.0
3235,3.0,0.0
3238,6.0,0.0
3240,2.0,0.0
3241,2.0,0.0
3243,15.0,0.0
3244,12.0,0.0
3246,15.0,0.0
3247,36.0,1.0
3248,14.0,0.0
3249,9.0,0.0
3250,9.0,1.0
3251,5.0,0.0
3252,27.0,0.0
3253,61.0,0.0
3254,27.0,0.0
3255,45.0,0.0
3256,31.0,0.0
3257,32.0,0.0
3258,15.0,1.0
3259,11.0,1.0
3260,12.0,1.0
3261,11.0,0.0
3262,11.0,0.0
3263,22.0,1.0
3264,26.0,0.0
3265,9.0,2.0
3266,6.0,6.0
3267,18.0,0.0
3268,11.0,0.0
3269,27.0,0.0
3270,12.0,1.0
3271,17.0,0.0
3272,8.0,0.0
3273,29.0,2.0
3274,12.0,0.0
3275,43.0,0.0
3276,1.0,0.0
3280,1.0,0.0
3281,1.0,1.0
3283,2.0,0.0
3284,1.0,0.0
3285,32.0,0.0
3286,5.0,0.0
3287,3.0,0.0
3289,1.0,0.0
3294,1.0,0.0
3295,1.0,0.0
3296,7.0,0.0
3298,21.0,0.0
3299,3.0,0.0
3300,39.0,0.0
3301,42.0,0.0
3302,2.0,0.0
3303,1.0,0.0
3306,4.0,2.0
3307,13.0,1.0
3308,7.0,0.0
3310,5.0,1.0
3313,2.0,0.0
3315,1.0,0.0
3316,13.0,0.0
3317,22.0,1.0
3323,1.0,0.0
3324,3.0,0.0
3325,3.0,0.0
3326,3.0,0.0
3327,5.0,0.0
3328,19.0,0.0
3329,1.0,0.0
3330,2.0,2.0
3331,1.0,0.0
3334,10.0,0.0
3341,7.0,1.0
3342,5.0,0.0
3344,1.0,0.0
3345,1.0,0.0
3347,9.0,0.0
3350,3.0,0.0
3353,1.0,0.0
3354,21.0,0.0
3355,15.0,0.0
3357,1.0,0.0
3358,10.0,0.0
3359,11.0,0.0
3360,22.0,1.0
3361,35.0,0.0
3362,38.0,0.0
3363,43.0,0.0
3364,3.0,0.0
3365,7.0,0.0
3368,2.0,0.0
3370,2.0,0.0
3372,2.0,0.0
3374,1.0,0.0
3378,1.0,0.0
3379,1.0,0.0
3384,4.0,1.0
3385,8.0,1.0
3386,31.0,2.0
3387,7.0,0.0
3388,11.0,0.0
3389,1.0,0.0
3390,1.0,0.0
3391,2.0,0.0
3392,6.0,0.0
3393,3.0,0.0
3394,7.0,0.0
3395,3.0,0.0
3396,33.0,0.0
3397,11.0,0.0
3398,15.0,0.0
3400,1.0,0.0
3401,5.0,0.0
3402,2.0,0.0
3403,1.0,0.0
3404,6.0,0.0
3405,1.0,0.0
3406,3.0,0.0
3408,70.0,2.0
3409,35.0,0.0
3410,1.0,0.0
3412,6.0,0.0
3414,1.0,0.0
3415,3.0,0.0
3417,1.0,0.0
3418,41.0,0.0
3420,3.0,1.0
3421,62.0,2.0
3422,6.0,0.0
3423,3.0,0.0
3424,27.0,2.0
3425,5.0,0.0
3426,7.0,0.0
3428,1.0,0.0
3429,12.0,1.0
3430,4.0,0.0
3431,3.0,0.0
3432,2.0,0.0
3433,1.0,0.0
3434,1.0,0.0
3435,17.0,1.0
3436,4.0,0.0
3438,25.0,0.0
3439,13.0,0.0
3440,14.0,0.0
3441,14.0,0.0
3442,1.0,0.0
3444,9.0,0.0
3445,4.0,0.0
3446,2.0,0.0
3447,2.0,1.0
3448,43.0,0.0
3449,1.0,0.0
3450,29.0,0.0
3451,11.0,4.0
3452,18.0,0.0
3453,2.0,0.0
3454,2.0,0.0
3455,1.0,0.0
3459,1.0,0.0
3461,13.0,1.0
3462,25.0,1.0
3466,8.0,0.0
3467,4.0,0.0
3468,18.0,1.0
3469,6.0,3.0
3470,5.0,0.0
3471,60.0,0.0
3473,2.0,0.0
3474,1.0,0.0
3475,2.0,1.0
3476,26.0,0.0
3477,13.0,0.0
3478,7.0,0.0
3479,18.0,0.0
3480,3.0,0.0
3481,75.0,2.0
3483,13.0,0.0
3484,10.0,0.0
3489,53.0,1.0
3492,1.0,0.0
3494,6.0,0.0
3496,1.0,0.0
3497,4.0,0.0
3498,8.0,1.0
3499,44.0,7.0
3500,4.0,0.0
3501,5.0,0.0
3502,3.0,1.0
3503,11.0,0.0
3504,22.0,1.0
3505,9.0,0.0
3506,5.0,0.0
3507,15.0,1.0
3508,18.0,0.0
3510,36.0,0.0
3511,6.0,0.0
3512,8.0,1.0
3513,7.0,0.0
3514,1.0,0.0
3515,9.0,1.0
3516,4.0,0.0
3519,6.0,0.0
3521,7.0,0.0
3524,10.0,0.0
3525,5.0,0.0
3526,15.0,1.0
3527,61.0,11.0
3528,5.0,1.0
3529,5.0,0.0
3531,1.0,0.0
3534,25.0,0.0
3535,59.0,0.0
3536,21.0,2.0
3537,3.0,0.0
3538,5.0,0.0
3539,2.0,0.0
3543,14.0,0.0
3544,3.0,0.0
3545,5.0,0.0
3546,2.0,1.0
3548,5.0,1.0
3549,8.0,1.0
3550,6.0,0.0
3551,13.0,0.0
3552,52.0,1.0
3553,5.0,0.0
3554,3.0,0.0
3555,33.0,0.0
3556,26.0,3.0
3557,5.0,0.0
3559,3.0,1.0
3563,3.0,0.0
3564,12.0,0.0
3565,7.0,0.0
3566,8.0,2.0
3567,1.0,0.0
3568,1.0,0.0
3569,2.0,0.0
3571,2.0,0.0
3572,4.0,0.0
3573,2.0,0.0
3574,1.0,0.0
3576,4.0,0.0
3577,2.0,0.0
3578,170.0,8.0
3580,2.0,0.0
3581,2.0,0.0
3584,4.0,0.0
3586,1.0,0.0
3587,2.0,0.0
3590,1.0,0.0
3591,15.0,0.0
3592,1.0,0.0
3593,19.0,0.0
3594,6.0,0.0
3596,1.0,0.0
3597,2.0,0.0
3598,3.0,0.0
3599,5.0,0.0
3604,1.0,0.0
3606,4.0,0.0
3608,25.0,1.0
3609,1.0,0.0
3614,8.0,0.0
3615,14.0,0.0
3616,10.0,0.0
3617,41.0,0.0
3618,12.0,0.0
3619,1.0,0.0
3622,1.0,0.0
3623,77.0,0.0
3624,43.0,0.0
3625,1.0,0.0
3626,3.0,0.0
3627,4.0,0.0
3628,2.0,0.0
3629,7.0,1.0
3632,5.0,0.0
3633,17.0,0.0
3634,1.0,0.0
3635,18.0,0.0
3637,1.0,0.0
3638,26.0,0.0
3639,18.0,0.0
3640,1.0,0.0
3641,2.0,0.0
3643,2.0,0.0
3646,17.0,0.0
3648,1.0,0.0
3649,8.0,0.0
3652,1.0,0.0
3653,3.0,0.0
3654,13.0,0.0
3655,2.0,0.0
3658,1.0,0.0
3660,2.0,0.0
3661,1.0,0.0
3662,2.0,0.0
3663,1.0,0.0
3664,1.0,0.0
3667,1.0,0.0
3668,15.0,0.0
3669,1.0,0.0
3671,62.0,3.0
3672,5.0,0.0
3673,2.0,0.0
3674,1.0,0.0
3675,8.0,1.0
3676,10.0,17.0
3677,4.0,0.0
3678,1.0,0.0
3679,2.0,0.0
3680,1.0,0.0
3681,33.0,0.0
3682,5.0,0.0
3683,19.0,1.0
3684,7.0,0.0
3685,9.0,0.0
3686,15.0,0.0
3687,1.0,0.0
3688,11.0,0.0
3689,4.0,0.0
3690,5.0,0.0
3691,1.0,0.0
3692,1.0,0.0
3693,8.0,0.0
3694,2.0,0.0
3695,2.0,0.0
3696,3.0,0.0
3697,21.0,0.0
3698,34.0,0.0
3699,13.0,0.0
3700,1.0,0.0
3701,13.0,0.0
3702,38.0,0.0
3703,40.0,0.0
3704,24.0,0.0
3705,8.0,0.0
3706,8.0,0.0
3707,10.0,0.0
3708,10.0,0.0
3709,1.0,0.0
3710,3.0,0.0
3711,1.0,0.0
3712,3.0,1.0
3713,1.0,0.0
3714,1.0,0.0
3715,2.0,0.0
3716,1.0,0.0
3717,61.0,0.0
3719,2.0,0.0
3720,1.0,0.0
3723,5.0,1.0
3724,5.0,1.0
3725,2.0,0.0
3726,5.0,0.0
3727,8.0,0.0
3728,4.0,0.0
3729,3.0,0.0
3730,17.0,1.0
3731,1.0,0.0
3732,4.0,0.0
3733,3.0,0.0
3735,17.0,1.0
3736,1.0,0.0
3737,1.0,0.0
3738,2.0,0.0
3739,1.0,0.0
3740,28.0,0.0
3741,11.0,0.0
3742,10.0,0.0
3743,3.0,0.0
3744,19.0,0.0
3745,29.0,0.0
3746,2.0,0.0
3747,2.0,0.0
3751,78.0,0.0
3752,46.0,0.0
3753,68.0,0.0
3754,9.0,0.0
3755,44.0,0.0
3756,1.0,0.0
3758,2.0,0.0
3760,3.0,0.0
3761,1.0,0.0
3763,16.0,0.0
3764,5.0,0.0
3765,2.0,0.0
3766,6.0,0.0
3767,3.0,0.0
3768,2.0,0.0
3769,3.0,0.0
3770,6.0,0.0
3771,3.0,0.0
3773,2.0,0.0
3774,4.0,0.0
3783,11.0,0.0
3784,11.0,0.0
3785,50.0,0.0
3786,4.0,0.0
3787,2.0,0.0
3788,6.0,0.0
3789,1.0,0.0
3790,2.0,0.0
3791,16.0,0.0
3792,1.0,0.0
3793,133.0,6.0
3794,2.0,0.0
3795,1.0,0.0
3797,3.0,0.0
3798,25.0,0.0
3799,6.0,0.0
3801,4.0,1.0
3802,4.0,0.0
3806,1.0,0.0
3807,1.0,0.0
3808,1.0,0.0
3809,35.0,0.0
3810,3.0,0.0
3811,7.0,1.0
3812,12.0,0.0
3813,3.0,0.0
3814,9.0,0.0
3816,1.0,1.0
3819,3.0,0.0
3821,16.0,0.0
3822,4.0,0.0
3823,2.0,0.0
3824,11.0,0.0
3825,29.0,0.0
3826,39.0,0.0
3827,23.0,0.0
3830,2.0,0.0
3831,11.0,0.0
3832,1.0,0.0
3833,2.0,0.0
3834,2.0,0.0
3835,6.0,0.0
3836,15.0,0.0
3837,3.0,0.0
3838,1.0,0.0
3839,3.0,0.0
3840,5.0,0.0
3841,6.0,0.0
3843,4.0,0.0
3844,9.0,1.0
3845,1.0,0.0
3846,4.0,0.0
3847,1.0,0.0
3849,2.0,1.0
3851,1.0,0.0
3852,13.0,0.0
3855,2.0,0.0
3857,1.0,0.0
3858,5.0,0.0
3859,2.0,2.0
3861,19.0,0.0
3862,2.0,0.0
3863,45.0,0.0
3864,5.0,0.0
3865,4.0,0.0
3868,42.0,0.0
3869,26.0,0.0
3870,1.0,0.0
3871,5.0,0.0
3872,1.0,0.0
3873,7.0,0.0
3877,9.0,1.0
3879,2.0,0.0
3882,34.0,0.0
3884,3.0,0.0
3888,1.0,0.0
3889,6.0,0.0
3893,19.0,0.0
3894,1.0,0.0
3895,1.0,0.0
3896,8.0,0.0
3897,83.0,4.0
3898,2.0,0.0
3899,1.0,0.0
3900,1.0,0.0
3901,2.0,0.0
3906,2.0,0.0
3908,3.0,0.0
3909,4.0,0.0
3910,20.0,2.0
3911,53.0,2.0
3912,2.0,0.0
3914,1.0,0.0
3915,6.0,0.0
3916,41.0,0.0
3917,15.0,0.0
3918,9.0,0.0
3919,1.0,0.0
3920,1.0,0.0
3922,1.0,0.0
3925,6.0,0.0
3926,1.0,0.0
3927,6.0,0.0
3928,4.0,0.0
3929,2.0,0.0
3930,4.0,0.0
3932,2.0,1.0
3933,1.0,0.0
3937,4.0,0.0
3938,2.0,0.0
3939,1.0,0.0
3940,1.0,0.0
3941,1.0,0.0
3942,1.0,0.0
3943,8.0,0.0
3945,1.0,0.0
3946,5.0,0.0
3947,3.0,0.0
3948,91.0,2.0
3949,96.0,3.0
3950,8.0,0.0
3951,1.0,1.0
3952,7.0,0.0
3953,4.0,0.0
3955,6.0,0.0
3957,3.0,0.0
3958,1.0,0.0
3959,8.0,0.0
3962,1.0,0.0
3963,2.0,0.0
3964,3.0,0.0
3965,1.0,0.0
3966,2.0,0.0
3967,37.0,1.0
3968,27.0,0.0
3969,26.0,0.0
3971,2.0,0.0
3972,16.0,0.0
3973,4.0,0.0
3974,1.0,0.0
3977,72.0,0.0
3978,15.0,0.0
3979,24.0,0.0
3980,14.0,0.0
3981,13.0,0.0
3983,9.0,1.0
3984,21.0,0.0
3985,6.0,0.0
3986,20.0,0.0
3987,6.0,0.0
3988,33.0,1.0
3989,2.0,0.0
3990,4.0,0.0
3991,9.0,0.0
3992,5.0,0.0
3993,6.0,0.0
3994,73.0,8.0
3996,110.0,2.0
3997,12.0,0.0
3998,12.0,0.0
3999,14.0,0.0
4000,3.0,0.0
4002,27.0,0.0
4003,3.0,0.0
4005,12.0,0.0
4006,7.0,0.0
4007,20.0,1.0
4008,13.0,0.0
4009,2.0,0.0
4010,8.0,0.0
4011,93.0,0.0
4012,4.0,1.0
4014,47.0,0.0
4015,33.0,1.0
4016,37.0,0.0
4017,14.0,0.0
4018,54.0,0.0
4019,28.0,1.0
4020,13.0,0.0
4021,5.0,0.0
4022,100.0,0.0
4023,23.0,0.0
4024,3.0,1.0
4025,64.0,1.0
4027,94.0,1.0
4029,12.0,1.0
4030,5.0,0.0
4031,2.0,0.0
4032,1.0,0.0
4033,13.0,0.0
4034,70.0,2.0
4035,3.0,0.0
4036,11.0,0.0
4037,8.0,0.0
4039,16.0,0.0
4040,13.0,0.0
4041,14.0,0.0
4042,4.0,0.0
4043,3.0,0.0
4046,1.0,1.0
4047,9.0,0.0
4051,1.0,0.0
4052,8.0,0.0
4053,2.0,0.0
4054,16.0,0.0
4055,2.0,0.0
4056,7.0,0.0
4061,2.0,0.0
4062,8.0,0.0
4063,4.0,0.0
4064,1.0,0.0
4065,1.0,0.0
4066,4.0,0.0
4067,4.0,0.0
4068,7.0,0.0
4069,22.0,0.0
4074,1.0,0.0
4077,2.0,1.0
4078,1.0,0.0
4079,2.0,0.0
4080,2.0,0.0
4081,3.0,0.0
4082,2.0,0.0
4083,1.0,0.0
4084,19.0,0.0
4085,46.0,0.0
4086,5.0,0.0
4089,1.0,0.0
4090,8.0,0.0
4091,4.0,0.0
4092,2.0,0.0
4093,1.0,0.0
4102,6.0,0.0
4103,10.0,0.0
4104,5.0,0.0
4105,22.0,1.0
4109,7.0,0.0
4110,1.0,0.0
4111,1.0,0.0
4113,2.0,1.0
4115,1.0,0.0
4116,1.0,0.0
4117,3.0,1.0
4121,12.0,0.0
4123,1.0,0.0
4124,4.0,0.0
4125,2.0,0.0
4126,4.0,0.0
4127,3.0,0.0
4128,26.0,0.0
4129,1.0,0.0
4130,3.0,0.0
4131,3.0,0.0
4132,8.0,0.0
4133,8.0,0.0
4135,1.0,0.0
4138,2.0,1.0
4139,1.0,0.0
4141,4.0,0.0
4142,2.0,0.0
4143,1.0,0.0
4144,14.0,18.0
4146,3.0,0.0
4147,2.0,0.0
4148,39.0,0.0
4149,11.0,0.0
4152,2.0,0.0
4153,12.0,0.0
4154,2.0,0.0
4155,8.0,0.0
4156,1.0,0.0
4157,1.0,0.0
4158,6.0,0.0
4159,7.0,0.0
4160,4.0,1.0
4161,23.0,0.0
4164,2.0,2.0
4166,2.0,1.0
4167,10.0,0.0
4168,4.0,0.0
4171,1.0,1.0
4174,1.0,1.0
4175,4.0,0.0
4178,6.0,0.0
4180,1.0,0.0
4181,1.0,0.0
4184,1.0,1.0
4187,3.0,0.0
4189,1.0,2.0
4190,2.0,2.0
4191,4.0,1.0
4193,2.0,0.0
4195,3.0,0.0
4197,1.0,0.0
4198,1.0,0.0
4200,2.0,0.0
4202,1.0,0.0
4203,6.0,0.0
4204,1.0,1.0
4205,6.0,0.0
4207,3.0,0.0
4210,6.0,2.0
4211,6.0,1.0
4212,1.0,0.0
4214,13.0,1.0
4215,6.0,0.0
4217,2.0,0.0
4218,1.0,1.0
4219,3.0,0.0
4220,5.0,0.0
4221,4.0,1.0
4223,40.0,5.0
4224,2.0,0.0
4225,7.0,0.0
4226,159.0,13.0
4228,10.0,0.0
4229,4.0,0.0
4231,5.0,0.0
4232,28.0,1.0
4233,6.0,0.0
4234,5.0,0.0
4235,23.0,0.0
4236,1.0,0.0
4237,1.0,0.0
4238,17.0,0.0
4239,51.0,0.0
4240,1.0,0.0
4241,5.0,0.0
4242,1.0,0.0
4243,1.0,0.0
4246,65.0,1.0
4247,21.0,0.0
4248,6.0,0.0
4251,1.0,0.0
4252,2.0,0.0
4254,13.0,0.0
4255,10.0,0.0
4256,3.0,0.0
4259,4.0,1.0
4260,1.0,0.0
4262,67.0,1.0
4263,2.0,1.0
4265,5.0,0.0
4267,5.0,0.0
4268,2.0,0.0
4270,45.0,0.0
4273,2.0,0.0
4275,5.0,0.0
4276,2.0,0.0
4278,3.0,0.0
4280,9.0,0.0
4282,1.0,0.0
4284,1.0,0.0
4285,3.0,0.0
4289,3.0,0.0
4290,1.0,0.0
4291,11.0,0.0
4292,2.0,1.0
4293,4.0,0.0
4294,2.0,0.0
4296,2.0,1.0
4297,2.0,0.0
4298,2.0,0.0
4299,41.0,0.0
4300,3.0,0.0
4304,5.0,0.0
4305,4.0,0.0
4306,170.0,1.0
4307,1.0,0.0
4308,55.0,0.0
4310,43.0,0.0
4312,2.0,1.0
4313,2.0,0.0
4316,2.0,1.0
4317,3.0,0.0
4321,31.0,0.0
4322,10.0,0.0
4323,1.0,0.0
4325,1.0,0.0
4326,11.0,2.0
4327,16.0,0.0
4329,3.0,0.0
4333,10.0,1.0
4334,5.0,0.0
4337,2.0,0.0
4338,1.0,0.0
4339,4.0,0.0
4340,11.0,0.0
4342,1.0,0.0
4343,27.0,2.0
4344,34.0,0.0
4345,3.0,0.0
4347,3.0,1.0
4349,8.0,0.0
4350,2.0,0.0
4351,16.0,0.0
4353,1.0,0.0
4354,1.0,0.0
4355,2.0,0.0
4356,5.0,1.0
4357,1.0,0.0
4359,8.0,1.0
4361,32.0,1.0
4366,19.0,0.0
4367,40.0,0.0
4368,11.0,0.0
4369,45.0,0.0
4370,56.0,5.0
4371,1.0,0.0
4372,5.0,0.0
4373,3.0,0.0
4374,1.0,0.0
4378,14.0,0.0
4380,7.0,1.0
4381,4.0,0.0
4383,5.0,0.0
4384,1.0,0.0
4386,11.0,0.0
4387,9.0,0.0
4388,26.0,0.0
4389,4.0,0.0
4390,2.0,0.0
4392,3.0,0.0
4393,1.0,0.0
4394,1.0,0.0
4395,1.0,0.0
4396,10.0,1.0
4397,2.0,0.0
4399,2.0,0.0
4402,1.0,0.0
4403,2.0,0.0
4404,1.0,1.0
4406,5.0,0.0
4407,1.0,0.0
4408,1.0,0.0
4409,3.0,0.0
4410,1.0,0.0
4412,2.0,0.0
4419,4.0,0.0
4420,1.0,0.0
4422,2.0,0.0
4424,3.0,0.0
4426,2.0,0.0
4427,9.0,0.0
4428,2.0,0.0
4429,2.0,0.0
4432,4.0,0.0
4433,2.0,0.0
4434,1.0,0.0
4436,1.0,0.0
4437,8.0,0.0
4438,3.0,0.0
4439,4.0,0.0
4440,2.0,0.0
4441,3.0,0.0
4442,3.0,0.0
4443,2.0,0.0
4444,3.0,0.0
4445,1.0,0.0
4446,31.0,1.0
4447,64.0,1.0
4448,20.0,2.0
4449,1.0,0.0
4450,7.0,0.0
4451,1.0,0.0
4452,6.0,0.0
4453,1.0,0.0
4454,1.0,7.0
4458,1.0,0.0
4459,1.0,0.0
4462,2.0,0.0
4463,1.0,0.0
4464,5.0,0.0
4465,5.0,1.0
4466,2.0,0.0
4467,13.0,0.0
4470,2.0,0.0
4471,3.0,0.0
4473,1.0,0.0
4474,5.0,0.0
4475,1.0,0.0
4476,3.0,1.0
4477,8.0,1.0
4478,2.0,0.0
4480,3.0,0.0
4482,3.0,0.0
4483,3.0,0.0
4484,2.0,0.0
4487,11.0,0.0
4488,3.0,0.0
4489,24.0,2.0
4490,1.0,0.0
4492,3.0,0.0
4495,1.0,1.0
4496,1.0,0.0
4497,1.0,0.0
4498,6.0,0.0
4499,16.0,0.0
4500,1.0,0.0
4502,4.0,0.0
4504,1.0,0.0
4505,1.0,0.0
4506,3.0,0.0
4508,8.0,0.0
4509,5.0,0.0
4511,1.0,0.0
4516,2.0,0.0
4517,2.0,0.0
4518,4.0,0.0
4519,9.0,0.0
4520,3.0,0.0
4521,1.0,0.0
4522,1.0,0.0
4523,2.0,0.0
4524,1.0,0.0
4526,5.0,1.0
4527,2.0,0.0
4529,4.0,0.0
4531,3.0,0.0
4533,4.0,0.0
4534,2.0,0.0
4535,4.0,0.0
4537,3.0,1.0
4541,2.0,0.0
4544,5.0,0.0
4545,20.0,1.0
4546,6.0,2.0
4552,3.0,6.0
4553,9.0,0.0
4557,1.0,0.0
4558,14.0,1.0
4562,1.0,0.0
4563,3.0,0.0
4564,6.0,0.0
4565,2.0,0.0
4568,1.0,0.0
4571,45.0,1.0
4572,3.0,0.0
4573,1.0,0.0
4574,2.0,0.0
4577,3.0,0.0
4578,2.0,0.0
4580,2.0,0.0
4581,1.0,0.0
4583,1.0,0.0
4584,1.0,0.0
4585,4.0,0.0
4587,8.0,0.0
4589,2.0,0.0
4591,5.0,0.0
4593,2.0,0.0
4594,1.0,0.0
4595,1.0,0.0
4597,1.0,0.0
4599,2.0,0.0
4600,2.0,1.0
4602,3.0,0.0
4603,1.0,0.0
4605,4.0,0.0
4608,2.0,0.0
4610,1.0,0.0
4611,1.0,0.0
4612,1.0,1.0
4613,1.0,0.0
4614,1.0,0.0
4615,1.0,0.0
4616,6.0,0.0
4617,2.0,0.0
4619,2.0,0.0
4621,18.0,1.0
4622,2.0,0.0
4623,20.0,1.0
4624,3.0,0.0
4625,3.0,0.0
4626,2.0,0.0
4628,4.0,0.0
4629,2.0,0.0
4630,1.0,0.0
4632,2.0,0.0
4634,2.0,0.0
4635,1.0,0.0
4636,3.0,0.0
4638,36.0,1.0
4639,18.0,2.0
4640,4.0,0.0
4641,34.0,1.0
4642,11.0,0.0
4643,49.0,0.0
4644,3.0,0.0
4645,1.0,0.0
4646,1.0,0.0
4649,7.0,0.0
4653,1.0,0.0
4654,7.0,0.0
4658,1.0,0.0
4660,1.0,0.0
4661,2.0,0.0
4662,3.0,0.0
4663,3.0,0.0
4666,1.0,0.0
4670,1.0,0.0
4671,1.0,0.0
4672,2.0,0.0
4673,3.0,0.0
4675,1.0,0.0
4676,6.0,0.0
4677,13.0,1.0
4678,9.0,1.0
4679,13.0,0.0
4681,7.0,0.0
4683,2.0,0.0
4686,4.0,0.0
4687,1.0,0.0
4688,3.0,1.0
4689,1.0,0.0
4690,2.0,0.0
4695,1.0,0.0
4697,4.0,0.0
4699,2.0,0.0
4700,27.0,0.0
4701,31.0,0.0
4703,4.0,0.0
4704,1.0,0.0
4705,1.0,0.0
4708,2.0,1.0
4709,3.0,0.0
4710,1.0,0.0
4711,2.0,0.0
4713,7.0,0.0
4714,2.0,0.0
4715,1.0,0.0
4717,1.0,0.0
4718,45.0,0.0
4719,8.0,0.0
4720,55.0,0.0
4721,4.0,0.0
4722,1.0,0.0
4723,3.0,0.0
4725,4.0,4.0
4727,4.0,0.0
4728,18.0,0.0
4732,9.0,0.0
4733,3.0,0.0
4734,34.0,0.0
4735,5.0,0.0
4736,3.0,0.0
4738,4.0,0.0
4740,1.0,0.0
4741,7.0,0.0
4743,2.0,0.0
4744,7.0,0.0
4745,4.0,0.0
4748,6.0,0.0
4749,2.0,0.0
4750,1.0,0.0
4754,6.0,0.0
4756,2.0,0.0
4757,3.0,0.0
4759,1.0,0.0
4765,3.0,0.0
4766,1.0,0.0
4769,1.0,0.0
4770,2.0,0.0
4771,3.0,0.0
4772,1.0,0.0
4773,4.0,0.0
4774,6.0,0.0
4775,1.0,0.0
4776,51.0,0.0
4777,1.0,0.0
4780,2.0,0.0
4782,2.0,0.0
4783,1.0,0.0
4784,2.0,0.0
4785,1.0,0.0
4786,1.0,0.0
4787,10.0,1.0
4788,1.0,0.0
4789,3.0,0.0
4792,4.0,0.0
4794,3.0,0.0
4795,3.0,0.0
4796,2.0,0.0
4798,1.0,0.0
4799,10.0,0.0
4800,1.0,0.0
4801,2.0,1.0
4802,4.0,0.0
4803,4.0,0.0
4804,1.0,0.0
4808,4.0,1.0
4809,3.0,2.0
4810,1.0,0.0
4811,2.0,0.0
4812,6.0,2.0
4813,1.0,0.0
4814,5.0,0.0
4815,6.0,0.0
4816,54.0,6.0
4818,1.0,0.0
4821,5.0,0.0
4822,3.0,0.0
4823,25.0,1.0
4825,1.0,0.0
4826,2.0,0.0
4827,1.0,0.0
4828,1.0,0.0
4830,1.0,0.0
4831,1.0,0.0
4833,3.0,0.0
4835,3.0,1.0
4836,2.0,0.0
4840,1.0,0.0
4844,6.0,0.0
4845,3.0,0.0
4846,5.0,0.0
4847,2.0,0.0
4848,51.0,0.0
4849,3.0,0.0
4850,4.0,0.0
4852,3.0,0.0
4855,20.0,0.0
4857,8.0,2.0
4860,1.0,0.0
4862,3.0,0.0
4863,2.0,0.0
4864,1.0,0.0
4865,20.0,0.0
4866,8.0,0.0
4867,5.0,0.0
4871,1.0,0.0
4873,19.0,0.0
4874,33.0,2.0
4876,12.0,0.0
4877,1.0,0.0
4878,109.0,29.0
4879,1.0,0.0
4880,9.0,0.0
4881,17.0,1.0
4883,1.0,0.0
4885,1.0,0.0
4886,132.0,0.0
4887,14.0,0.0
4888,4.0,0.0
4889,7.0,0.0
4890,31.0,0.0
4893,2.0,0.0
4896,107.0,7.0
4898,4.0,0.0
4899,8.0,0.0
4900,5.0,0.0
4901,27.0,0.0
4902,10.0,1.0
4903,10.0,0.0
4909,2.0,0.0
4911,2.0,0.0
4912,4.0,0.0
4914,8.0,0.0
4915,5.0,0.0
4916,3.0,0.0
4917,1.0,0.0
4919,2.0,0.0
4920,3.0,1.0
4921,5.0,0.0
4925,1.0,0.0
4926,1.0,0.0
4927,1.0,0.0
4928,4.0,0.0
4929,4.0,0.0
4932,1.0,0.0
4936,9.0,0.0
4939,1.0,0.0
4941,8.0,0.0
4942,1.0,0.0
4945,1.0,0.0
4946,1.0,0.0
4947,2.0,0.0
4951,7.0,0.0
4952,1.0,0.0
4953,1.0,0.0
4954,11.0,0.0
4956,3.0,0.0
4957,2.0,0.0
4958,20.0,0.0
4959,2.0,0.0
4961,1.0,0.0
4962,1.0,0.0
4963,119.0,1.0
4964,1.0,0.0
4965,2.0,0.0
4966,1.0,0.0
4967,13.0,0.0
4969,4.0,1.0
4970,1.0,2.0
4971,5.0,0.0
4973,120.0,1.0
4974,14.0,0.0
4975,44.0,0.0
4976,4.0,0.0
4977,2.0,0.0
4978,6.0,0.0
4979,68.0,1.0
4980,20.0,1.0
4981,1.0,0.0
4985,2.0,0.0
4987,2.0,0.0
4988,1.0,0.0
4989,9.0,0.0
4990,5.0,0.0
4991,3.0,0.0
4992,17.0,0.0
4993,198.0,7.0
4994,10.0,0.0
4995,123.0,1.0
4998,1.0,1.0
5004,7.0,0.0
5007,1.0,0.0
5008,9.0,2.0
5009,8.0,0.0
5010,50.0,0.0
5011,2.0,0.0
5012,1.0,2.0
5013,27.0,0.0
5014,17.0,0.0
5015,18.0,1.0
5016,6.0,0.0
5021,3.0,0.0
5023,2.0,0.0
5025,15.0,0.0
5026,14.0,0.0
5027,5.0,0.0
5028,1.0,0.0
5033,2.0,0.0
5034,3.0,1.0
5039,6.0,0.0
5040,8.0,0.0
5041,1.0,0.0
5046,3.0,0.0
5047,9.0,0.0
5048,6.0,0.0
5049,11.0,0.0
5051,2.0,0.0
5053,1.0,0.0
5054,1.0,0.0
5055,8.0,0.0
5059,1.0,0.0
5060,46.0,0.0
5062,2.0,0.0
5063,1.0,0.0
5064,32.0,3.0
5065,13.0,0.0
5066,14.0,0.0
5068,1.0,0.0
5069,2.0,0.0
5071,1.0,0.0
5072,13.0,0.0
5073,3.0,0.0
5074,3.0,0.0
5075,3.0,0.0
5076,3.0,0.0
5077,1.0,0.0
5080,5.0,0.0
5081,5.0,0.0
5083,2.0,0.0
5088,1.0,1.0
5092,5.0,0.0
5093,9.0,0.0
5094,7.0,0.0
5095,1.0,0.0
5096,2.0,0.0
5099,4.0,0.0
5102,4.0,0.0
5103,24.0,0.0
5105,1.0,0.0
5106,7.0,0.0
5107,5.0,0.0
5108,11.0,0.0
5109,1.0,0.0
5110,24.0,0.0
5111,1.0,0.0
5112,1.0,0.0
5113,2.0,0.0
5114,1.0,1.0
5116,1.0,0.0
5120,3.0,1.0
5121,1.0,0.0
5127,3.0,0.0
5128,11.0,0.0
5131,2.0,0.0
5134,2.0,0.0
5135,12.0,1.0
5136,2.0,0.0
5137,3.0,0.0
5139,9.0,1.0
5146,9.0,0.0
5147,4.0,0.0
5151,18.0,0.0
5152,18.0,0.0
5155,1.0,0.0
5156,1.0,0.0
5159,7.0,0.0
5165,2.0,0.0
5168,1.0,0.0
5170,2.0,0.0
5171,22.0,0.0
5177,2.0,0.0
5178,1.0,0.0
5181,2.0,0.0
5187,3.0,0.0
5189,1.0,0.0
5197,1.0,0.0
5198,1.0,0.0
5202,2.0,0.0
5205,2.0,0.0
5209,1.0,0.0
5212,1.0,0.0
5213,1.0,1.0
5214,4.0,0.0
5218,85.0,0.0
5219,30.0,0.0
5220,10.0,0.0
5221,1.0,0.0
5222,4.0,0.0
5224,2.0,1.0
5225,21.0,0.0
5226,2.0,0.0
5231,1.0,0.0
5237,1.0,0.0
5238,2.0,1.0
5239,1.0,0.0
5240,1.0,0.0
5241,1.0,0.0
5244,1.0,0.0
5246,4.0,0.0
5247,9.0,0.0
5248,4.0,0.0
5250,3.0,0.0
5254,34.0,2.0
5255,4.0,0.0
5256,2.0,0.0
5258,2.0,0.0
5264,4.0,0.0
5265,11.0,0.0
5266,37.0,1.0
5267,12.0,0.0
5268,1.0,0.0
5269,1.0,0.0
5272,1.0,0.0
5275,1.0,0.0
5278,1.0,0.0
5279,2.0,0.0
5282,2.0,0.0
5283,22.0,0.0
5284,1.0,0.0
5285,1.0,0.0
5288,2.0,0.0
5291,18.0,4.0
5292,7.0,0.0
5293,9.0,0.0
5294,11.0,1.0
5296,10.0,0.0
5297,2.0,0.0
5298,5.0,0.0
5299,60.0,0.0
5300,1.0,0.0
5303,7.0,0.0
5304,2.0,1.0
5307,1.0,0.0
5308,19.0,0.0
5309,8.0,0.0
5311,1.0,0.0
5312,7.0,0.0
5313,22.0,0.0
5316,7.0,1.0
5319,6.0,0.0
5321,1.0,0.0
5322,1.0,0.0
5323,8.0,0.0
5324,2.0,0.0
5325,7.0,0.0
5328,1.0,0.0
5329,10.0,0.0
5333,3.0,0.0
5334,2.0,0.0
5337,3.0,0.0
5338,1.0,0.0
5339,6.0,0.0
5341,2.0,0.0
5345,1.0,0.0
5346,2.0,0.0
5347,2.0,0.0
5348,1.0,0.0
5349,122.0,1.0
5353,1.0,1.0
5356,1.0,0.0
5357,2.0,0.0
5358,1.0,0.0
5361,2.0,0.0
5363,9.0,0.0
5364,7.0,0.0
5365,1.0,0.0
5372,1.0,0.0
5373,1.0,0.0
5375,1.0,0.0
5377,44.0,1.0
5378,92.0,0.0
5379,6.0,2.0
5380,10.0,0.0
5382,3.0,0.0
5384,1.0,0.0
5385,1.0,0.0
5387,3.0,0.0
5388,33.0,7.0
5389,2.0,0.0
5390,1.0,0.0
5391,3.0,0.0
5397,2.0,0.0
5398,2.0,1.0
5400,17.0,0.0
5401,9.0,0.0
5404,3.0,1.0
5409,2.0,0.0
5410,4.0,0.0
5414,4.0,0.0
5415,4.0,0.0
5416,1.0,0.0
5417,3.0,0.0
5418,112.0,0.0
5419,17.0,0.0
5420,8.0,0.0
5421,6.0,0.0
5422,1.0,0.0
5423,3.0,0.0
5424,1.0,0.0
5425,2.0,0.0
5427,3.0,0.0
5428,4.0,0.0
5433,3.0,0.0
5434,5.0,0.0
5435,1.0,0.0
5437,3.0,0.0
5438,4.0,0.0
5440,1.0,0.0
5442,1.0,0.0
5443,2.0,0.0
5444,29.0,0.0
5445,120.0,1.0
5446,7.0,1.0
5447,2.0,0.0
5448,1.0,0.0
5449,22.0,0.0
5450,5.0,2.0
5451,5.0,2.0
5452,6.0,0.0
5454,2.0,0.0
5455,1.0,0.0
5456,1.0,0.0
5458,1.0,0.0
5459,61.0,3.0
5460,3.0,0.0
5461,1.0,0.0
5462,2.0,0.0
5463,18.0,0.0
5464,49.0,2.0
5465,1.0,0.0
5466,4.0,0.0
5468,1.0,0.0
5470,3.0,1.0
5471,3.0,0.0
5472,2.0,0.0
5475,3.0,1.0
5476,3.0,0.0
5477,4.0,0.0
5478,8.0,0.0
5479,6.0,0.0
5480,5.0,0.0
5481,65.0,0.0
5483,3.0,1.0
5485,3.0,0.0
5486,2.0,0.0
5489,1.0,0.0
5490,1.0,0.0
5493,1.0,0.0
5497,3.0,0.0
5498,1.0,1.0
5499,2.0,0.0
5500,10.0,0.0
5501,7.0,0.0
5502,63.0,1.0
5503,1.0,0.0
5504,7.0,0.0
5505,12.0,2.0
5506,3.0,0.0
5507,24.0,0.0
5508,7.0,0.0
5512,2.0,0.0
5513,1.0,0.0
5515,1.0,0.0
5521,2.0,0.0
5522,4.0,0.0
5523,3.0,0.0
5524,8.0,0.0
5525,1.0,0.0
5527,4.0,2.0
5528,19.0,2.0
5529,2.0,0.0
5530,7.0,0.0
5531,2.0,0.0
5532,1.0,0.0
5537,1.0,0.0
5538,2.0,0.0
5539,2.0,0.0
5540,9.0,0.0
5541,15.0,0.0
5543,2.0,0.0
5544,4.0,0.0
5548,5.0,1.0
5550,1.0,0.0
5553,8.0,0.0
5556,3.0,0.0
5560,1.0,0.0
5562,1.0,0.0
5563,3.0,0.0
5564,2.0,0.0
5568,7.0,0.0
5569,2.0,0.0
5570,5.0,0.0
5572,7.0,0.0
5573,7.0,0.0
5574,26.0,0.0
5575,1.0,0.0
5577,12.0,1.0
5580,1.0,0.0
5581,1.0,0.0
5582,8.0,0.0
5584,1.0,0.0
5585,6.0,0.0
5588,2.0,0.0
5589,3.0,0.0
5590,1.0,0.0
5591,1.0,0.0
5596,1.0,0.0
5597,2.0,0.0
5601,1.0,1.0
5602,1.0,0.0
5603,2.0,2.0
5604,1.0,0.0
5607,1.0,0.0
5608,11.0,0.0
5609,2.0,0.0
5610,3.0,0.0
5611,2.0,0.0
5612,1.0,0.0
5613,3.0,0.0
5614,1.0,0.0
5615,1.0,0.0
5617,25.0,0.0
5618,87.0,1.0
5619,2.0,0.0
5620,28.0,0.0
5621,10.0,0.0
5625,3.0,0.0
5628,5.0,0.0
5629,1.0,1.0
5630,31.0,1.0
5632,5.0,0.0
5633,2.0,1.0
5635,1.0,0.0
5636,2.0,0.0
5637,2.0,0.0
5638,1.0,0.0
5640,1.0,0.0
5643,3.0,0.0
5644,3.0,2.0
5646,4.0,0.0
5649,1.0,0.0
5650,11.0,0.0
5651,1.0,0.0
5657,1.0,0.0
5663,1.0,0.0
5664,1.0,0.0
5665,5.0,0.0
5666,5.0,0.0
5667,2.0,0.0
5668,4.0,0.0
5669,58.0,1.0
5670,2.0,0.0
5672,2.0,0.0
5673,33.0,13.0
5675,1.0,0.0
5678,3.0,0.0
5679,47.0,0.0
5680,3.0,0.0
5682,2.0,1.0
5684,1.0,0.0
5685,2.0,1.0
5688,2.0,0.0
5689,1.0,0.0
5690,16.0,9.0
5693,11.0,0.0
5694,2.0,1.0
5696,3.0,0.0
5699,1.0,0.0
5700,1.0,0.0
5704,1.0,0.0
5706,1.0,0.0
5707,2.0,0.0
5710,2.0,0.0
5712,4.0,0.0
5720,1.0,0.0
5723,1.0,0.0
5733,1.0,0.0
5735,2.0,0.0
5736,1.0,0.0
5741,1.0,0.0
5742,1.0,0.0
5745,1.0,0.0
5746,1.0,0.0
5747,7.0,1.0
5749,1.0,0.0
5752,1.0,0.0
5755,2.0,0.0
5764,1.0,0.0
5767,1.0,0.0
5768,1.0,0.0
5771,1.0,0.0
5772,2.0,0.0
5773,1.0,0.0
5779,1.0,0.0
5780,1.0,0.0
5782,19.0,0.0
5784,9.0,0.0
5785,17.0,0.0
5786,1.0,0.0
5787,1.0,0.0
5788,3.0,0.0
5791,16.0,1.0
5792,6.0,1.0
5796,5.0,0.0
5797,1.0,0.0
5799,1.0,0.0
5801,1.0,0.0
5802,1.0,1.0
5803,7.0,0.0
5804,5.0,0.0
5809,4.0,0.0
5810,41.0,0.0
5812,11.0,1.0
5816,102.0,2.0
5817,1.0,0.0
5818,1.0,0.0
5820,3.0,1.0
5826,1.0,0.0
5828,1.0,0.0
5829,1.0,0.0
5833,3.0,0.0
5836,1.0,0.0
5838,1.0,0.0
5839,1.0,0.0
5840,1.0,0.0
5841,3.0,0.0
5843,4.0,0.0
5847,1.0,0.0
5849,1.0,0.0
5853,2.0,0.0
5856,1.0,0.0
5863,1.0,0.0
5867,2.0,0.0
5872,27.0,0.0
5873,4.0,0.0
5874,5.0,0.0
5875,1.0,1.0
5876,5.0,1.0
5878,14.0,1.0
5879,4.0,0.0
5880,2.0,0.0
5881,20.0,0.0
5882,8.0,0.0
5883,1.0,0.0
5884,1.0,0.0
5888,1.0,0.0
5889,1.0,0.0
5890,2.0,0.0
5891,4.0,0.0
5893,2.0,0.0
5896,1.0,0.0
5899,4.0,1.0
5900,8.0,0.0
5901,1.0,0.0
5902,46.0,0.0
5903,44.0,0.0
5909,5.0,0.0
5912,1.0,0.0
5915,2.0,0.0
5919,2.0,0.0
5922,1.0,0.0
5925,2.0,0.0
5927,1.0,0.0
5929,1.0,0.0
5932,2.0,0.0
5938,2.0,0.0
5941,6.0,0.0
5942,6.0,0.0
5943,19.0,0.0
5944,19.0,0.0
5945,26.0,0.0
5947,1.0,0.0
5949,2.0,0.0
5951,4.0,0.0
5952,188.0,2.0
5953,1.0,0.0
5954,22.0,2.0
5955,9.0,0.0
5956,55.0,0.0
5957,19.0,0.0
5959,9.0,0.0
5961,1.0,0.0
5962,1.0,0.0
5963,2.0,0.0
5965,3.0,0.0
5968,1.0,0.0
5969,1.0,0.0
5970,10.0,0.0
5971,37.0,1.0
5974,1.0,0.0
5975,1.0,0.0
5979,1.0,0.0
5980,2.0,0.0
5984,2.0,0.0
5986,1.0,0.0
5988,4.0,0.0
5989,115.0,8.0
5990,1.0,0.0
5991,49.0,3.0
5992,15.0,0.0
5993,5.0,0.0
5994,2.0,1.0
5995,46.0,3.0
5999,2.0,0.0
6001,7.0,0.0
6002,3.0,3.0
6003,15.0,1.0
6005,3.0,0.0
6006,8.0,0.0
6009,1.0,0.0
6012,4.0,0.0
6013,2.0,0.0
6014,5.0,0.0
6016,75.0,6.0
6020,1.0,1.0
6021,1.0,0.0
6022,3.0,0.0
6023,2.0,0.0
6025,5.0,0.0
6027,3.0,1.0
6030,1.0,0.0
6031,2.0,2.0
6033,1.0,0.0
6035,2.0,0.0
6036,1.0,0.0
6039,4.0,0.0
6040,4.0,0.0
6041,3.0,1.0
6042,1.0,0.0
6044,1.0,0.0
6049,1.0,0.0
6051,3.0,0.0
6055,2.0,0.0
6057,1.0,0.0
6058,10.0,2.0
6059,17.0,0.0
6060,2.0,0.0
6062,6.0,0.0
6063,3.0,1.0
6064,1.0,0.0
6067,1.0,0.0
6070,1.0,0.0
6078,2.0,0.0
6086,1.0,0.0
6090,1.0,1.0
6093,4.0,0.0
6095,1.0,0.0
6100,3.0,0.0
6101,1.0,3.0
6104,9.0,1.0
6107,1.0,1.0
6111,1.0,0.0
6116,2.0,0.0
6119,1.0,0.0
6122,2.0,0.0
6123,1.0,0.0
6124,2.0,0.0
6125,1.0,0.0
6140,2.0,0.0
6141,1.0,0.0
6143,2.0,0.0
6145,1.0,0.0
6148,3.0,0.0
6153,2.0,0.0
6155,29.0,0.0
6156,19.0,1.0
6157,32.0,2.0
6158,1.0,0.0
6159,2.0,1.0
6162,3.0,0.0
6163,1.0,1.0
6166,8.0,0.0
6169,2.0,0.0
6170,3.0,1.0
6178,1.0,3.0
6181,1.0,2.0
6182,1.0,0.0
6183,3.0,2.0
6184,4.0,0.0
6185,3.0,0.0
6186,1.0,0.0
6187,8.0,0.0
6188,39.0,2.0
6192,1.0,0.0
6193,3.0,0.0
6195,2.0,2.0
6196,3.0,0.0
6197,3.0,1.0
6201,1.0,1.0
6202,1.0,0.0
6203,2.0,0.0
6204,1.0,0.0
6210,1.0,0.0
6212,6.0,0.0
6213,7.0,0.0
6214,9.0,2.0
6215,3.0,0.0
6216,2.0,1.0
6217,2.0,0.0
6218,40.0,1.0
6219,3.0,0.0
6220,4.0,0.0
6222,1.0,0.0
6223,2.0,0.0
6225,1.0,0.0
6228,1.0,1.0
6232,1.0,2.0
6234,1.0,0.0
6235,3.0,2.0
6237,1.0,0.0
6238,9.0,1.0
6239,2.0,0.0
6241,1.0,0.0
6242,11.0,1.0
6244,2.0,1.0
6245,1.0,1.0
6246,1.0,0.0
6249,4.0,0.0
6250,7.0,0.0
6251,1.0,0.0
6252,4.0,0.0
6254,2.0,1.0
6263,2.0,0.0
6264,8.0,0.0
6265,2.0,0.0
6266,8.0,0.0
6267,1.0,0.0
6268,2.0,1.0
6269,2.0,1.0
6270,3.0,0.0
6271,1.0,0.0
6273,1.0,1.0
6279,1.0,0.0
6280,2.0,0.0
6281,32.0,1.0
6283,20.0,3.0
6285,1.0,0.0
6286,4.0,1.0
6287,34.0,0.0
6288,4.0,1.0
6289,1.0,1.0
6290,7.0,1.0
6291,3.0,4.0
6294,11.0,0.0
6295,1.0,0.0
6296,14.0,1.0
6297,20.0,1.0
6298,3.0,0.0
6299,9.0,1.0
6300,3.0,0.0
6301,5.0,0.0
6302,1.0,0.0
6303,8.0,0.0
6305,10.0,1.0
6306,3.0,0.0
6308,4.0,1.0
6310,1.0,0.0
6313,2.0,0.0
6314,2.0,0.0
6315,3.0,0.0
6316,1.0,0.0
6319,3.0,0.0
6320,2.0,0.0
6322,6.0,0.0
6323,22.0,1.0
6324,2.0,0.0
6327,3.0,2.0
6329,1.0,0.0
6330,2.0,0.0
6331,13.0,1.0
6332,4.0,0.0
6333,76.0,5.0
6334,3.0,1.0
6335,3.0,0.0
6336,1.0,0.0
6337,4.0,1.0
6338,6.0,0.0
6339,4.0,1.0
6341,4.0,1.0
6342,1.0,0.0
6344,1.0,0.0
6345,3.0,0.0
6347,1.0,0.0
6348,3.0,0.0
6349,3.0,0.0
6350,24.0,1.0
6357,2.0,0.0
6358,1.0,0.0
6365,96.0,0.0
6367,10.0,3.0
6368,4.0,1.0
6370,5.0,0.0
6371,1.0,0.0
6373,71.0,2.0
6374,3.0,0.0
6375,4.0,2.0
6376,2.0,0.0
6377,141.0,3.0
6378,59.0,1.0
6379,2.0,0.0
6380,7.0,1.0
6382,1.0,0.0
6383,19.0,0.0
6385,14.0,1.0
6386,1.0,0.0
6387,3.0,0.0
6390,1.0,1.0
6395,1.0,0.0
6400,1.0,2.0
6402,1.0,0.0
6405,2.0,0.0
6407,1.0,2.0
6408,1.0,0.0
6410,2.0,0.0
6412,2.0,0.0
6415,1.0,0.0
6417,1.0,0.0
6422,1.0,1.0
6424,1.0,0.0
6425,2.0,0.0
6427,1.0,0.0
6428,2.0,0.0
6429,1.0,0.0
6433,3.0,0.0
6434,1.0,0.0
6436,3.0,0.0
6440,14.0,1.0
6442,2.0,0.0
6448,2.0,0.0
6449,1.0,0.0
6452,1.0,1.0
6453,1.0,0.0
6454,1.0,1.0
6460,5.0,0.0
6461,6.0,0.0
6464,2.0,0.0
6465,1.0,0.0
6466,3.0,1.0
6476,1.0,0.0
6477,1.0,0.0
6480,1.0,0.0
6482,11.0,0.0
6483,3.0,0.0
6484,7.0,0.0
6493,1.0,0.0
6502,58.0,2.0
6503,27.0,0.0
6506,1.0,0.0
6509,2.0,0.0
6510,1.0,0.0
6514,1.0,0.0
6515,1.0,1.0
6516,1.0,1.0
6517,2.0,0.0
6523,2.0,0.0
6527,1.0,0.0
6528,1.0,0.0
6530,2.0,0.0
6533,1.0,0.0
6534,33.0,4.0
6535,11.0,1.0
6536,6.0,1.0
6537,45.0,0.0
6538,5.0,0.0
6539,149.0,1.0
6541,32.0,6.0
6542,1.0,0.0
6545,1.0,1.0
6547,2.0,1.0
6548,17.0,0.0
6549,3.0,0.0
6550,13.0,0.0
6551,1.0,0.0
6552,12.0,1.0
6553,1.0,0.0
6554,2.0,0.0
6557,1.0,0.0
6558,3.0,0.0
6559,4.0,0.0
6560,1.0,0.0
6561,1.0,0.0
6563,1.0,0.0
6564,17.0,3.0
6565,18.0,1.0
6566,3.0,0.0
6567,3.0,0.0
6568,2.0,0.0
6571,1.0,0.0
6572,2.0,0.0
6573,1.0,0.0
6574,1.0,0.0
6577,2.0,0.0
6578,1.0,0.0
6579,2.0,1.0
6581,2.0,0.0
6582,3.0,0.0
6583,1.0,0.0
6584,3.0,0.0
6586,16.0,0.0
6587,1.0,0.0
6588,1.0,0.0
6591,6.0,1.0
6592,1.0,1.0
6593,24.0,0.0
6595,14.0,0.0
6596,1.0,0.0
6597,1.0,0.0
6598,1.0,0.0
6603,1.0,1.0
6604,1.0,0.0
6609,1.0,1.0
6611,1.0,0.0
6612,2.0,0.0
6614,3.0,0.0
6615,9.0,0.0
6616,2.0,0.0
6617,9.0,0.0
6618,17.0,0.0
6619,6.0,0.0
6620,18.0,1.0
6624,5.0,0.0
6625,4.0,0.0
6628,1.0,0.0
6629,3.0,0.0
6631,2.0,0.0
6636,4.0,1.0
6638,3.0,0.0
6639,7.0,1.0
6643,4.0,0.0
6644,1.0,0.0
6645,7.0,0.0
6650,3.0,3.0
6654,1.0,0.0
6656,1.0,0.0
6658,4.0,0.0
6659,16.0,0.0
6660,1.0,1.0
6662,11.0,1.0
6663,5.0,0.0
6664,6.0,0.0
6665,1.0,0.0
6666,5.0,0.0
6667,1.0,1.0
6669,6.0,5.0
6670,2.0,0.0
6671,1.0,0.0
6678,1.0,0.0
6679,1.0,0.0
6684,2.0,0.0
6686,5.0,0.0
6687,4.0,0.0
6688,1.0,0.0
6689,1.0,0.0
6691,1.0,0.0
6692,1.0,0.0
6695,4.0,0.0
6696,1.0,0.0
6699,1.0,0.0
6702,5.0,0.0
6705,1.0,0.0
6706,1.0,0.0
6707,8.0,0.0
6708,34.0,2.0
6709,14.0,0.0
6710,4.0,1.0
6711,74.0,2.0
6713,5.0,1.0
6715,1.0,0.0
6718,1.0,0.0
6720,2.0,0.0
6721,7.0,0.0
6722,1.0,0.0
6723,2.0,0.0
6724,5.0,1.0
6731,8.0,0.0
6732,2.0,1.0
6734,2.0,0.0
6744,4.0,1.0
6746,1.0,0.0
6748,1.0,0.0
6750,3.0,0.0
6751,1.0,0.0
6752,1.0,0.0
6753,12.0,1.0
6754,33.0,0.0
6755,14.0,0.0
6760,2.0,0.0
6763,7.0,0.0
6764,17.0,0.0
6765,9.0,0.0
6768,1.0,1.0
6769,1.0,0.0
6770,2.0,2.0
6772,1.0,0.0
6773,22.0,1.0
6774,8.0,0.0
6775,1.0,0.0
6776,3.0,1.0
6777,5.0,0.0
6780,2.0,0.0
6782,1.0,0.0
6783,3.0,0.0
6785,4.0,1.0
6786,4.0,1.0
6787,27.0,3.0
6788,1.0,1.0
6789,1.0,0.0
6790,3.0,0.0
6791,5.0,1.0
6793,11.0,0.0
6794,5.0,0.0
6796,18.0,0.0
6797,1.0,0.0
6798,2.0,0.0
6800,3.0,0.0
6803,1.0,0.0
6804,1.0,0.0
6807,40.0,1.0
6808,4.0,0.0
6809,1.0,0.0
6810,5.0,1.0
6811,5.0,0.0
6812,2.0,0.0
6814,1.0,0.0
6816,1.0,0.0
6817,1.0,0.0
6818,2.0,5.0
6820,6.0,1.0
6821,1.0,0.0
6827,3.0,0.0
6832,5.0,1.0
6835,1.0,0.0
6836,1.0,0.0
6837,1.0,0.0
6850,3.0,0.0
6851,2.0,0.0
6852,4.0,5.0
6853,1.0,0.0
6856,2.0,1.0
6857,13.0,0.0
6858,2.0,0.0
6860,1.0,0.0
6862,2.0,0.0
6863,66.0,1.0
6867,12.0,1.0
6868,7.0,0.0
6869,3.0,0.0
6870,52.0,2.0
6872,4.0,0.0
6873,20.0,0.0
6874,131.0,2.0
6879,17.0,0.0
6880,7.0,0.0
6881,7.0,1.0
6882,1.0,0.0
6883,1.0,0.0
6884,2.0,0.0
6885,3.0,0.0
6886,1.0,0.0
6887,5.0,0.0
6888,20.0,0.0
6889,2.0,0.0
6890,9.0,2.0
6893,10.0,0.0
6898,3.0,0.0
6899,1.0,0.0
6902,2.0,0.0
6909,2.0,1.0
6911,1.0,0.0
6912,1.0,1.0
6918,2.0,1.0
6920,3.0,0.0
6927,1.0,0.0
6932,7.0,1.0
6934,79.0,0.0
6935,1.0,0.0
6936,39.0,1.0
6938,1.0,2.0
6939,1.0,0.0
6942,59.0,0.0
6944,13.0,2.0
6945,2.0,0.0
6946,2.0,0.0
6947,36.0,0.0
6948,1.0,2.0
6949,1.0,0.0
6950,3.0,0.0
6951,5.0,0.0
6952,9.0,0.0
6953,25.0,1.0
6954,3.0,0.0
6957,26.0,0.0
6958,10.0,0.0
6959,3.0,0.0
6961,1.0,0.0
6962,1.0,0.0
6963,2.0,1.0
6965,1.0,0.0
6966,3.0,0.0
6967,1.0,0.0
6969,1.0,0.0
6970,2.0,1.0
6971,1.0,0.0
6973,1.0,0.0
6974,6.0,0.0
6975,5.0,0.0
6978,4.0,0.0
6979,21.0,1.0
6981,2.0,1.0
6982,1.0,0.0
6983,1.0,0.0
6984,1.0,1.0
6985,5.0,1.0
6986,1.0,0.0
6987,7.0,0.0
6989,4.0,0.0
6990,1.0,0.0
6992,2.0,0.0
6993,13.0,1.0
6994,2.0,0.0
6996,7.0,0.0
6997,2.0,0.0
6998,1.0,0.0
6999,2.0,0.0
7000,4.0,0.0
7001,6.0,0.0
7004,17.0,0.0
7005,1.0,0.0
7007,8.0,0.0
7008,5.0,0.0
7009,3.0,0.0
7010,3.0,0.0
7012,1.0,0.0
7013,7.0,1.0
7015,3.0,0.0
7016,3.0,0.0
7017,3.0,0.0
7018,5.0,2.0
7019,2.0,0.0
7022,30.0,10.0
7023,1.0,1.0
7024,3.0,7.0
7025,2.0,1.0
7026,4.0,0.0
7027,5.0,0.0
7028,7.0,0.0
7030,2.0,0.0
7031,1.0,0.0
7032,1.0,0.0
7033,4.0,0.0
7034,8.0,0.0
7036,7.0,0.0
7037,1.0,0.0
7038,1.0,0.0
7040,1.0,0.0
7041,1.0,0.0
7044,5.0,0.0
7045,3.0,0.0
7046,11.0,0.0
7047,1.0,0.0
7048,4.0,0.0
7049,1.0,1.0
7050,2.0,1.0
7051,2.0,0.0
7052,1.0,0.0
7053,1.0,1.0
7054,2.0,0.0
7055,1.0,1.0
7056,2.0,0.0
7057,1.0,0.0
7058,1.0,0.0
7059,2.0,1.0
7060,3.0,0.0
7061,1.0,1.0
7062,1.0,2.0
7063,8.0,0.0
7064,6.0,0.0
7065,1.0,0.0
7067,2.0,0.0
7069,4.0,2.0
7070,1.0,1.0
7071,1.0,1.0
7072,3.0,0.0
7073,1.0,1.0
7074,1.0,0.0
7075,1.0,0.0
7076,8.0,0.0
7078,3.0,2.0
7079,2.0,1.0
7080,3.0,0.0
7082,2.0,0.0
7083,1.0,0.0
7084,4.0,0.0
7085,2.0,0.0
7086,1.0,1.0
7087,2.0,1.0
7088,1.0,1.0
7089,2.0,0.0
7090,38.0,1.0
7091,2.0,1.0
7092,2.0,0.0
7093,2.0,0.0
7096,1.0,0.0
7099,23.0,0.0
7101,6.0,0.0
7102,4.0,0.0
7103,1.0,0.0
7104,3.0,0.0
7107,2.0,0.0
7108,2.0,0.0
7109,1.0,0.0
7114,1.0,0.0
7115,5.0,0.0
7116,4.0,0.0
7117,5.0,0.0
7118,2.0,0.0
7121,4.0,1.0
7122,1.0,0.0
7123,9.0,0.0
7124,3.0,0.0
7125,1.0,0.0
7127,1.0,0.0
7131,1.0,0.0
7132,9.0,2.0
7134,1.0,0.0
7137,10.0,0.0
7139,7.0,1.0
7141,1.0,1.0
7142,3.0,0.0
7143,62.0,0.0
7147,69.0,4.0
7149,17.0,0.0
7150,10.0,0.0
7151,12.0,0.0
7153,185.0,10.0
7154,10.0,0.0
7155,8.0,0.0
7156,13.0,1.0
7158,9.0,1.0
7160,17.0,1.0
7161,8.0,0.0
7162,12.0,1.0
7163,17.0,0.0
7164,6.0,0.0
7165,1.0,0.0
7167,1.0,0.0
7169,8.0,0.0
7171,2.0,0.0
7173,24.0,0.0
7175,2.0,0.0
7176,1.0,0.0
7177,1.0,0.0
7178,1.0,0.0
7179,1.0,0.0
7181,1.0,0.0
7184,1.0,0.0
7190,1.0,1.0
7191,1.0,0.0
7192,2.0,0.0
7193,2.0,0.0
7202,1.0,0.0
7205,1.0,0.0
7206,3.0,0.0
7208,2.0,0.0
7209,3.0,0.0
7211,1.0,0.0
7212,2.0,2.0
7215,4.0,0.0
7216,3.0,0.0
7217,1.0,1.0
7218,1.0,1.0
7219,1.0,1.0
7222,2.0,0.0
7223,1.0,0.0
7225,3.0,0.0
7228,4.0,0.0
7234,6.0,1.0
7235,6.0,0.0
7236,3.0,0.0
7238,1.0,0.0
7243,1.0,0.0
7245,1.0,0.0
7247,11.0,0.0
7248,1.0,0.0
7251,1.0,0.0
7254,46.0,4.0
7255,8.0,0.0
7256,8.0,1.0
7257,4.0,0.0
7258,4.0,0.0
7259,4.0,0.0
7260,1.0,0.0
7261,3.0,0.0
7262,1.0,0.0
7263,10.0,0.0
7264,1.0,0.0
7265,13.0,0.0
7266,1.0,0.0
7282,1.0,0.0
7285,9.0,1.0
7292,1.0,0.0
7293,47.0,0.0
7294,4.0,0.0
7297,3.0,0.0
7299,3.0,0.0
7301,3.0,2.0
7302,1.0,0.0
7303,4.0,0.0
7304,1.0,0.0
7305,2.0,0.0
7306,1.0,0.0
7307,2.0,0.0
7308,1.0,0.0
7310,3.0,0.0
7311,3.0,0.0
7312,1.0,0.0
7315,2.0,0.0
7316,4.0,0.0
7317,15.0,0.0
7318,13.0,1.0
7319,6.0,0.0
7320,5.0,0.0
7321,2.0,0.0
7323,23.0,1.0
7324,11.0,0.0
7325,21.0,0.0
7326,1.0,0.0
7327,6.0,0.0
7328,1.0,0.0
7333,2.0,0.0
7335,1.0,0.0
7336,1.0,0.0
7340,4.0,0.0
7344,1.0,0.0
7345,1.0,0.0
7346,20.0,0.0
7347,15.0,0.0
7348,3.0,0.0
7349,1.0,0.0
7352,2.0,0.0
7354,3.0,0.0
7357,1.0,0.0
7360,16.0,0.0
7361,131.0,34.0
7362,4.0,0.0
7364,1.0,0.0
7366,8.0,0.0
7367,14.0,0.0
7368,1.0,0.0
7369,4.0,0.0
7371,20.0,1.0
7372,1.0,0.0
7373,41.0,0.0
7375,7.0,0.0
7376,6.0,0.0
7377,1.0,0.0
7379,6.0,0.0
7380,7.0,0.0
7381,7.0,0.0
7382,2.0,3.0
7386,4.0,0.0
7387,20.0,0.0
7390,1.0,0.0
7394,1.0,0.0
7395,2.0,0.0
7396,7.0,0.0
7411,1.0,0.0
7414,1.0,0.0
7419,7.0,0.0
7438,110.0,1.0
7439,14.0,1.0
7440,2.0,1.0
7443,1.0,0.0
7444,21.0,1.0
7445,35.0,0.0
7448,4.0,0.0
7449,2.0,0.0
7450,4.0,0.0
7451,39.0,4.0
7454,24.0,0.0
7455,1.0,0.0
7457,1.0,0.0
7458,48.0,0.0
7459,1.0,0.0
7460,6.0,0.0
7477,1.0,0.0
7479,1.0,1.0
7481,4.0,0.0
7482,13.0,0.0
7486,2.0,0.0
7487,1.0,0.0
7492,1.0,0.0
7493,2.0,1.0
7541,4.0,0.0
7560,1.0,0.0
7561,1.0,0.0
7562,1.0,0.0
7564,2.0,0.0
7566,3.0,0.0
7569,12.0,0.0
7570,8.0,0.0
7572,1.0,1.0
7573,8.0,0.0
7579,3.0,0.0
7581,2.0,0.0
7584,2.0,2.0
7587,4.0,0.0
7614,2.0,1.0
7615,1.0,0.0
7616,1.0,0.0
7618,2.0,2.0
7619,3.0,2.0
7620,1.0,0.0
7624,6.0,0.0
7636,1.0,0.0
7646,2.0,1.0
7647,2.0,0.0
7649,5.0,1.0
7650,3.0,0.0
7657,2.0,0.0
7669,9.0,0.0
7698,5.0,0.0
7700,5.0,1.0
7701,7.0,0.0
7702,1.0,0.0
7704,1.0,0.0
7705,2.0,2.0
7706,4.0,0.0
7707,1.0,0.0
7708,1.0,0.0
7713,1.0,1.0
7714,1.0,1.0
7716,1.0,0.0
7720,4.0,0.0
7727,1.0,0.0
7728,3.0,1.0
7730,1.0,0.0
7742,1.0,0.0
7743,2.0,0.0
7745,1.0,0.0
7748,4.0,1.0
7749,1.0,0.0
7753,2.0,0.0
7756,2.0,0.0
7757,6.0,0.0
7762,4.0,0.0
7766,4.0,1.0
7767,2.0,0.0
7772,1.0,0.0
7773,2.0,0.0
7781,1.0,0.0
7782,2.0,0.0
7786,1.0,0.0
7789,2.0,1.0
7802,8.0,0.0
7810,3.0,0.0
7811,1.0,0.0
7812,3.0,0.0
7815,1.0,0.0
7820,2.0,0.0
7822,1.0,0.0
7826,1.0,0.0
7831,1.0,1.0
7832,1.0,1.0
7833,1.0,1.0
7834,3.0,1.0
7835,1.0,1.0
7839,1.0,0.0
7840,3.0,0.0
7841,2.0,0.0
7842,4.0,0.0
7843,1.0,0.0
7844,2.0,0.0
7845,5.0,0.0
7846,3.0,0.0
7879,1.0,0.0
7882,1.0,0.0
7883,2.0,0.0
7884,2.0,0.0
7888,2.0,0.0
7889,2.0,0.0
7891,1.0,0.0
7894,4.0,0.0
7895,2.0,0.0
7896,1.0,0.0
7899,1.0,0.0
7900,1.0,0.0
7916,1.0,0.0
7920,1.0,0.0
7924,1.0,1.0
7925,2.0,0.0
7926,1.0,1.0
7930,2.0,0.0
7932,3.0,6.0
7934,7.0,1.0
7936,1.0,1.0
7937,2.0,0.0
7938,1.0,0.0
7939,1.0,0.0
7940,1.0,0.0
7943,1.0,0.0
7944,1.0,0.0
7951,1.0,0.0
7976,1.0,0.0
7979,1.0,0.0
7980,7.0,0.0
7981,9.0,1.0
7982,4.0,0.0
7983,5.0,1.0
7984,1.0,0.0
7986,1.0,0.0
7987,1.0,0.0
7988,1.0,0.0
7991,3.0,0.0
7993,1.0,0.0
8008,3.0,0.0
8010,1.0,0.0
8011,4.0,1.0
8012,3.0,0.0
8014,10.0,1.0
8015,1.0,0.0
8016,2.0,0.0
8019,1.0,1.0
8024,2.0,0.0
8025,1.0,0.0
8033,3.0,1.0
8035,2.0,0.0
8042,7.0,0.0
8043,1.0,0.0
8044,3.0,0.0
8045,1.0,0.0
8057,1.0,0.0
8092,1.0,0.0
8093,1.0,0.0
8094,1.0,1.0
8117,1.0,0.0
8118,1.0,0.0
8119,3.0,0.0
8121,2.0,0.0
8125,1.0,0.0
8126,1.0,0.0
8128,5.0,0.0
8131,1.0,0.0
8132,9.0,0.0
8136,1.0,0.0
8137,1.0,0.0
8138,2.0,0.0
8142,2.0,0.0
8143,1.0,0.0
8147,1.0,0.0
8153,1.0,1.0
8154,6.0,0.0
8157,5.0,0.0
8158,1.0,0.0
8167,2.0,1.0
8169,7.0,0.0
8183,3.0,1.0
8188,1.0,1.0
8189,1.0,0.0
8190,1.0,1.0
8191,1.0,1.0
8195,2.0,0.0
8196,1.0,0.0
8197,1.0,1.0
8199,2.0,0.0
8207,6.0,1.0
8225,1.0,0.0
8228,17.0,1.0
8232,1.0,0.0
8235,2.0,1.0
8236,1.0,0.0
8238,1.0,0.0
8239,1.0,0.0
8241,1.0,0.0
8253,5.0,0.0
8254,6.0,0.0
8261,3.0,0.0
8264,1.0,0.0
8266,5.0,1.0
8268,2.0,0.0
8270,2.0,0.0
8275,1.0,1.0
8290,2.0,0.0
8293,1.0,0.0
8302,1.0,0.0
8327,2.0,0.0
8331,1.0,0.0
8335,1.0,1.0
8336,1.0,0.0
8337,2.0,1.0
8338,1.0,2.0
8340,7.0,0.0
8341,3.0,1.0
8360,92.0,1.0
8361,50.0,0.0
8362,4.0,0.0
8363,2.0,0.0
8364,4.0,0.0
8366,14.0,2.0
8368,93.0,2.0
8369,3.0,0.0
8370,12.0,0.0
8371,23.0,0.0
8372,5.0,0.0
8373,12.0,0.0
8375,1.0,1.0
8376,37.0,1.0
8378,1.0,0.0
8379,1.0,1.0
8380,1.0,0.0
8382,1.0,1.0
8383,1.0,0.0
8385,1.0,0.0
8387,5.0,0.0
8391,1.0,0.0
8402,1.0,0.0
8405,2.0,0.0
8410,1.0,0.0
8424,1.0,1.0
8425,1.0,0.0
8426,1.0,0.0
8427,1.0,0.0
8446,1.0,1.0
8447,1.0,0.0
8450,1.0,0.0
8451,2.0,0.0
8454,1.0,0.0
8456,1.0,0.0
8458,1.0,0.0
8459,1.0,0.0
8461,1.0,0.0
8462,1.0,0.0
8463,1.0,1.0
8464,50.0,2.0
8465,1.0,0.0
8477,2.0,1.0
8481,1.0,0.0
8482,2.0,0.0
8484,1.0,0.0
8487,2.0,0.0
8491,3.0,0.0
8492,2.0,0.0
8493,6.0,0.0
8494,1.0,0.0
8495,1.0,0.0
8500,1.0,0.0
8501,4.0,0.0
8502,1.0,0.0
8506,2.0,0.0
8507,9.0,1.0
8511,1.0,0.0
8512,1.0,0.0
8518,1.0,0.0
8521,2.0,0.0
8526,3.0,0.0
8528,39.0,0.0
8529,47.0,0.0
8530,2.0,1.0
8531,6.0,0.0
8532,1.0,0.0
8533,38.0,3.0
8534,1.0,0.0
8535,1.0,0.0
8542,3.0,0.0
8571,1.0,0.0
8574,2.0,0.0
8575,1.0,0.0
8577,1.0,0.0
8578,2.0,0.0
8580,1.0,2.0
8581,4.0,0.0
8582,2.0,0.0
8587,1.0,0.0
8588,1.0,0.0
8591,1.0,0.0
8593,1.0,0.0
8596,2.0,0.0
8600,2.0,0.0
8601,1.0,0.0
8604,5.0,0.0
8605,2.0,0.0
8607,5.0,1.0
8609,2.0,1.0
8610,2.0,0.0
8611,1.0,0.0
8614,6.0,0.0
8617,1.0,0.0
8620,2.0,0.0
8622,37.0,2.0
8623,11.0,0.0
8626,1.0,0.0
8632,1.0,0.0
8633,7.0,0.0
8636,79.0,1.0
8638,15.0,1.0
8640,13.0,0.0
8641,57.0,7.0
8643,9.0,0.0
8644,61.0,0.0
8645,8.0,2.0
8650,1.0,0.0
8656,2.0,0.0
8665,75.0,0.0
8666,9.0,0.0
8667,1.0,0.0
8670,1.0,0.0
8677,2.0,0.0
8684,1.0,0.0
8685,1.0,0.0
8690,1.0,0.0
8695,3.0,1.0
8711,1.0,0.0
8712,1.0,0.0
8713,1.0,0.0
8714,1.0,1.0
8718,2.0,0.0
8720,1.0,0.0
8724,2.0,0.0
8727,1.0,0.0
8730,2.0,0.0
8738,1.0,0.0
8743,2.0,0.0
8748,2.0,0.0
8753,1.0,0.0
8754,1.0,1.0
8755,1.0,0.0
8771,1.0,0.0
8772,1.0,0.0
8773,1.0,0.0
8774,1.0,0.0
8778,2.0,0.0
8781,12.0,0.0
8782,2.0,0.0
8783,26.0,3.0
8784,48.0,1.0
8795,1.0,0.0
8796,5.0,1.0
8798,44.0,0.0
8799,3.0,0.0
8800,1.0,0.0
8804,1.0,0.0
8807,34.0,0.0
8808,7.0,0.0
8809,2.0,1.0
8810,17.0,0.0
8813,2.0,0.0
8814,7.0,0.0
8815,3.0,0.0
8827,5.0,1.0
8830,2.0,0.0
8831,1.0,0.0
8832,2.0,0.0
8833,3.0,0.0
8835,3.0,0.0
8836,3.0,0.0
8838,3.0,1.0
8840,1.0,0.0
8844,1.0,0.0
8848,2.0,0.0
8860,7.0,0.0
8861,14.0,0.0
8864,3.0,0.0
8865,18.0,0.0
8866,9.0,0.0
8869,6.0,0.0
8870,5.0,0.0
8873,27.0,0.0
8874,77.0,1.0
8875,1.0,2.0
8879,6.0,3.0
8880,7.0,1.0
8894,1.0,0.0
8905,1.0,0.0
8906,3.0,0.0
8907,13.0,0.0
8908,6.0,0.0
8910,21.0,0.0
8911,1.0,0.0
8912,2.0,0.0
8914,17.0,1.0
8915,1.0,0.0
8916,3.0,0.0
8917,32.0,0.0
8918,1.0,0.0
8919,2.0,0.0
8920,1.0,1.0
8921,1.0,0.0
8928,3.0,0.0
8933,1.0,0.0
8934,1.0,0.0
8937,8.0,0.0
8938,1.0,2.0
8939,3.0,0.0
8943,2.0,1.0
8946,2.0,0.0
8947,10.0,0.0
8948,3.0,0.0
8949,39.0,1.0
8950,38.0,7.0
8951,4.0,1.0
8952,1.0,0.0
8954,1.0,0.0
8955,1.0,0.0
8957,33.0,7.0
8958,19.0,1.0
8959,3.0,0.0
8961,125.0,4.0
8964,1.0,0.0
8965,11.0,0.0
8966,8.0,0.0
8967,4.0,0.0
8968,6.0,0.0
8969,20.0,0.0
8970,32.0,1.0
8972,38.0,0.0
8973,8.0,0.0
8974,2.0,0.0
8977,10.0,0.0
8978,2.0,0.0
8979,1.0,1.0
8981,16.0,0.0
8982,3.0,0.0
8983,25.0,1.0
8984,43.0,0.0
8985,14.0,0.0
8987,1.0,0.0
8989,1.0,0.0
8998,1.0,1.0
9004,1.0,0.0
9005,2.0,0.0
9008,1.0,0.0
9010,5.0,1.0
9018,3.0,1.0
25746,1.0,0.0
25750,2.0,0.0
25752,1.0,0.0
25753,1.0,1.0
25757,1.0,0.0
25769,1.0,0.0
25771,4.0,3.0
25773,1.0,0.0
25782,1.0,0.0
25788,2.0,0.0
25795,1.0,0.0
25797,1.0,0.0
25805,1.0,0.0
25825,4.0,1.0
25826,1.0,0.0
25827,2.0,0.0
25833,1.0,0.0
25834,1.0,0.0
25841,3.0,1.0
25850,3.0,0.0
25856,2.0,0.0
25865,1.0,1.0
25870,1.0,0.0
25886,2.0,1.0
25887,1.0,0.0
25898,2.0,0.0
25905,1.0,0.0
25906,1.0,0.0
25923,1.0,0.0
25927,1.0,0.0
25937,3.0,0.0
25940,1.0,1.0
25946,1.0,0.0
25947,1.0,0.0
25952,1.0,1.0
25959,1.0,0.0
25962,1.0,0.0
25963,1.0,0.0
25996,1.0,0.0
25999,1.0,0.0
26002,1.0,0.0
26003,1.0,0.0
26038,1.0,0.0
26048,1.0,0.0
26052,2.0,0.0
26059,1.0,0.0
26073,1.0,0.0
26078,1.0,0.0
26082,3.0,0.0
26084,5.0,0.0
26095,1.0,0.0
26116,2.0,0.0
26122,1.0,0.0
26124,1.0,0.0
26131,5.0,1.0
26133,6.0,0.0
26142,1.0,0.0
26147,1.0,0.0
26150,1.0,0.0
26151,2.0,1.0
26152,5.0,0.0
26158,1.0,0.0
26159,2.0,0.0
26169,1.0,0.0
26171,3.0,0.0
26172,2.0,0.0
26176,1.0,0.0
26183,2.0,0.0
26184,2.0,0.0
26195,1.0,0.0
26198,2.0,0.0
26225,1.0,0.0
26231,1.0,0.0
26236,1.0,0.0
26237,1.0,0.0
26242,5.0,1.0
26249,2.0,0.0
26258,5.0,0.0
26265,1.0,0.0
26283,1.0,0.0
26285,1.0,0.0
26303,1.0,0.0
26308,1.0,0.0
26313,1.0,0.0
26317,1.0,0.0
26322,4.0,0.0
26326,2.0,0.0
26340,3.0,0.0
26344,1.0,0.0
26347,1.0,0.0
26350,1.0,0.0
26357,1.0,0.0
26359,1.0,0.0
26365,1.0,0.0
26366,1.0,0.0
26375,3.0,0.0
26386,1.0,0.0
26391,1.0,0.0
26394,1.0,0.0
26399,1.0,0.0
26401,1.0,0.0
26409,2.0,0.0
26413,2.0,0.0
26422,3.0,0.0
26429,1.0,0.0
26444,2.0,0.0
26453,1.0,0.0
26464,1.0,0.0
26467,1.0,0.0
26471,4.0,0.0
26472,1.0,0.0
26492,3.0,0.0
26498,1.0,0.0
26504,2.0,0.0
26510,2.0,0.0
26523,1.0,0.0
26524,2.0,0.0
26527,1.0,0.0
26528,3.0,0.0
26539,1.0,0.0
26542,2.0,0.0
26547,2.0,0.0
26554,2.0,0.0
26555,2.0,0.0
26562,1.0,0.0
26564,2.0,0.0
26567,1.0,0.0
26578,3.0,0.0
26585,3.0,0.0
26587,1.0,0.0
26590,1.0,0.0
26593,1.0,0.0
26599,1.0,0.0
26603,1.0,0.0
26606,2.0,0.0
26612,2.0,0.0
26614,9.0,0.0
26622,1.0,0.0
26629,3.0,0.0
26630,1.0,0.0
26631,2.0,0.0
26645,1.0,0.0
26649,2.0,0.0
26662,17.0,1.0
26676,1.0,0.0
26680,5.0,0.0
26681,2.0,0.0
26686,3.0,0.0
26693,1.0,0.0
26694,1.0,0.0
26695,1.0,0.0
26696,1.0,0.0
26700,2.0,0.0
26701,1.0,0.0
26704,2.0,0.0
26712,3.0,0.0
26713,1.0,0.0
26717,1.0,3.0
26726,1.0,0.0
26729,5.0,0.0
26732,1.0,0.0
26736,1.0,0.0
26741,1.0,0.0
26743,1.0,0.0
26745,1.0,0.0
26750,2.0,0.0
26761,1.0,0.0
26764,2.0,0.0
26765,2.0,0.0
26776,14.0,1.0
26777,1.0,0.0
26778,3.0,0.0
26782,1.0,0.0
26791,1.0,0.0
26792,2.0,0.0
26796,1.0,0.0
26797,1.0,0.0
26810,3.0,0.0
26812,2.0,0.0
26819,1.0,0.0
26828,1.0,0.0
26838,1.0,0.0
26840,1.0,0.0
26849,1.0,0.0
26854,1.0,0.0
26861,1.0,0.0
26865,4.0,0.0
26870,3.0,0.0
26871,2.0,0.0
26875,1.0,0.0
26887,1.0,0.0
26900,1.0,0.0
26901,1.0,0.0
26903,5.0,0.0
26913,1.0,0.0
26928,1.0,0.0
26940,1.0,0.0
26947,1.0,0.0
26958,1.0,0.0
26965,2.0,0.0
26974,3.0,0.0
26985,1.0,0.0
26999,2.0,0.0
27002,1.0,0.0
27003,1.0,0.0
27006,1.0,0.0
27008,1.0,0.0
27020,5.0,2.0
27022,1.0,0.0
27032,2.0,0.0
27036,1.0,0.0
27074,1.0,0.0
27075,1.0,0.0
27105,1.0,0.0
27124,1.0,0.0
27134,1.0,0.0
27140,1.0,0.0
27155,1.0,0.0
27156,5.0,5.0
27176,1.0,0.0
27178,1.0,0.0
27186,2.0,0.0
27193,4.0,0.0
27246,1.0,0.0
27251,2.0,0.0
27255,1.0,0.0
27266,7.0,0.0
27306,1.0,0.0
27311,3.0,0.0
27317,6.0,0.0
27320,1.0,0.0
27328,1.0,0.0
27329,1.0,0.0
27368,3.0,0.0
27369,1.0,0.0
27370,1.0,0.0
27373,1.0,0.0
27397,4.0,0.0
27408,3.0,0.0
27416,2.0,0.0
27420,1.0,0.0
27426,1.0,0.0
27434,3.0,0.0
27441,2.0,0.0
27450,1.0,0.0
27473,1.0,0.0
27478,3.0,0.0
27480,1.0,0.0
27482,2.0,0.0
27491,1.0,0.0
27513,1.0,0.0
27523,1.0,0.0
27537,1.0,0.0
27539,1.0,0.0
27549,1.0,0.0
27555,2.0,0.0
27563,3.0,0.0
27584,2.0,0.0
27592,5.0,0.0
27595,1.0,0.0
27604,4.0,0.0
27611,19.0,0.0
27618,2.0,0.0
27619,2.0,0.0
27627,1.0,0.0
27644,1.0,0.0
27660,20.0,6.0
27664,2.0,0.0
27667,1.0,0.0
27674,4.0,0.0
27683,1.0,0.0
27685,2.0,0.0
27689,1.0,0.0
27692,1.0,0.0
27695,1.0,0.0
27704,1.0,0.0
27705,1.0,0.0
27706,25.0,5.0
27708,1.0,0.0
27716,1.0,0.0
27721,6.0,0.0
27722,3.0,0.0
27728,3.0,0.0
27731,8.0,1.0
27741,6.0,1.0
27744,1.0,0.0
27746,1.0,0.0
27751,1.0,0.0
27762,1.0,0.0
27768,2.0,0.0
27769,1.0,0.0
27772,6.0,0.0
27773,39.0,8.0
27776,1.0,0.0
27778,1.0,0.0
27784,1.0,0.0
27788,8.0,0.0
27790,4.0,2.0
27793,2.0,0.0
27801,12.0,0.0
27802,1.0,0.0
27803,8.0,0.0
27808,11.0,3.0
27815,11.0,0.0
27816,1.0,0.0
27820,2.0,2.0
27821,6.0,0.0
27822,5.0,0.0
27826,1.0,0.0
27829,1.0,0.0
27830,1.0,0.0
27831,19.0,7.0
27834,3.0,1.0
27837,4.0,0.0
27838,2.0,1.0
27839,5.0,0.0
27846,10.0,0.0
27850,2.0,0.0
27865,2.0,0.0
27866,1.0,0.0
27869,1.0,0.0
27873,3.0,0.0
27878,4.0,1.0
27879,4.0,0.0
27882,4.0,1.0
27899,2.0,0.0
27904,22.0,0.0
27905,1.0,0.0
27912,5.0,0.0
30707,52.0,1.0
30745,2.0,0.0
30749,48.0,1.0
30793,61.0,1.0
30803,3.0,0.0
30810,37.0,6.0
30812,35.0,3.0
30816,12.0,0.0
30818,1.0,0.0
30820,3.0,1.0
30822,11.0,1.0
30825,33.0,2.0
30846,2.0,0.0
30848,3.0,0.0
30850,4.0,1.0
30883,2.0,0.0
30890,1.0,0.0
30894,8.0,0.0
30898,3.0,0.0
30994,1.0,0.0
31000,1.0,0.0
31030,1.0,1.0
31038,1.0,0.0
31049,1.0,0.0
31083,1.0,0.0
31086,1.0,0.0
31101,2.0,0.0
31114,2.0,0.0
31116,3.0,0.0
31123,1.0,0.0
31150,1.0,0.0
31162,1.0,0.0
31184,3.0,0.0
31193,1.0,0.0
31221,10.0,0.0
31223,1.0,0.0
31225,7.0,0.0
31260,1.0,0.0
31297,1.0,0.0
31309,1.0,0.0
31364,5.0,0.0
31367,1.0,0.0
31410,20.0,0.0
31420,8.0,0.0
31422,1.0,0.0
31424,1.0,0.0
31427,6.0,0.0
31431,2.0,0.0
31433,11.0,0.0
31435,1.0,0.0
31437,2.0,1.0
31445,2.0,0.0
31522,1.0,0.0
31545,1.0,0.0
31553,1.0,0.0
31590,1.0,0.0
31610,1.0,0.0
31617,1.0,0.0
31658,40.0,6.0
31660,2.0,0.0
31664,1.0,0.0
31685,45.0,0.0
31692,1.0,0.0
31694,2.0,0.0
31696,35.0,0.0
31698,1.0,0.0
31700,3.0,0.0
31702,1.0,0.0
31737,1.0,0.0
31804,4.0,0.0
31851,1.0,0.0
31867,1.0,0.0
31878,19.0,0.0
31903,1.0,1.0
31909,1.0,0.0
31921,1.0,0.0
31923,3.0,1.0
31925,1.0,0.0
31952,1.0,0.0
31973,1.0,0.0
32009,3.0,0.0
32011,6.0,0.0
32017,7.0,0.0
32019,8.0,0.0
32022,3.0,0.0
32029,10.0,0.0
32031,19.0,0.0
32058,1.0,0.0
32060,1.0,0.0
32116,1.0,0.0
32139,1.0,0.0
32179,1.0,0.0
32213,3.0,0.0
32234,1.0,0.0
32243,1.0,0.0
32289,4.0,0.0
32291,5.0,0.0
32294,1.0,0.0
32296,8.0,0.0
32298,3.0,0.0
32300,3.0,0.0
32302,1.0,0.0
32314,1.0,0.0
32387,2.0,0.0
32392,1.0,0.0
32440,1.0,0.0
32442,1.0,0.0
32456,2.0,0.0
32460,4.0,0.0
32469,1.0,0.0
32511,1.0,0.0
32515,1.0,0.0
32554,3.0,0.0
32582,2.0,2.0
32584,4.0,1.0
32587,84.0,1.0
32589,1.0,0.0
32596,7.0,0.0
32598,8.0,0.0
32600,1.0,0.0
32620,1.0,0.0
32632,1.0,0.0
32649,1.0,0.0
32657,4.0,0.0
32659,1.0,0.0
32666,1.0,0.0
32728,1.0,0.0
32743,1.0,0.0
32770,2.0,0.0
32799,1.0,0.0
32862,1.0,0.0
32875,1.0,0.0
32892,2.0,0.0
32898,5.0,0.0
32906,1.0,0.0
32914,1.0,0.0
32917,1.0,0.0
33004,44.0,0.0
33085,6.0,0.0
33090,2.0,0.0
33124,1.0,0.0
33126,1.0,0.0
33132,1.0,0.0
33138,1.0,0.0
33145,6.0,0.0
33148,1.0,0.0
33154,6.0,3.0
33158,5.0,0.0
33162,17.0,4.0
33164,6.0,0.0
33166,50.0,1.0
33171,2.0,0.0
33188,1.0,0.0
33201,1.0,0.0
33237,1.0,0.0
33294,1.0,0.0
33310,1.0,0.0
33312,1.0,0.0
33421,3.0,0.0
33435,1.0,0.0
33437,9.0,0.0
33493,78.0,2.0
33495,7.0,0.0
33499,4.0,0.0
33558,1.0,0.0
33564,2.0,0.0
33615,40.0,0.0
33629,1.0,0.0
33639,3.0,0.0
33644,1.0,0.0
33646,9.0,0.0
33649,1.0,0.0
33660,17.0,2.0
33669,7.0,0.0
33672,7.0,0.0
33677,3.0,0.0
33679,59.0,0.0
33681,2.0,0.0
33683,2.0,0.0
33725,3.0,0.0
33779,2.0,0.0
33781,2.0,0.0
33794,116.0,0.0
33801,1.0,0.0
33815,2.0,0.0
33826,1.0,0.0
33830,3.0,0.0
33834,4.0,0.0
33836,13.0,0.0
33838,1.0,0.0
33880,4.0,0.0
33893,1.0,0.0
33896,3.0,0.0
33903,5.0,0.0
33966,1.0,0.0
34018,1.0,0.0
34048,50.0,0.0
34072,18.0,0.0
34129,1.0,0.0
34143,3.0,0.0
34148,2.0,0.0
34150,36.0,6.0
34153,3.0,0.0
34162,58.0,1.0
34164,1.0,0.0
34271,4.0,1.0
34292,1.0,0.0
34312,1.0,0.0
34319,31.0,0.0
34321,3.0,0.0
34323,7.0,1.0
34326,2.0,0.0
34330,1.0,0.0
34332,6.0,0.0
34334,5.0,0.0
34336,4.0,0.0
34338,10.0,0.0
34359,1.0,1.0
34397,1.0,0.0
34405,50.0,2.0
34437,21.0,1.0
34450,1.0,0.0
34520,12.0,0.0
34523,3.0,0.0
34528,3.0,1.0
34530,3.0,0.0
34532,4.0,0.0
34534,7.0,0.0
34536,3.0,0.0
34540,1.0,0.0
34542,5.0,2.0
34800,1.0,0.0
34811,1.0,0.0
35015,1.0,2.0
35347,1.0,0.0
35807,1.0,0.0
35836,74.0,4.0
35957,9.0,0.0
36276,2.0,0.0
36289,1.0,0.0
36363,2.0,0.0
36397,1.0,0.0
36401,20.0,0.0
36477,1.0,0.0
36509,3.0,0.0
36517,13.0,3.0
36519,16.0,0.0
36525,8.0,0.0
36527,7.0,1.0
36529,35.0,1.0
36533,2.0,0.0
36535,9.0,1.0
36537,3.0,0.0
36708,12.0,0.0
36850,2.0,0.0
36931,1.0,0.0
37211,1.0,0.0
37240,4.0,1.0
37380,10.0,0.0
37382,8.0,0.0
37384,13.0,1.0
37386,21.0,0.0
37444,1.0,0.0
37475,1.0,0.0
37477,1.0,0.0
37495,1.0,0.0
37545,2.0,0.0
37720,6.0,0.0
37727,11.0,0.0
37729,44.0,7.0
37731,9.0,0.0
37733,27.0,1.0
37736,3.0,1.0
37739,5.0,0.0
37741,23.0,1.0
37830,10.0,0.0
37844,1.0,0.0
37853,2.0,0.0
37857,9.0,0.0
38038,30.0,2.0
38061,35.0,7.0
38095,3.0,0.0
38159,1.0,0.0
38164,1.0,0.0
38198,1.0,0.0
38294,1.0,0.0
38304,4.0,0.0
38388,2.0,0.0
38583,1.0,0.0
38798,4.0,1.0
38886,9.0,1.0
38992,1.0,0.0
39183,34.0,0.0
39231,4.0,0.0
39234,4.0,2.0
39292,20.0,4.0
39307,1.0,0.0
39381,8.0,0.0
39400,5.0,0.0
39414,7.0,0.0
39427,4.0,0.0
39435,5.0,0.0
39444,9.0,0.0
39446,13.0,0.0
39449,5.0,0.0
39516,1.0,0.0
39715,7.0,0.0
39801,2.0,0.0
39869,4.0,0.0
40148,7.0,0.0
40278,17.0,2.0
40339,7.0,0.0
40412,2.0,0.0
40414,5.0,0.0
40478,1.0,0.0
40491,1.0,1.0
40578,1.0,0.0
40581,6.0,0.0
40583,16.0,1.0
40597,1.0,0.0
40614,4.0,0.0
40617,1.0,0.0
40629,27.0,1.0
40697,2.0,0.0
40723,4.0,0.0
40732,11.0,0.0
40815,71.0,2.0
40819,39.0,1.0
40826,10.0,0.0
40851,4.0,0.0
40870,2.0,0.0
40946,2.0,0.0
40955,4.0,1.0
40959,3.0,0.0
40962,3.0,0.0
40966,1.0,0.0
41014,1.0,0.0
41285,17.0,0.0
41527,2.0,0.0
41566,62.0,1.0
41569,40.0,1.0
41571,12.0,0.0
41573,8.0,0.0
41617,2.0,0.0
41627,1.0,0.0
41712,1.0,0.0
41716,7.0,0.0
41724,1.0,0.0
41769,1.0,0.0
41828,1.0,0.0
41863,5.0,0.0
41997,21.0,1.0
42002,9.0,1.0
42004,6.0,0.0
42007,3.0,0.0
42009,4.0,0.0
42011,11.0,0.0
42013,4.0,0.0
42015,3.0,0.0
42018,2.0,0.0
42176,1.0,0.0
42191,2.0,0.0
42285,1.0,0.0
42418,5.0,0.0
42422,1.0,1.0
42556,1.0,0.0
42559,1.0,0.0
42602,1.0,0.0
42632,5.0,1.0
42638,1.0,0.0
42718,5.0,0.0
42723,11.0,0.0
42725,7.0,0.0
42728,5.0,0.0
42730,2.0,0.0
42732,3.0,0.0
42734,4.0,0.0
42738,16.0,0.0
42740,1.0,1.0
42761,1.0,0.0
42943,1.0,0.0
42946,2.0,0.0
43289,1.0,0.0
43333,1.0,0.0
43376,4.0,0.0
43396,7.0,0.0
43419,1.0,0.0
43460,3.0,0.0
43549,1.0,0.0
43556,2.0,0.0
43558,1.0,0.0
43560,6.0,0.0
43677,1.0,0.0
43679,9.0,0.0
43684,1.0,0.0
43708,3.0,0.0
43744,1.0,0.0
43836,7.0,0.0
43869,2.0,0.0
43871,8.0,0.0
43904,5.0,0.0
43908,1.0,0.0
43912,1.0,0.0
43914,1.0,0.0
43917,4.0,0.0
43919,3.0,0.0
43921,5.0,0.0
43928,13.0,0.0
43930,1.0,0.0
43932,2.0,0.0
43936,9.0,0.0
44004,6.0,0.0
44020,2.0,0.0
44022,23.0,0.0
44189,1.0,0.0
44191,100.0,0.0
44193,6.0,0.0
44195,36.0,0.0
44197,1.0,0.0
44199,40.0,0.0
44204,4.0,0.0
44225,2.0,0.0
44238,1.0,0.0
44241,1.0,0.0
44243,1.0,0.0
44301,1.0,0.0
44397,6.0,0.0
44399,2.0,0.0
44511,1.0,0.0
44555,34.0,0.0
44597,1.0,0.0
44613,2.0,0.0
44633,1.0,0.0
44657,1.0,0.0
44665,38.0,1.0
44694,8.0,0.0
44709,5.0,0.0
44719,1.0,0.0
44731,3.0,0.0
44759,3.0,0.0
44761,12.0,0.0
44773,1.0,0.0
44777,1.0,0.0
44788,6.0,0.0
44828,5.0,0.0
44840,11.0,0.0
44849,1.0,0.0
44851,1.0,0.0
44864,4.0,0.0
44889,2.0,1.0
44929,2.0,0.0
44931,1.0,0.0
44937,1.0,0.0
44943,1.0,0.0
44972,12.0,0.0
44974,12.0,0.0
45028,6.0,0.0
45062,2.0,0.0
45074,1.0,0.0
45081,12.0,0.0
45106,1.0,0.0
45175,4.0,0.0
45183,1.0,0.0
45186,28.0,0.0
45208,3.0,0.0
45210,7.0,0.0
45221,6.0,0.0
45361,2.0,0.0
45382,2.0,0.0
45431,14.0,0.0
45440,6.0,0.0
45442,4.0,0.0
45447,49.0,7.0
45499,52.0,2.0
45501,11.0,0.0
45503,1.0,0.0
45517,41.0,0.0
45635,2.0,0.0
45648,1.0,0.0
45658,1.0,0.0
45662,5.0,0.0
45666,14.0,0.0
45668,10.0,0.0
45672,23.0,0.0
45720,34.0,0.0
45722,72.0,0.0
45726,6.0,0.0
45728,13.0,0.0
45730,9.0,7.0
45732,6.0,0.0
45880,13.0,2.0
45928,5.0,0.0
45950,13.0,0.0
45969,1.0,0.0
46062,3.0,0.0
46105,1.0,0.0
46231,1.0,0.0
46322,8.0,0.0
46335,11.0,0.0
46337,2.0,0.0
46347,2.0,0.0
46367,1.0,0.0
46530,25.0,0.0
46559,1.0,0.0
46572,3.0,0.0
46574,1.0,0.0
46578,77.0,0.0
46664,1.0,0.0
46723,31.0,4.0
46772,1.0,0.0
46850,3.0,0.0
46855,1.0,0.0
46862,1.0,0.0
46865,1.0,0.0
46948,9.0,0.0
46965,14.0,0.0
46967,4.0,0.0
46970,28.0,0.0
46972,23.0,2.0
46974,6.0,0.0
46976,44.0,6.0
47044,10.0,0.0
47099,46.0,0.0
47122,9.0,0.0
47124,2.0,0.0
47200,14.0,0.0
47202,1.0,0.0
47254,1.0,0.0
47261,3.0,0.0
47382,4.0,0.0
47384,1.0,0.0
47404,2.0,0.0
47423,5.0,0.0
47446,1.0,0.0
47465,3.0,0.0
47491,3.0,0.0
47516,1.0,0.0
47518,14.0,0.0
47538,1.0,0.0
47566,1.0,0.0
47610,43.0,4.0
47629,13.0,0.0
47640,6.0,0.0
47644,7.0,0.0
47646,1.0,0.0
47721,1.0,0.0
47725,3.0,0.0
47736,1.0,0.0
47774,1.0,0.0
47793,1.0,0.0
47810,4.0,0.0
47894,4.0,0.0
47937,1.0,0.0
47950,5.0,0.0
47952,1.0,0.0
47970,3.0,0.0
47978,1.0,0.0
47997,18.0,0.0
47999,7.0,0.0
48001,1.0,0.0
48032,1.0,0.0
48043,14.0,0.0
48045,1.0,0.0
48082,11.0,0.0
48142,6.0,0.0
48150,1.0,0.0
48161,2.0,0.0
48214,1.0,0.0
48262,1.0,0.0
48304,19.0,0.0
48319,1.0,0.0
48322,7.0,0.0
48326,3.0,0.0
48342,2.0,0.0
48385,65.0,0.0
48394,81.0,3.0
48412,4.0,0.0
48414,2.0,0.0
48416,1.0,0.0
48516,107.0,10.0
48518,2.0,0.0
48520,6.0,0.0
48560,1.0,0.0
48593,3.0,0.0
48596,2.0,0.0
48598,2.0,0.0
48638,2.0,0.0
48649,1.0,0.0
48678,2.0,0.0
48696,4.0,0.0
48698,2.0,1.0
48738,20.0,0.0
48741,1.0,0.0
48744,3.0,0.0
48774,64.0,0.0
48780,90.0,3.0
48783,11.0,0.0
48872,1.0,0.0
48877,11.0,0.0
48879,2.0,0.0
48883,2.0,0.0
48982,7.0,0.0
48997,8.0,0.0
49013,2.0,0.0
49110,1.0,0.0
49130,3.0,1.0
49132,3.0,0.0
49220,4.0,0.0
49263,1.0,0.0
49265,1.0,0.0
49272,81.0,0.0
49274,11.0,0.0
49276,3.0,0.0
49278,20.0,0.0
49280,3.0,0.0
49284,3.0,0.0
49286,24.0,0.0
49314,1.0,0.0
49347,3.0,0.0
49389,2.0,0.0
49396,9.0,0.0
49524,2.0,0.0
49530,53.0,5.0
49647,3.0,0.0
49649,12.0,0.0
49651,14.0,0.0
49666,1.0,0.0
49688,1.0,0.0
49735,1.0,0.0
49772,4.0,0.0
49793,2.0,0.0
49822,7.0,0.0
49824,5.0,0.0
49910,4.0,0.0
49917,1.0,0.0
49932,6.0,0.0
49957,2.0,0.0
49961,4.0,0.0
50003,2.0,0.0
50005,3.0,0.0
50064,1.0,0.0
50068,17.0,0.0
50147,1.0,0.0
50158,2.0,0.0
50160,2.0,0.0
50189,3.0,0.0
50274,2.0,0.0
50354,1.0,0.0
50356,1.0,0.0
50440,1.0,0.0
50442,8.0,0.0
50445,2.0,0.0
50514,1.0,0.0
50601,9.0,0.0
50610,1.0,0.0
50613,1.0,0.0
50658,2.0,0.0
50685,6.0,0.0
50740,3.0,0.0
50792,2.0,0.0
50794,10.0,0.0
50796,2.0,0.0
50798,4.0,0.0
50800,2.0,0.0
50802,3.0,0.0
50804,3.0,0.0
50806,1.0,0.0
50842,2.0,0.0
50851,2.0,0.0
50872,72.0,4.0
50912,8.0,0.0
50923,2.0,0.0
50942,1.0,0.0
50954,2.0,0.0
50999,1.0,0.0
51024,3.0,0.0
51037,4.0,0.0
51077,12.0,0.0
51080,8.0,0.0
51082,1.0,0.0
51084,10.0,0.0
51086,14.0,0.0
51088,2.0,0.0
51091,4.0,0.0
51167,1.0,0.0
51174,1.0,0.0
51255,61.0,1.0
51314,1.0,0.0
51357,1.0,0.0
51412,14.0,0.0
51471,1.0,0.0
51498,2.0,0.0
51540,38.0,0.0
51545,1.0,0.0
51562,1.0,0.0
51573,1.0,0.0
51575,5.0,0.0
51662,80.0,0.0
51666,1.0,0.0
51694,1.0,0.0
51698,2.0,0.0
51705,2.0,0.0
51709,7.0,0.0
51834,6.0,0.0
51884,3.0,0.0
51903,1.0,0.0
51925,3.0,0.0
51927,2.0,0.0
51931,5.0,0.0
51933,1.0,0.0
51935,25.0,0.0
51937,2.0,0.0
51939,6.0,0.0
52042,1.0,0.0
52241,6.0,0.0
52245,17.0,0.0
52279,1.0,0.0
52281,27.0,0.0
52283,3.0,0.0
52287,11.0,1.0
52299,1.0,0.0
52319,7.0,0.0
52328,14.0,0.0
52375,2.0,0.0
52435,11.0,0.0
52458,10.0,0.0
52462,1.0,0.0
52579,2.0,0.0
52604,12.0,3.0
52644,2.0,0.0
52668,2.0,0.0
52694,4.0,0.0
52712,3.0,2.0
52715,1.0,0.0
52722,44.0,0.0
52724,1.0,0.0
52730,2.0,0.0
52767,3.0,0.0
52784,1.0,0.0
52831,1.0,0.0
52867,1.0,0.0
52885,9.0,1.0
52950,2.0,0.0
52952,8.0,0.0
52967,4.0,0.0
52973,52.0,0.0
52975,15.0,0.0
53000,21.0,0.0
53022,2.0,0.0
53024,4.0,0.0
53121,21.0,0.0
53123,9.0,0.0
53125,56.0,0.0
53127,4.0,6.0
53129,7.0,0.0
53138,2.0,0.0
53140,2.0,0.0
53143,1.0,0.0
53161,2.0,0.0
53280,1.0,0.0
53318,4.0,0.0
53322,33.0,0.0
53326,1.0,0.0
53355,1.0,0.0
53435,4.0,0.0
53447,1.0,0.0
53450,1.0,0.0
53453,1.0,0.0
53460,7.0,0.0
53464,20.0,7.0
53466,3.0,0.0
53468,7.0,1.0
53519,26.0,0.0
53550,3.0,0.0
53574,2.0,0.0
53578,1.0,0.0
53808,1.0,0.0
53883,1.0,0.0
53894,14.0,0.0
53921,1.0,0.0
53953,25.0,0.0
53956,4.0,0.0
53972,32.0,0.0
53974,3.0,0.0
53993,13.0,0.0
53996,39.0,0.0
54001,58.0,0.0
54004,11.0,0.0
54116,2.0,0.0
54121,1.0,0.0
54185,2.0,0.0
54190,11.0,0.0
54256,7.0,0.0
54259,34.0,0.0
54272,46.0,0.0
54274,1.0,0.0
54276,2.0,0.0
54281,5.0,0.0
54286,81.0,4.0
54354,1.0,0.0
54372,3.0,0.0
54503,55.0,7.0
54617,1.0,0.0
54648,5.0,0.0
54686,1.0,0.0
54732,3.0,0.0
54734,2.0,0.0
54736,8.0,0.0
54745,2.0,0.0
54768,1.0,0.0
54771,2.0,0.0
54780,3.0,0.0
54785,4.0,0.0
54787,1.0,0.0
54796,1.0,0.0
54881,12.0,0.0
54908,1.0,0.0
54910,1.0,0.0
54934,1.0,0.0
54962,1.0,0.0
54995,22.0,0.0
54997,25.0,1.0
54999,12.0,0.0
55020,1.0,0.0
55036,1.0,0.0
55052,13.0,0.0
55061,1.0,0.0
55067,1.0,0.0
55069,3.0,0.0
55071,1.0,0.0
55080,2.0,0.0
55094,3.0,0.0
55110,1.0,0.0
55112,1.0,0.0
55116,3.0,0.0
55118,19.0,0.0
55156,1.0,0.0
55167,4.0,1.0
55190,1.0,0.0
55205,1.0,0.0
55207,1.0,0.0
55232,10.0,0.0
55241,3.0,0.0
55245,4.0,0.0
55247,41.0,0.0
55250,3.0,0.0
55253,4.0,0.0
55259,1.0,0.0
55261,8.0,0.0
55267,9.0,0.0
55269,21.0,0.0
55272,2.0,0.0
55274,2.0,0.0
55276,17.0,0.0
55278,2.0,0.0
55280,8.0,0.0
55282,11.0,0.0
55290,20.0,3.0
55292,2.0,0.0
55294,1.0,0.0
55363,10.0,0.0
55391,1.0,0.0
55442,11.0,0.0
55444,3.0,0.0
55451,2.0,0.0
55492,1.0,0.0
55553,3.0,0.0
55555,1.0,0.0
55577,5.0,0.0
55620,2.0,0.0
55687,1.0,0.0
55721,10.0,1.0
55729,1.0,0.0
55765,37.0,4.0
55768,10.0,0.0
55805,1.0,0.0
55814,5.0,0.0
55820,64.0,0.0
55830,10.0,0.0
55844,1.0,0.0
55854,1.0,0.0
55872,6.0,0.0
55908,8.0,0.0
55946,2.0,0.0
55995,8.0,0.0
56003,2.0,0.0
56012,2.0,0.0
56022,1.0,0.0
56060,1.0,0.0
56145,14.0,0.0
56152,17.0,0.0
56156,7.0,0.0
56169,1.0,0.0
56171,18.0,0.0
56174,62.0,9.0
56176,3.0,0.0
56251,10.0,0.0
56274,1.0,0.0
56286,2.0,0.0
56333,1.0,0.0
56336,2.0,0.0
56339,8.0,0.0
56367,65.0,5.0
56379,2.0,0.0
56389,1.0,0.0
56563,4.0,0.0
56587,13.0,0.0
56607,3.0,0.0
56620,1.0,0.0
56715,6.0,0.0
56757,30.0,0.0
56775,24.0,0.0
56782,28.0,8.0
56788,8.0,0.0
56801,6.0,0.0
56805,5.0,0.0
56837,1.0,0.0
56869,1.0,0.0
56908,1.0,0.0
56915,1.0,0.0
56921,5.0,0.0
56941,11.0,0.0
56949,20.0,0.0
57147,1.0,0.0
57183,2.0,0.0
57243,3.0,0.0
57274,8.0,0.0
57326,1.0,0.0
57368,27.0,0.0
57421,1.0,0.0
57499,1.0,0.0
57502,1.0,4.0
57504,10.0,0.0
57522,1.0,0.0
57526,1.0,0.0
57528,9.0,0.0
57532,3.0,0.0
57536,2.0,0.0
57637,1.0,0.0
57640,18.0,0.0
57669,41.0,8.0
57772,2.0,0.0
57843,1.0,0.0
57910,1.0,0.0
57951,3.0,0.0
58025,18.0,0.0
58047,14.0,2.0
58078,1.0,0.0
58103,6.0,0.0
58105,5.0,0.0
58107,2.0,0.0
58154,7.0,0.0
58156,10.0,0.0
58162,7.0,0.0
58191,1.0,0.0
58287,1.0,0.0
58291,1.0,0.0
58293,17.0,0.0
58295,13.0,3.0
58297,1.0,0.0
58299,8.0,0.0
58301,4.0,5.0
58303,3.0,0.0
58306,1.0,0.0
58309,1.0,0.0
58315,4.0,0.0
58332,3.0,0.0
58347,4.0,0.0
58351,1.0,0.0
58376,2.0,0.0
58404,2.0,0.0
58425,3.0,0.0
58492,1.0,0.0
58554,2.0,0.0
58559,149.0,4.0
58627,1.0,0.0
58655,2.0,0.0
58783,1.0,0.0
58803,18.0,0.0
58806,2.0,0.0
58826,1.0,0.0
58839,4.0,0.0
58842,1.0,0.0
58870,2.0,0.0
58876,2.0,0.0
58879,1.0,0.0
58964,1.0,0.0
58972,2.0,0.0
58975,1.0,0.0
58998,39.0,0.0
59014,3.0,0.0
59016,1.0,0.0
59018,1.0,0.0
59022,13.0,0.0
59026,1.0,0.0
59037,3.0,0.0
59103,3.0,2.0
59118,1.0,0.0
59126,5.0,0.0
59129,2.0,0.0
59131,1.0,0.0
59141,3.0,1.0
59143,2.0,0.0
59220,1.0,0.0
59258,11.0,0.0
59295,1.0,0.0
59306,2.0,0.0
59315,94.0,0.0
59333,4.0,0.0
59336,1.0,0.0
59369,42.0,0.0
59387,11.0,0.0
59421,8.0,0.0
59429,2.0,0.0
59440,1.0,0.0
59501,12.0,4.0
59549,1.0,0.0
59604,2.0,0.0
59615,39.0,0.0
59667,1.0,0.0
59725,11.0,0.0
59727,3.0,0.0
59731,1.0,0.0
59738,1.0,0.0
59784,54.0,0.0
59810,1.0,0.0
59814,1.0,0.0
59900,15.0,0.0
59915,1.0,0.0
59947,1.0,0.0
59985,1.0,0.0
59995,1.0,0.0
60030,1.0,0.0
60037,5.0,0.0
60040,35.0,0.0
60046,1.0,0.0
60069,104.0,4.0
60072,22.0,0.0
60074,29.0,3.0
60126,16.0,2.0
60128,2.0,0.0
60141,1.0,0.0
60161,6.0,0.0
60289,2.0,0.0
60291,2.0,0.0
60293,3.0,0.0
60303,1.0,0.0
60333,3.0,0.0
60363,1.0,0.0
60365,1.0,0.0
60389,1.0,0.0
60397,14.0,0.0
60408,2.0,0.0
60471,1.0,0.0
60487,5.0,0.0
60514,5.0,0.0
60516,2.0,1.0
60522,2.0,0.0
60538,1.0,0.0
60647,1.0,0.0
60674,1.0,0.0
60684,43.0,0.0
60735,1.0,0.0
60737,1.0,0.0
60753,2.0,0.0
60756,28.0,8.0
60760,4.0,0.0
60766,8.0,0.0
60803,1.0,0.0
60818,1.0,0.0
60832,1.0,0.0
60857,1.0,0.0
60885,2.0,0.0
60894,1.0,0.0
60904,1.0,0.0
60937,7.0,0.0
60941,4.0,0.0
60943,1.0,0.0
60950,16.0,1.0
60979,3.0,0.0
61011,1.0,0.0
61024,31.0,4.0
61026,3.0,0.0
61071,1.0,0.0
61073,1.0,0.0
61123,1.0,0.0
61132,33.0,0.0
61160,7.0,0.0
61167,1.0,0.0
61210,1.0,0.0
61236,5.0,0.0
61240,17.0,0.0
61246,1.0,0.0
61248,9.0,0.0
61250,10.0,0.0
61255,2.0,0.0
61257,1.0,0.0
61262,1.0,0.0
61289,3.0,0.0
61319,1.0,0.0
61323,39.0,11.0
61348,3.0,0.0
61350,3.0,0.0
61352,4.0,0.0
61394,1.0,0.0
61401,2.0,0.0
61406,2.0,0.0
61465,2.0,0.0
61628,1.0,0.0
61692,1.0,0.0
61697,1.0,0.0
61705,2.0,0.0
61729,2.0,0.0
61818,1.0,0.0
61986,1.0,0.0
62008,1.0,0.0
62081,8.0,0.0
62113,6.0,0.0
62155,10.0,0.0
62208,1.0,0.0
62250,5.0,0.0
62293,4.0,0.0
62299,1.0,0.0
62336,9.0,4.0
62344,2.0,0.0
62374,11.0,0.0
62376,3.0,0.0
62383,2.0,0.0
62394,3.0,0.0
62434,21.0,2.0
62437,1.0,0.0
62439,3.0,0.0
62511,4.0,0.0
62553,1.0,0.0
62586,1.0,0.0
62644,7.0,0.0
62662,1.0,0.0
62718,1.0,0.0
62792,2.0,0.0
62799,1.0,0.0
62834,1.0,0.0
62836,1.0,0.0
62849,13.0,0.0
62956,9.0,0.0
62970,2.0,0.0
62999,13.0,0.0
63033,1.0,0.0
63062,8.0,1.0
63072,9.0,0.0
63082,71.0,0.0
63113,35.0,0.0
63131,20.0,0.0
63179,1.0,0.0
63222,2.0,0.0
63239,1.0,0.0
63276,2.0,0.0
63312,1.0,0.0
63393,1.0,0.0
63433,4.0,0.0
63436,3.0,0.0
63479,4.0,0.0
63515,1.0,0.0
63540,4.0,0.0
63768,1.0,0.0
63808,2.0,0.0
63826,1.0,0.0
63853,5.0,0.0
63859,18.0,0.0
63876,11.0,0.0
63992,22.0,5.0
64010,1.0,0.0
64030,6.0,0.0
64032,3.0,0.0
64034,6.0,2.0
64114,1.0,0.0
64116,2.0,0.0
64167,3.0,0.0
64197,2.0,0.0
64231,6.0,0.0
64249,2.0,0.0
64278,1.0,0.0
64285,5.0,0.0
64497,7.0,0.0
64499,1.0,0.0
64501,1.0,0.0
64575,7.0,0.0
64614,46.0,0.0
64620,9.0,0.0
64622,7.0,0.0
64695,1.0,0.0
64716,11.0,0.0
64839,34.0,0.0
64957,37.0,0.0
64969,34.0,0.0
64983,11.0,0.0
64993,3.0,0.0
64997,2.0,0.0
65037,1.0,0.0
65088,11.0,0.0
65126,3.0,0.0
65130,5.0,0.0
65133,2.0,0.0
65135,1.0,0.0
65188,4.0,0.0
65193,1.0,0.0
65216,7.0,0.0
65225,1.0,0.0
65230,14.0,0.0
65261,11.0,0.0
65350,1.0,0.0
65359,1.0,0.0
65514,10.0,0.0
65577,1.0,0.0
65585,4.0,0.0
65588,1.0,0.0
65596,1.0,0.0
65601,1.0,0.0
65631,1.0,0.0
65642,4.0,0.0
65651,1.0,0.0
65682,7.0,0.0
65685,5.0,0.0
65738,1.0,0.0
65740,1.0,0.0
65802,7.0,0.0
65810,1.0,0.0
65882,1.0,0.0
65982,3.0,0.0
66090,1.0,0.0
66097,35.0,6.0
66171,2.0,0.0
66198,2.0,0.0
66203,11.0,0.0
66240,1.0,0.0
66297,6.0,0.0
66310,1.0,0.0
66320,1.0,0.0
66335,1.0,0.0
66371,5.0,0.0
66427,1.0,0.0
66509,5.0,0.0
66511,2.0,0.0
66544,1.0,0.0
66665,4.0,0.0
66744,2.0,0.0
66783,2.0,0.0
66785,5.0,0.0
66798,2.0,0.0
66915,1.0,0.0
66934,24.0,4.0
66943,2.0,0.0
67087,17.0,8.0
67168,1.0,0.0
67186,2.0,0.0
67193,1.0,0.0
67197,9.0,0.0
67255,25.0,0.0
67267,4.0,0.0
67295,4.0,0.0
67361,1.0,0.0
67408,8.0,0.0
67508,1.0,0.0
67534,2.0,0.0
67618,1.0,0.0
67665,2.0,0.0
67695,4.0,1.0
67734,15.0,0.0
67788,4.0,0.0
67799,1.0,0.0
67888,1.0,0.0
67923,10.0,0.0
67997,5.0,0.0
68073,5.0,0.0
68135,10.0,0.0
68157,88.0,5.0
68159,3.0,0.0
68194,2.0,0.0
68205,8.0,0.0
68237,32.0,3.0
68269,2.0,0.0
68319,26.0,6.0
68347,1.0,0.0
68358,59.0,9.0
68444,1.0,0.0
68480,1.0,0.0
68486,3.0,0.0
68522,1.0,0.0
68536,1.0,0.0
68552,1.0,0.0
68554,17.0,0.0
68597,1.0,0.0
68600,1.0,0.0
68650,1.0,0.0
68659,8.0,0.0
68791,18.0,12.0
68793,10.0,0.0
68835,1.0,0.0
68848,3.0,6.0
68872,1.0,0.0
68886,1.0,0.0
68932,2.0,0.0
68945,2.0,1.0
68952,6.0,0.0
68954,105.0,13.0
68959,2.0,0.0
69069,6.0,0.0
69118,1.0,0.0
69122,76.0,5.0
69131,1.0,0.0
69134,5.0,0.0
69140,1.0,0.0
69211,1.0,0.0
69224,1.0,0.0
69227,1.0,0.0
69251,1.0,0.0
69275,4.0,0.0
69278,7.0,0.0
69304,1.0,0.0
69306,6.0,0.0
69394,1.0,0.0
69406,16.0,0.0
69436,7.0,0.0
69453,2.0,0.0
69469,1.0,0.0
69481,34.0,1.0
69495,1.0,0.0
69516,2.0,0.0
69524,3.0,0.0
69526,20.0,7.0
69529,2.0,0.0
69604,2.0,0.0
69606,3.0,0.0
69640,9.0,0.0
69644,14.0,0.0
69654,1.0,0.0
69685,1.0,0.0
69712,1.0,0.0
69720,1.0,0.0
69746,1.0,0.0
69757,42.0,8.0
69784,10.0,0.0
69805,2.0,0.0
69844,58.0,0.0
69849,3.0,0.0
69860,1.0,0.0
69904,1.0,0.0
69951,16.0,0.0
69953,1.0,0.0
69988,1.0,0.0
70015,1.0,0.0
70159,4.0,0.0
70183,12.0,0.0
70206,1.0,0.0
70208,1.0,0.0
70286,65.0,1.0
70293,12.0,0.0
70301,1.0,0.0
70305,2.0,0.0
70334,1.0,0.0
70336,8.0,0.0
70361,3.0,0.0
70451,1.0,0.0
70492,1.0,0.0
70521,3.0,0.0
70533,3.0,0.0
70545,1.0,0.0
70565,4.0,0.0
70599,5.0,0.0
70637,1.0,0.0
70641,3.0,0.0
70663,1.0,0.0
70687,2.0,0.0
70697,1.0,0.0
70703,1.0,0.0
70708,1.0,0.0
70728,3.0,0.0
70862,2.0,0.0
70932,1.0,0.0
70946,3.0,0.0
70984,3.0,0.0
70990,1.0,0.0
70994,3.0,0.0
71033,7.0,0.0
71057,14.0,0.0
71106,5.0,0.0
71108,1.0,0.0
71129,1.0,0.0
71131,2.0,0.0
71135,5.0,0.0
71147,1.0,0.0
71156,9.0,0.0
71160,1.0,0.0
71205,2.0,0.0
71211,3.0,0.0
71248,2.0,0.0
71252,3.0,0.0
71254,7.0,0.0
71264,17.0,0.0
71268,1.0,0.0
71282,8.0,0.0
71302,1.0,0.0
71304,3.0,0.0
71327,1.0,0.0
71341,1.0,0.0
71379,5.0,0.0
71429,2.0,0.0
71438,1.0,0.0
71453,1.0,0.0
71462,4.0,0.0
71464,11.0,0.0
71466,1.0,0.0
71468,1.0,0.0
71484,1.0,0.0
71494,1.0,1.0
71500,1.0,0.0
71518,5.0,0.0
71520,6.0,0.0
71530,14.0,0.0
71535,53.0,6.0
71550,1.0,0.0
71579,6.0,0.0
71619,1.0,0.0
71640,1.0,0.0
71668,3.0,0.0
71732,2.0,0.0
71745,12.0,0.0
71810,1.0,0.0
71823,4.0,0.0
71838,8.0,0.0
71867,1.0,0.0
71899,10.0,13.0
71902,1.0,0.0
71910,1.0,0.0
71970,1.0,0.0
71999,1.0,0.0
72011,32.0,0.0
72104,1.0,0.0
72129,3.0,0.0
72142,1.0,0.0
72165,1.0,0.0
72167,4.0,0.0
72171,2.0,0.0
72178,1.0,0.0
72224,2.0,1.0
72226,18.0,0.0
72294,2.0,0.0
72308,2.0,0.0
72330,1.0,0.0
72356,4.0,0.0
72378,21.0,0.0
72395,3.0,0.0
72405,2.0,0.0
72407,9.0,0.0
72424,1.0,0.0
72479,1.0,0.0
72489,3.0,0.0
72554,1.0,0.0
72591,1.0,0.0
72601,1.0,0.0
72603,1.0,0.0
72605,5.0,0.0
72624,1.0,0.0
72641,31.0,0.0
72692,1.0,0.0
72694,1.0,0.0
72696,1.0,0.0
72701,3.0,0.0
72714,1.0,0.0
72720,3.0,0.0
72731,3.0,0.0
72733,7.0,0.0
72737,12.0,0.0
72874,1.0,0.0
72919,1.0,0.0
72921,1.0,0.0
72982,1.0,0.0
72998,97.0,18.0
73015,4.0,0.0
73017,58.0,0.0
73023,5.0,0.0
73042,3.0,0.0
73106,3.0,0.0
73160,1.0,0.0
73211,2.0,0.0
73266,5.0,0.0
73268,6.0,0.0
73290,2.0,0.0
73319,5.0,0.0
73321,16.0,0.0
73323,5.0,0.0
73344,4.0,0.0
73386,1.0,0.0
73431,1.0,0.0
73488,1.0,0.0
73499,1.0,0.0
73501,1.0,0.0
73515,1.0,0.0
73569,2.0,0.0
73676,1.0,0.0
73681,1.0,0.0
73741,1.0,0.0
73804,1.0,0.0
73808,1.0,0.0
73822,1.0,0.0
73854,3.0,0.0
73858,1.0,0.0
73876,1.0,0.0
73881,2.0,0.0
73929,3.0,0.0
74075,2.0,0.0
74089,1.0,0.0
74095,1.0,0.0
74154,4.0,0.0
74226,1.0,0.0
74228,2.0,0.0
74275,2.0,0.0
74282,2.0,0.0
74324,4.0,0.0
74342,1.0,0.0
74370,1.0,0.0
74450,3.0,0.0
74452,2.0,0.0
74458,67.0,7.0
74508,3.0,0.0
74510,4.0,0.0
74530,7.0,0.0
74532,5.0,0.0
74545,7.0,0.0
74553,2.0,0.0
74580,1.0,0.0
74624,1.0,0.0
74647,1.0,0.0
74668,2.0,0.0
74677,1.0,0.0
74683,1.0,0.0
74685,4.0,0.0
74688,1.0,0.0
74696,1.0,0.0
74698,3.0,0.0
74727,2.0,0.0
74750,3.0,0.0
74754,3.0,0.0
74789,28.0,0.0
74791,2.0,2.0
74795,9.0,0.0
74851,2.0,0.0
74868,5.0,0.0
74916,3.0,0.0
74946,9.0,0.0
74948,2.0,0.0
75341,1.0,0.0
75389,1.0,0.0
75395,2.0,0.0
75416,1.0,0.0
75446,1.0,0.0
75803,1.0,0.0
75805,6.0,0.0
75813,3.0,0.0
75816,1.0,0.0
75947,1.0,0.0
75985,6.0,0.0
76030,1.0,0.0
76054,1.0,0.0
76060,2.0,0.0
76077,15.0,0.0
76091,1.0,0.0
76093,53.0,0.0
76143,1.0,0.0
76173,2.0,0.0
76175,13.0,0.0
76251,43.0,0.0
76293,11.0,0.0
76301,1.0,0.0
76738,1.0,0.0
76743,1.0,0.0
76751,1.0,0.0
76763,1.0,0.0
77177,1.0,0.0
77191,2.0,0.0
77201,1.0,0.0
77206,1.0,0.0
77233,1.0,0.0
77266,1.0,0.0
77364,3.0,0.0
77414,1.0,0.0
77421,1.0,0.0
77427,1.0,0.0
77455,13.0,0.0
77561,47.0,0.0
77667,1.0,0.0
77688,1.0,0.0
77709,1.0,0.0
77795,1.0,0.0
77798,2.0,0.0
77800,5.0,0.0
77841,1.0,0.0
77846,1.0,0.0
77866,6.0,0.0
77881,1.0,0.0
77893,1.0,0.0
77931,1.0,0.0
78034,1.0,0.0
78039,5.0,0.0
78041,2.0,0.0
78088,4.0,0.0
78103,1.0,0.0
78105,13.0,0.0
78116,1.0,0.0
78142,1.0,0.0
78160,1.0,0.0
78174,2.0,0.0
78209,10.0,0.0
78218,1.0,0.0
78264,1.0,0.0
78266,3.0,0.0
78316,3.0,0.0
78349,5.0,0.0
78467,4.0,0.0
78469,17.0,0.0
78499,55.0,0.0
78544,1.0,0.0
78574,8.0,0.0
78620,1.0,0.0
78626,1.0,0.0
78637,7.0,0.0
78703,2.0,0.0
78746,1.0,0.0
78772,10.0,0.0
78836,2.0,0.0
78893,6.0,0.0
78959,1.0,0.0
79006,1.0,0.0
79008,8.0,0.0
79057,10.0,0.0
79073,1.0,0.0
79091,38.0,0.0
79132,143.0,26.0
79134,10.0,0.0
79139,10.0,0.0
79185,6.0,0.0
79224,8.0,0.0
79242,6.0,0.0
79251,2.0,0.0
79259,1.0,0.0
79274,3.0,0.0
79293,15.0,0.0
79299,1.0,0.0
79333,1.0,0.0
79357,7.0,0.0
79428,7.0,0.0
79501,1.0,0.0
79536,1.0,0.0
79553,5.0,0.0
79572,1.0,0.0
79590,1.0,0.0
79592,21.0,0.0
79677,1.0,0.0
79684,1.0,0.0
79695,17.0,0.0
79702,44.0,4.0
79798,2.0,0.0
79868,1.0,0.0
79879,3.0,0.0
79895,1.0,0.0
79897,1.0,0.0
79946,1.0,0.0
80083,1.0,0.0
80094,1.0,0.0
80124,1.0,0.0
80126,4.0,0.0
80139,3.0,0.0
80162,1.0,0.0
80166,6.0,0.0
80219,12.0,0.0
80241,3.0,0.0
80363,7.0,0.0
80454,1.0,0.0
80463,57.0,3.0
80478,1.0,0.0
80489,22.0,4.0
80549,27.0,0.0
80551,2.0,0.0
80553,1.0,0.0
80572,1.0,0.0
80584,1.0,0.0
80586,3.0,0.0
80590,3.0,0.0
80615,2.0,0.0
80693,8.0,0.0
80727,2.0,0.0
80748,1.0,0.0
80831,7.0,0.0
80834,1.0,3.0
80839,1.0,0.0
80846,2.0,0.0
80858,1.0,0.0
80860,6.0,0.0
80862,3.0,0.0
80864,1.0,0.0
80880,2.0,0.0
80906,12.0,6.0
80917,1.0,0.0
80969,3.0,0.0
81018,3.0,0.0
81087,1.0,0.0
81132,2.0,0.0
81156,6.0,0.0
81158,3.0,1.0
81191,1.0,0.0
81229,20.0,0.0
81257,1.0,0.0
81383,1.0,0.0
81417,5.0,0.0
81456,2.0,0.0
81512,1.0,0.0
81520,1.0,0.0
81535,1.0,0.0
81537,10.0,0.0
81562,18.0,1.0
81564,20.0,0.0
81591,42.0,6.0
81681,1.0,0.0
81782,7.0,0.0
81784,6.0,0.0
81786,1.0,0.0
81788,7.0,0.0
81791,1.0,0.0
81819,2.0,0.0
81831,1.0,0.0
81834,47.0,0.0
81845,58.0,0.0
81847,24.0,0.0
81910,2.0,0.0
81932,23.0,0.0
81949,1.0,0.0
82041,2.0,0.0
82053,2.0,0.0
82088,1.0,0.0
82093,1.0,0.0
82095,1.0,0.0
82152,1.0,0.0
82167,7.0,0.0
82169,7.0,0.0
82202,7.0,0.0
82242,2.0,1.0
82366,1.0,0.0
82378,2.0,0.0
82459,28.0,5.0
82461,19.0,5.0
82499,3.0,0.0
82527,1.0,0.0
82534,1.0,0.0
82641,1.0,0.0
82667,4.0,0.0
82684,1.0,0.0
82744,1.0,0.0
82765,1.0,0.0
82767,1.0,0.0
82848,1.0,0.0
82852,6.0,0.0
82854,6.0,0.0
82857,1.0,0.0
83086,1.0,0.0
83132,4.0,0.0
83134,18.0,1.0
83177,3.0,0.0
83270,1.0,0.0
83349,11.0,0.0
83369,1.0,0.0
83374,1.0,0.0
83480,1.0,0.0
83601,1.0,0.0
83613,9.0,0.0
83796,1.0,0.0
83803,5.0,0.0
83827,2.0,0.0
83910,2.0,0.0
83969,1.0,0.0
83976,1.0,0.0
84152,30.0,0.0
84156,1.0,0.0
84187,3.0,0.0
84189,2.0,0.0
84240,1.0,0.0
84246,1.0,0.0
84273,1.0,0.0
84374,14.0,0.0
84392,10.0,0.0
84414,2.0,0.0
84512,1.0,0.0
84523,1.0,0.0
84553,1.0,0.0
84601,6.0,0.0
84615,2.0,0.0
84637,1.0,0.0
84696,1.0,0.0
84716,1.0,0.0
84772,15.0,0.0
84799,1.0,0.0
84844,1.0,0.0
84847,2.0,0.0
84942,2.0,0.0
84944,17.0,0.0
84950,1.0,0.0
84952,1.0,0.0
84954,21.0,0.0
85020,4.0,0.0
85022,4.0,0.0
85025,1.0,0.0
85056,5.0,0.0
85131,4.0,0.0
85179,3.0,0.0
85213,1.0,0.0
85259,1.0,0.0
85261,1.0,0.0
85295,1.0,0.0
85316,1.0,0.0
85334,1.0,0.0
85342,7.0,0.0
85354,3.0,0.0
85367,7.0,0.0
85394,1.0,0.0
85397,2.0,0.0
85399,1.0,0.0
85401,5.0,0.0
85412,2.0,0.0
85414,34.0,0.0
85438,1.0,0.0
85510,12.0,0.0
85736,3.0,0.0
85774,6.0,0.0
85780,6.0,0.0
85788,3.0,0.0
85796,4.0,0.0
85881,6.0,0.0
85885,2.0,0.0
86000,1.0,0.0
86014,1.0,0.0
86028,1.0,0.0
86059,2.0,0.0
86066,1.0,0.0
86068,1.0,0.0
86142,4.0,0.0
86190,11.0,0.0
86237,1.0,0.0
86279,1.0,0.0
86286,1.0,0.0
86290,3.0,0.0
86293,6.0,0.0
86295,3.0,0.0
86298,8.0,0.0
86320,7.0,0.0
86332,34.0,0.0
86345,9.0,0.0
86347,7.0,0.0
86355,1.0,0.0
86377,7.0,0.0
86487,1.0,0.0
86504,5.0,0.0
86548,4.0,0.0
86593,1.0,0.0
86628,2.0,0.0
86644,10.0,0.0
86668,1.0,0.0
86721,1.0,0.0
86781,5.0,0.0
86815,1.0,0.0
86817,2.0,0.0
86833,21.0,0.0
86835,3.0,0.0
86864,1.0,0.0
86880,24.0,0.0
86882,25.0,0.0
86892,3.0,0.0
86898,2.0,0.0
86911,15.0,0.0
86922,1.0,0.0
86960,1.0,0.0
87028,1.0,0.0
87192,6.0,0.0
87194,2.0,0.0
87197,1.0,0.0
87222,17.0,0.0
87232,43.0,0.0
87234,3.0,0.0
87287,1.0,0.0
87298,3.0,0.0
87304,4.0,0.0
87306,21.0,0.0
87413,2.0,0.0
87430,10.0,9.0
87444,2.0,0.0
87483,5.0,0.0
87485,9.0,0.0
87520,11.0,0.0
87522,2.0,0.0
87529,9.0,0.0
87660,1.0,0.0
87785,2.0,0.0
87834,1.0,0.0
87867,4.0,0.0
87869,24.0,0.0
87876,3.0,0.0
87960,1.0,0.0
88069,1.0,0.0
88094,1.0,3.0
88108,1.0,0.0
88125,50.0,0.0
88129,32.0,0.0
88140,32.0,0.0
88163,31.0,0.0
88179,1.0,0.0
88235,4.0,0.0
88267,1.0,0.0
88272,2.0,0.0
88327,1.0,0.0
88345,1.0,0.0
88356,4.0,0.0
88405,20.0,9.0
88448,1.0,0.0
88515,1.0,0.0
88593,1.0,0.0
88672,2.0,0.0
88697,1.0,0.0
88699,2.0,0.0
88744,27.0,0.0
88746,2.0,0.0
88785,10.0,0.0
88810,21.0,0.0
88812,6.0,0.0
88911,1.0,0.0
88932,1.0,0.0
88954,2.0,0.0
89028,2.0,0.0
89030,2.0,0.0
89039,1.0,0.0
89047,1.0,0.0
89072,1.0,0.0
89085,1.0,0.0
89087,6.0,0.0
89090,1.0,0.0
89118,4.0,0.0
89190,2.0,0.0
89208,1.0,0.0
89281,1.0,0.0
89305,3.0,0.0
89343,1.0,0.0
89386,1.0,0.0
89388,1.0,0.0
89427,1.0,0.0
89470,12.0,0.0
89492,26.0,0.0
89580,1.0,0.0
89582,2.0,0.0
89586,1.0,0.0
89678,1.0,0.0
89745,69.0,7.0
89753,8.0,0.0
89759,3.0,0.0
89761,2.0,0.0
89774,11.0,3.0
89804,9.0,0.0
89837,1.0,0.0
89840,3.0,0.0
89862,1.0,0.0
89864,19.0,0.0
89898,1.0,0.0
89904,11.0,0.0
89939,2.0,0.0
89945,1.0,0.0
90057,2.0,0.0
90243,1.0,0.0
90245,1.0,0.0
90249,6.0,0.0
90343,2.0,0.0
90345,4.0,0.0
90353,1.0,0.0
90357,1.0,0.0
90374,2.0,0.0
90376,4.0,0.0
90384,1.0,0.0
90403,3.0,0.0
90405,14.0,0.0
90428,1.0,0.0
90430,4.0,0.0
90439,7.0,9.0
90469,2.0,0.0
90471,2.0,0.0
90522,6.0,0.0
90524,1.0,0.0
90528,1.0,0.0
90531,4.0,0.0
90576,1.0,0.0
90600,5.0,0.0
90603,3.0,0.0
90630,1.0,0.0
90647,8.0,0.0
90717,4.0,0.0
90719,1.0,0.0
90738,1.0,0.0
90746,12.0,0.0
90769,1.0,3.0
90809,1.0,0.0
90863,1.0,0.0
90866,18.0,0.0
90888,3.0,0.0
90890,5.0,0.0
90943,1.0,0.0
90945,1.0,0.0
91077,11.0,0.0
91079,2.0,0.0
91094,10.0,0.0
91104,7.0,0.0
91126,3.0,0.0
91128,6.0,0.0
91233,1.0,0.0
91261,1.0,0.0
91266,1.0,0.0
91273,1.0,0.0
91323,5.0,0.0
91325,2.0,0.0
91337,1.0,0.0
91353,2.0,0.0
91355,1.0,0.0
91386,1.0,0.0
91414,1.0,0.0
91470,2.0,0.0
91483,1.0,0.0
91485,10.0,0.0
91488,2.0,0.0
91500,54.0,1.0
91529,76.0,8.0
91535,18.0,0.0
91542,38.0,0.0
91571,1.0,0.0
91622,2.0,0.0
91628,3.0,0.0
91630,22.0,0.0
91653,5.0,0.0
91658,42.0,0.0
91660,2.0,0.0
91666,1.0,0.0
91671,2.0,0.0
91688,1.0,0.0
91690,3.0,0.0
91784,1.0,0.0
91842,2.0,0.0
91860,1.0,0.0
91869,1.0,0.0
91873,1.0,0.0
91890,1.0,0.0
91935,1.0,0.0
91947,1.0,0.0
91974,5.0,0.0
91976,6.0,0.0
91978,3.0,0.0
91981,1.0,0.0
92008,3.0,0.0
92046,1.0,0.0
92048,2.0,0.0
92094,1.0,0.0
92192,1.0,0.0
92198,1.0,0.0
92234,1.0,0.0
92243,1.0,0.0
92259,37.0,2.0
92264,2.0,0.0
92309,2.0,0.0
92348,1.0,0.0
92391,3.0,0.0
92420,8.0,0.0
92422,2.0,0.0
92427,1.0,0.0
92439,2.0,0.0
92475,2.0,0.0
92494,1.0,0.0
92507,4.0,0.0
92509,3.0,0.0
92535,10.0,0.0
92637,1.0,0.0
92643,2.0,0.0
92665,1.0,0.0
92674,1.0,0.0
92681,1.0,0.0
92694,2.0,0.0
92730,1.0,0.0
92760,1.0,0.0
92938,5.0,0.0
92954,1.0,0.0
93006,2.0,0.0
93008,1.0,0.0
93022,1.0,0.0
93040,1.0,0.0
93114,1.0,0.0
93134,1.0,0.0
93139,1.0,0.0
93193,1.0,0.0
93208,1.0,0.0
93242,1.0,0.0
93270,8.0,0.0
93272,5.0,0.0
93287,4.0,0.0
93297,2.0,0.0
93320,1.0,0.0
93326,11.0,0.0
93363,11.0,0.0
93443,4.0,0.0
93502,1.0,0.0
93510,26.0,0.0
93512,1.0,0.0
93563,3.0,0.0
93598,1.0,0.0
93610,1.0,0.0
93721,5.0,0.0
93723,2.0,0.0
93740,1.0,0.0
93766,4.0,0.0
93790,1.0,0.0
93805,2.0,0.0
93819,1.0,0.0
93831,4.0,0.0
93838,9.0,0.0
93840,22.0,0.0
93855,1.0,0.0
93980,2.0,0.0
93982,1.0,0.0
93988,1.0,0.0
94011,1.0,0.0
94015,4.0,0.0
94018,3.0,0.0
94070,4.0,0.0
94122,1.0,0.0
94130,2.0,0.0
94150,2.0,0.0
94160,1.0,0.0
94262,1.0,0.0
94266,4.0,0.0
94323,2.0,0.0
94325,1.0,0.0
94405,2.0,0.0
94478,6.0,0.0
94494,1.0,0.0
94503,3.0,0.0
94661,1.0,0.0
94677,17.0,0.0
94735,1.0,0.0
94777,18.0,0.0
94780,6.0,0.0
94799,1.0,0.0
94810,1.0,0.0
94833,3.0,0.0
94864,27.0,0.0
94867,1.0,0.0
94896,2.0,0.0
94919,1.0,0.0
94931,1.0,0.0
94953,5.0,0.0
94959,29.0,1.0
94985,3.0,0.0
95004,1.0,0.0
95067,3.0,1.0
95088,6.0,0.0
95105,9.0,0.0
95135,1.0,0.0
95145,1.0,0.0
95147,2.0,0.0
95149,1.0,0.0
95163,1.0,0.0
95165,1.0,0.0
95167,30.0,0.0
95170,1.0,0.0
95175,1.0,0.0
95182,2.0,0.0
95193,1.0,0.0
95199,1.0,0.0
95201,1.0,0.0
95207,6.0,0.0
95218,1.0,0.0
95307,4.0,0.0
95309,3.0,0.0
95311,1.0,0.0
95313,1.0,0.0
95377,3.0,0.0
95441,21.0,1.0
95449,5.0,0.0
95473,1.0,0.0
95475,2.0,0.0
95497,2.0,0.0
95499,1.0,0.0
95508,1.0,0.0
95510,30.0,0.0
95519,1.0,0.0
95543,6.0,0.0
95558,7.0,3.0
95583,2.0,0.0
95624,1.0,0.0
95633,1.0,0.0
95654,3.0,0.0
95690,1.0,0.0
95717,1.0,0.0
95720,9.0,0.0
95738,1.0,0.0
95744,1.0,0.0
95761,1.0,0.0
95771,1.0,0.0
95780,1.0,0.0
95796,1.0,0.0
95839,1.0,0.0
95843,1.0,0.0
95858,5.0,0.0
95873,4.0,0.0
95875,8.0,0.0
95939,1.0,0.0
95949,1.0,0.0
95965,1.0,0.0
96004,2.0,0.0
96007,1.0,0.0
96020,3.0,0.0
96079,50.0,3.0
96084,1.0,3.0
96110,9.0,0.0
96114,1.0,0.0
96121,1.0,0.0
96150,1.0,0.0
96281,2.0,0.0
96283,1.0,0.0
96373,1.0,0.0
96411,1.0,0.0
96417,5.0,0.0
96430,1.0,0.0
96432,4.0,0.0
96448,3.0,0.0
96471,1.0,0.0
96488,4.0,0.0
96518,1.0,0.0
96520,1.0,0.0
96530,1.0,0.0
96563,1.0,0.0
96567,1.0,0.0
96588,20.0,0.0
96606,3.0,0.0
96608,1.0,0.0
96610,32.0,0.0
96616,3.0,0.0
96655,3.0,0.0
96691,2.0,0.0
96726,1.0,0.0
96728,6.0,0.0
96737,14.0,0.0
96811,6.0,0.0
96815,2.0,0.0
96821,20.0,0.0
96829,10.0,0.0
96832,1.0,0.0
96861,7.0,5.0
96917,1.0,0.0
96935,1.0,0.0
96945,1.0,0.0
96964,1.0,0.0
96975,1.0,0.0
97024,1.0,0.0
97168,2.0,0.0
97172,2.0,0.0
97188,1.0,0.0
97194,1.0,0.0
97225,11.0,0.0
97230,1.0,0.0
97285,1.0,0.0
97304,28.0,3.0
97306,15.0,0.0
97328,1.0,0.0
97470,2.0,0.0
97643,2.0,0.0
97665,1.0,0.0
97701,1.0,0.0
97742,1.0,0.0
97752,19.0,0.0
97757,1.0,0.0
97785,1.0,0.0
97836,7.0,0.0
97858,1.0,0.0
97860,4.0,0.0
97866,2.0,0.0
97870,1.0,0.0
97904,1.0,0.0
97913,22.0,0.0
97921,30.0,0.0
97923,9.0,0.0
97936,1.0,0.0
97938,31.0,3.0
97950,1.0,0.0
97988,1.0,0.0
98061,1.0,0.0
98083,2.0,0.0
98122,2.0,0.0
98124,7.0,0.0
98154,4.0,0.0
98160,1.0,0.0
98175,1.0,0.0
98203,4.0,0.0
98230,1.0,0.0
98239,2.0,0.0
98243,12.0,0.0
98279,2.0,0.0
98296,1.0,0.0
98361,1.0,0.0
98491,8.0,0.0
98499,2.0,0.0
98503,1.0,0.0
98585,5.0,0.0
98604,1.0,0.0
98607,1.0,0.0
98623,2.0,0.0
98633,1.0,0.0
98697,1.0,0.0
98799,1.0,0.0
98809,40.0,2.0
98836,1.0,0.0
98908,1.0,0.0
98961,14.0,5.0
99005,1.0,0.0
99007,14.0,0.0
99030,1.0,0.0
99087,1.0,0.0
99106,3.0,0.0
99112,12.0,0.0
99114,71.0,12.0
99117,8.0,0.0
99122,1.0,0.0
99130,1.0,0.0
99145,3.0,0.0
99149,7.0,0.0
99191,1.0,0.0
99415,1.0,0.0
99437,2.0,0.0
99532,2.0,0.0
99574,1.0,0.0
99636,1.0,0.0
99638,1.0,0.0
99721,1.0,0.0
99728,3.0,0.0
99750,1.0,0.0
99764,2.0,4.0
99813,8.0,0.0
99846,1.0,0.0
99853,1.0,0.0
99910,2.0,0.0
99917,3.0,6.0
99992,1.0,0.0
100044,1.0,0.0
100068,1.0,0.0
100083,3.0,5.0
100106,1.0,0.0
100159,1.0,0.0
100163,5.0,0.0
100194,1.0,0.0
100226,1.0,0.0
100277,1.0,0.0
100302,1.0,0.0
100304,1.0,0.0
100306,1.0,0.0
100326,1.0,0.0
100383,6.0,0.0
100390,4.0,0.0
100397,1.0,0.0
100487,1.0,0.0
100498,6.0,0.0
100507,4.0,0.0
100527,1.0,0.0
100553,2.0,0.0
100556,1.0,0.0
100579,1.0,0.0
100611,2.0,0.0
100714,3.0,0.0
100737,1.0,0.0
100810,2.0,0.0
100843,1.0,0.0
100882,2.0,0.0
100906,1.0,0.0
101025,5.0,0.0
101070,1.0,0.0
101072,1.0,0.0
101074,1.0,0.0
101076,3.0,0.0
101088,2.0,0.0
101112,6.0,0.0
101142,9.0,3.0
101283,3.0,0.0
101360,1.0,0.0
101362,8.0,0.0
101415,2.0,0.0
101423,1.0,0.0
101525,5.0,0.0
101529,1.0,0.0
101531,1.0,0.0
101577,4.0,0.0
101612,4.0,0.0
101739,2.0,0.0
101741,2.0,0.0
101765,2.0,0.0
101864,20.0,0.0
101884,1.0,0.0
101895,1.0,0.0
101962,4.0,0.0
101973,1.0,0.0
102007,1.0,1.0
102025,1.0,0.0
102033,5.0,0.0
102058,1.0,0.0
102066,1.0,0.0
102070,1.0,0.0
102084,1.0,0.0
102088,1.0,0.0
102123,14.0,0.0
102125,32.0,0.0
102165,1.0,0.0
102194,3.0,0.0
102217,1.0,0.0
102278,1.0,0.0
102338,1.0,0.0
102378,2.0,0.0
102407,20.0,0.0
102445,27.0,0.0
102481,10.0,0.0
102590,1.0,0.0
102602,1.0,0.0
102666,1.0,0.0
102684,2.0,0.0
102686,8.0,0.0
102716,7.0,0.0
102720,2.0,0.0
102735,1.0,0.0
102742,1.0,0.0
102747,1.0,0.0
102749,1.0,0.0
102760,1.0,0.0
102800,1.0,0.0
102802,1.0,0.0
102819,1.0,0.0
102823,1.0,0.0
102852,1.0,0.0
102880,2.0,0.0
102903,22.0,4.0
102984,1.0,0.0
102993,4.0,0.0
103027,1.0,0.0
103042,22.0,2.0
103048,2.0,0.0
103075,4.0,0.0
103085,1.0,0.0
103107,2.0,0.0
103137,2.0,0.0
103141,16.0,0.0
103171,1.0,0.0
103210,1.0,0.0
103219,1.0,0.0
103221,1.0,0.0
103228,14.0,0.0
103233,1.0,0.0
103235,5.0,0.0
103245,1.0,0.0
103249,19.0,0.0
103253,16.0,0.0
103335,19.0,0.0
103339,6.0,0.0
103341,18.0,0.0
103366,1.0,0.0
103372,6.0,0.0
103384,7.0,0.0
103449,1.0,0.0
103483,1.0,0.0
103502,1.0,0.0
103539,2.0,0.0
103543,2.0,0.0
103596,4.0,0.0
103602,1.0,0.0
103606,1.0,0.0
103609,1.0,0.0
103624,2.0,0.0
103655,3.0,0.0
103685,1.0,0.0
103688,7.0,0.0
103755,1.0,0.0
103772,16.0,0.0
103801,3.0,0.0
103810,5.0,0.0
103819,2.0,0.0
103865,1.0,0.0
103883,3.0,0.0
103980,4.0,0.0
103984,3.0,0.0
104017,1.0,0.0
104069,4.0,0.0
104074,2.0,0.0
104076,4.0,0.0
104078,1.0,0.0
104129,2.0,0.0
104141,1.0,0.0
104211,21.0,0.0
104218,5.0,1.0
104241,11.0,0.0
104243,5.0,0.0
104245,2.0,0.0
104272,2.0,0.0
104283,3.0,0.0
104303,3.0,0.0
104337,1.0,0.0
104339,2.0,0.0
104374,15.0,0.0
104419,2.0,0.0
104457,2.0,0.0
104644,1.0,0.0
104760,1.0,0.0
104780,1.0,0.0
104837,1.0,0.0
104841,32.0,6.0
104863,3.0,2.0
104875,2.0,1.0
104879,16.0,8.0
104906,3.0,0.0
104908,2.0,0.0
104913,11.0,0.0
104925,3.0,0.0
104944,2.0,5.0
105020,1.0,0.0
105037,4.0,0.0
105121,1.0,0.0
105197,4.0,0.0
105211,2.0,0.0
105213,8.0,0.0
105246,1.0,0.0
105250,2.0,0.0
105254,2.0,0.0
105325,1.0,0.0
105351,2.0,0.0
105355,2.0,0.0
105468,2.0,0.0
105504,21.0,5.0
105540,1.0,0.0
105585,2.0,0.0
105593,2.0,0.0
105653,4.0,0.0
105720,1.0,0.0
105731,2.0,0.0
105746,1.0,0.0
105755,1.0,0.0
105801,1.0,0.0
105835,1.0,0.0
105844,16.0,0.0
105954,4.0,0.0
106002,16.0,0.0
106062,2.0,0.0
106072,21.0,0.0
106100,17.0,3.0
106144,1.0,0.0
106330,2.0,0.0
106438,2.0,0.0
106441,1.0,0.0
106487,26.0,0.0
106489,25.0,4.0
106491,7.0,0.0
106540,4.0,0.0
106542,1.0,0.0
106594,1.0,0.0
106642,7.0,0.0
106648,1.0,0.0
106696,29.0,0.0
106766,7.0,4.0
106782,54.0,5.0
106785,1.0,0.0
106839,2.0,0.0
106873,3.0,0.0
106883,1.0,0.0
106889,1.0,0.0
106916,16.0,0.0
106918,20.0,0.0
106920,25.0,0.0
106927,1.0,0.0
107013,1.0,0.0
107069,2.0,0.0
107141,8.0,0.0
107159,1.0,0.0
107314,2.0,0.0
107338,1.0,0.0
107348,11.0,4.0
107406,21.0,1.0
107408,1.0,0.0
107410,1.0,0.0
107412,1.0,0.0
107436,1.0,0.0
107447,1.0,0.0
107449,1.0,0.0
107462,1.0,0.0
107565,2.0,0.0
107630,1.0,0.0
107702,2.0,0.0
107723,1.0,0.0
107771,1.0,0.0
107780,1.0,0.0
107846,1.0,0.0
107945,1.0,0.0
107951,1.0,0.0
107953,2.0,0.0
107962,1.0,0.0
107997,2.0,0.0
107999,1.0,0.0
108078,1.0,0.0
108090,1.0,0.0
108156,6.0,0.0
108188,2.0,0.0
108190,18.0,8.0
108192,1.0,0.0
108540,1.0,0.0
108601,1.0,0.0
108689,2.0,0.0
108715,1.0,0.0
108727,2.0,0.0
108729,7.0,0.0
108795,1.0,0.0
108928,6.0,0.0
108932,31.0,7.0
108945,6.0,0.0
108949,3.0,0.0
108981,1.0,0.0
109042,2.0,0.0
109161,1.0,0.0
109183,1.0,0.0
109187,3.0,0.0
109191,1.0,0.0
109241,1.0,0.0
109282,1.0,0.0
109295,1.0,0.0
109313,1.0,0.0
109317,1.0,0.0
109372,2.0,0.0
109374,52.0,0.0
109383,1.0,0.0
109416,1.0,0.0
109483,4.0,0.0
109487,73.0,10.0
109569,2.0,0.0
109576,2.0,0.0
109578,4.0,0.0
109596,1.0,0.0
109633,1.0,0.0
109673,4.0,0.0
109687,1.0,0.0
109723,1.0,0.0
109846,4.0,0.0
109848,2.0,0.0
109850,2.0,0.0
109853,2.0,0.0
109864,2.0,0.0
109895,3.0,0.0
109897,1.0,0.0
109941,1.0,0.0
109968,2.0,0.0
109971,1.0,0.0
110102,31.0,0.0
110127,5.0,0.0
110130,3.0,0.0
110281,1.0,0.0
110286,1.0,0.0
110297,3.0,0.0
110330,1.0,0.0
110350,1.0,0.0
110387,1.0,0.0
110501,7.0,0.0
110541,1.0,0.0
110553,11.0,0.0
110586,1.0,0.0
110591,1.0,0.0
110603,1.0,0.0
110611,1.0,0.0
110655,2.0,0.0
110669,2.0,0.0
110718,1.0,0.0
110730,7.0,0.0
110746,1.0,0.0
110771,6.0,0.0
110773,1.0,0.0
110781,1.0,0.0
110826,1.0,0.0
110882,3.0,0.0
111113,12.0,0.0
111146,1.0,0.0
111320,1.0,0.0
111360,14.0,0.0
111362,30.0,0.0
111364,13.0,1.0
111375,1.0,0.0
111384,1.0,0.0
111443,2.0,0.0
111551,1.0,0.0
111617,8.0,0.0
111622,3.0,0.0
111659,16.0,0.0
111663,2.0,0.0
111680,1.0,0.0
111732,1.0,0.0
111743,12.0,4.0
111759,44.0,0.0
111781,17.0,0.0
111785,1.0,0.0
111795,1.0,0.0
111800,1.0,0.0
111817,1.0,0.0
111844,1.0,0.0
111913,1.0,0.0
111921,9.0,0.0
112006,3.0,0.0
112070,1.0,0.0
112138,19.0,0.0
112171,9.0,0.0
112175,15.0,0.0
112183,26.0,0.0
112290,17.0,0.0
112303,1.0,0.0
112316,1.0,0.0
112326,1.0,0.0
112334,1.0,0.0
112370,4.0,0.0
112421,3.0,6.0
112450,1.0,0.0
112454,1.0,0.0
112460,2.0,0.0
112497,2.0,0.0
112512,1.0,0.0
112515,3.0,4.0
112552,38.0,9.0
112556,37.0,2.0
112580,1.0,0.0
112623,15.0,0.0
112727,1.0,0.0
112749,1.0,0.0
112788,5.0,0.0
112804,3.0,0.0
112818,5.0,0.0
112852,59.0,4.0
112868,1.0,0.0
112897,3.0,0.0
112911,4.0,0.0
112940,1.0,0.0
113159,1.0,0.0
113186,1.0,0.0
113207,1.0,0.0
113225,1.0,0.0
113252,2.0,0.0
113275,1.0,0.0
113278,1.0,0.0
113280,1.0,0.0
113313,1.0,0.0
113345,2.0,0.0
113348,4.0,0.0
113350,1.0,0.0
113374,1.0,0.0
113378,5.0,0.0
113394,1.0,0.0
113416,1.0,0.0
113453,5.0,0.0
113532,2.0,0.0
113565,1.0,0.0
113573,4.0,0.0
113604,1.0,0.0
113705,1.0,1.0
113741,2.0,0.0
113780,1.0,0.0
113829,1.0,0.0
113849,1.0,0.0
113862,1.0,0.0
114028,2.0,0.0
114044,1.0,0.0
114060,3.0,0.0
114066,1.0,0.0
114074,3.0,0.0
114126,1.0,0.0
114180,16.0,8.0
114184,1.0,0.0
114246,1.0,0.0
114265,1.0,0.0
114335,1.0,0.0
114396,1.0,0.0
114494,1.0,0.0
114554,1.0,0.0
114601,2.0,0.0
114627,2.0,4.0
114662,15.0,0.0
114670,1.0,0.0
114678,2.0,0.0
114707,1.0,0.0
114713,2.0,0.0
114762,3.0,0.0
114795,4.0,0.0
114818,3.0,0.0
114847,1.0,0.0
114925,1.0,0.0
114935,10.0,0.0
115065,1.0,0.0
115111,1.0,0.0
115122,3.0,0.0
115149,29.0,9.0
115151,1.0,0.0
115170,1.0,0.0
115203,1.0,0.0
115210,13.0,0.0
115216,1.0,0.0
115231,2.0,0.0
115502,1.0,0.0
115569,18.0,0.0
115617,41.0,6.0
115664,2.0,0.0
115667,1.0,0.0
115680,3.0,0.0
115713,28.0,0.0
115727,1.0,0.0
115819,1.0,0.0
115828,1.0,0.0
115877,3.0,0.0
115969,1.0,0.0
116044,1.0,0.0
116138,1.0,0.0
116169,1.0,0.0
116207,1.0,0.0
116411,1.0,0.0
116413,1.0,0.0
116419,1.0,0.0
116505,1.0,0.0
116529,1.0,0.0
116668,2.0,0.0
116718,1.0,0.0
116724,1.0,0.0
116738,1.0,0.0
116797,50.0,2.0
116799,6.0,0.0
116817,1.0,0.0
116823,23.0,0.0
116849,1.0,0.0
116887,2.0,0.0
116897,10.0,6.0
116941,1.0,0.0
116963,1.0,0.0
116977,3.0,0.0
116985,1.0,0.0
117107,1.0,0.0
117109,2.0,0.0
117133,1.0,0.0
117176,17.0,0.0
117192,3.0,0.0
117364,1.0,0.0
117368,1.0,0.0
117444,1.0,0.0
117466,3.0,0.0
117511,1.0,0.0
117529,23.0,0.0
117531,1.0,0.0
117533,4.0,0.0
117545,2.0,0.0
117572,1.0,0.0
117590,11.0,0.0
117630,1.0,0.0
117646,1.0,0.0
117849,1.0,0.0
117851,5.0,0.0
117867,1.0,0.0
117877,1.0,2.0
117881,5.0,0.0
117887,4.0,1.0
117895,6.0,0.0
117922,1.0,0.0
118082,1.0,0.0
118166,1.0,0.0
118198,1.0,0.0
118248,1.0,0.0
118270,1.0,0.0
118290,1.0,0.0
118326,1.0,0.0
118354,1.0,0.0
118512,1.0,0.0
118530,1.0,0.0
118572,2.0,0.0
118696,18.0,1.0
118700,2.0,0.0
118702,3.0,0.0
118706,1.0,0.0
118784,1.0,3.0
118814,1.0,0.0
118834,1.0,0.0
118862,1.0,0.0
118880,2.0,0.0
118888,2.0,0.0
118894,1.0,0.0
118896,1.0,0.0
118900,5.0,0.0
118924,2.0,0.0
118930,1.0,0.0
118985,2.0,1.0
118997,5.0,0.0
119068,1.0,0.0
119141,12.0,6.0
119145,36.0,1.0
119153,1.0,0.0
119155,6.0,0.0
119167,1.0,0.0
119218,1.0,0.0
119655,2.0,0.0
119714,1.0,0.0
119828,1.0,0.0
119964,1.0,0.0
120130,1.0,0.0
120138,1.0,0.0
120466,10.0,0.0
120478,3.0,0.0
120625,1.0,0.0
120635,5.0,3.0
120637,2.0,0.0
120761,1.0,0.0
120783,1.0,0.0
120799,9.0,0.0
120807,1.0,0.0
120813,1.0,0.0
120827,1.0,0.0
120919,1.0,0.0
121007,1.0,0.0
121035,1.0,0.0
121097,2.0,0.0
121099,1.0,0.0
121129,1.0,0.0
121169,1.0,0.0
121171,1.0,0.0
121231,4.0,0.0
121253,1.0,0.0
121338,1.0,0.0
121342,1.0,0.0
121372,1.0,0.0
121374,1.0,0.0
121469,1.0,0.0
121715,1.0,0.0
121781,1.0,0.0
122092,1.0,0.0
122246,1.0,0.0
122260,1.0,0.0
122433,1.0,0.0
122490,1.0,0.0
122627,1.0,0.0
122882,47.0,3.0
122884,2.0,0.0
122886,41.0,0.0
122888,1.0,0.0
122890,6.0,0.0
122892,27.0,0.0
122896,7.0,0.0
122898,6.0,0.0
122900,27.0,0.0
122902,5.0,0.0
122904,54.0,0.0
122906,11.0,0.0
122912,13.0,15.0
122916,20.0,5.0
122918,27.0,1.0
122920,22.0,0.0
122922,22.0,1.0
122924,14.0,0.0
122926,16.0,0.0
122932,1.0,0.0
123200,1.0,0.0
123310,1.0,0.0
123545,1.0,0.0
123553,1.0,0.0
123947,2.0,0.0
124273,1.0,0.0
124404,1.0,0.0
124484,1.0,0.0
124851,1.0,0.0
124853,1.0,0.0
124859,1.0,0.0
125221,1.0,0.0
125914,1.0,0.0
125916,3.0,0.0
125970,1.0,0.0
125974,2.0,0.0
126088,1.0,0.0
126090,1.0,0.0
126142,1.0,0.0
126420,1.0,0.0
126426,1.0,0.0
126430,2.0,0.0
126482,1.0,0.0
126548,6.0,2.0
126577,1.0,0.0
126921,1.0,0.0
127052,3.0,0.0
127096,4.0,0.0
127098,4.0,0.0
127108,4.0,0.0
127114,1.0,0.0
127116,1.0,0.0
127130,1.0,0.0
127132,1.0,0.0
127134,1.0,0.0
127136,2.0,0.0
127146,1.0,0.0
127152,2.0,0.0
127164,1.0,0.0
127172,1.0,3.0
127180,1.0,0.0
127184,1.0,0.0
127194,1.0,0.0
127198,6.0,0.0
127202,6.0,0.0
127204,2.0,0.0
127212,1.0,0.0
127298,2.0,2.0
127319,1.0,0.0
127323,1.0,0.0
127390,1.0,0.0
128087,1.0,0.0
128089,1.0,0.0
128097,1.0,0.0
128099,1.0,0.0
128197,1.0,0.0
128360,18.0,9.0
128366,1.0,0.0
128488,1.0,0.0
128512,2.0,0.0
128520,5.0,0.0
128542,1.0,0.0
128592,1.0,0.0
128594,1.0,0.0
128620,5.0,0.0
128695,1.0,0.0
128736,1.0,0.0
128832,1.0,0.0
128838,1.0,0.0
128842,1.0,0.0
128852,2.0,0.0
128900,1.0,0.0
128902,1.0,0.0
128908,1.0,0.0
128914,1.0,0.0
128944,1.0,0.0
128968,2.0,0.0
128975,4.0,0.0
128991,1.0,0.0
129011,1.0,0.0
129229,1.0,0.0
129250,1.0,0.0
129313,1.0,0.0
129333,1.0,0.0
129354,10.0,0.0
129397,2.0,0.0
129428,2.0,0.0
129514,1.0,0.0
129657,1.0,0.0
129659,1.0,0.0
129737,2.0,0.0
129779,1.0,0.0
129937,3.0,0.0
130050,1.0,0.0
130052,1.0,0.0
130073,1.0,0.0
130083,1.0,0.0
130087,2.0,0.0
130444,1.0,0.0
130450,3.0,0.0
130452,1.0,0.0
130482,1.0,0.0
130490,6.0,0.0
130498,1.0,0.0
130518,3.0,0.0
130520,8.0,0.0
130576,4.0,0.0
130578,1.0,0.0
130634,6.0,0.0
130686,1.0,0.0
130840,1.0,0.0
130842,1.0,0.0
130970,1.0,0.0
130976,1.0,0.0
130978,1.0,0.0
131013,8.0,0.0
131023,1.0,0.0
131098,1.0,0.0
131104,1.0,0.0
131130,1.0,0.0
131237,1.0,0.0
131439,1.0,0.0
131480,1.0,0.0
131578,1.0,0.0
131610,1.0,0.0
131656,2.0,0.0
131714,3.0,0.0
131724,1.0,0.0
131739,1.0,0.0
131749,1.0,0.0
131796,1.0,0.0
131826,2.0,0.0
131920,1.0,0.0
131934,1.0,0.0
132046,7.0,0.0
132084,1.0,0.0
132153,1.0,0.0
132157,4.0,0.0
132333,1.0,0.0
132335,1.0,0.0
132362,1.0,0.0
132422,2.0,0.0
132424,2.0,0.0
132454,1.0,0.0
132462,1.0,0.0
132488,1.0,0.0
132496,1.0,0.0
132584,1.0,0.0
132618,1.0,0.0
132660,2.0,0.0
132796,4.0,0.0
132800,2.0,0.0
132888,1.0,0.0
133115,1.0,0.0
133195,1.0,0.0
133217,1.0,0.0
133281,1.0,0.0
133365,1.0,0.0
133377,1.0,0.0
133419,9.0,0.0
133545,1.0,0.0
133645,1.0,0.0
133712,2.0,0.0
133716,1.0,0.0
133771,7.0,0.0
133780,1.0,0.0
133782,1.0,0.0
133798,1.0,0.0
133802,2.0,0.0
133832,1.0,0.0
133867,1.0,0.0
133879,1.0,0.0
134004,1.0,0.0
134019,1.0,0.0
134021,1.0,0.0
134041,1.0,0.0
134095,1.0,0.0
134109,1.0,0.0
134130,48.0,1.0
134158,1.0,0.0
134170,7.0,3.0
134184,1.0,0.0
134214,4.0,0.0
134246,1.0,0.0
134248,1.0,0.0
134252,1.0,0.0
134326,1.0,0.0
134334,1.0,0.0
134368,16.0,0.0
134393,10.0,0.0
134515,1.0,0.0
134524,1.0,0.0
134528,1.0,0.0
134775,1.0,0.0
134783,1.0,0.0
134796,1.0,0.0
134808,1.0,0.0
134847,1.0,0.0
134849,1.0,0.0
134853,43.0,0.0
134859,1.0,0.0
134861,1.0,0.0
134881,3.0,0.0
135133,10.0,7.0
135137,6.0,0.0
135143,14.0,0.0
135198,1.0,0.0
135216,1.0,0.0
135288,1.0,0.0
135436,7.0,0.0
135456,2.0,0.0
135518,2.0,4.0
135532,3.0,0.0
135534,1.0,0.0
135536,12.0,19.0
135567,4.0,0.0
135569,15.0,0.0
135777,1.0,0.0
135787,1.0,0.0
135803,1.0,0.0
135815,1.0,0.0
135861,9.0,0.0
135885,1.0,0.0
135887,15.0,0.0
135937,1.0,0.0
136012,1.0,0.0
136016,4.0,0.0
136018,3.0,0.0
136020,17.0,0.0
136024,1.0,0.0
136297,1.0,0.0
136305,2.0,0.0
136341,1.0,0.0
136353,1.0,0.0
136355,1.0,0.0
136359,1.0,0.0
136443,1.0,0.0
136445,1.0,0.0
136447,1.0,0.0
136449,2.0,0.0
136469,1.0,0.0
136471,1.0,0.0
136503,1.0,0.0
136511,1.0,0.0
136540,1.0,0.0
136556,1.0,0.0
136562,6.0,0.0
136564,1.0,0.0
136598,6.0,0.0
136602,2.0,0.0
136654,1.0,0.0
136664,1.0,0.0
136666,2.0,0.0
136778,1.0,0.0
136786,1.0,0.0
136800,1.0,0.0
136816,1.0,0.0
136834,1.0,0.0
136838,1.0,0.0
136840,1.0,0.0
136850,1.0,0.0
136859,1.0,0.0
136864,16.0,9.0
136912,1.0,0.0
136958,1.0,0.0
137218,1.0,0.0
137337,4.0,0.0
137345,1.0,0.0
137517,1.0,0.0
137595,1.0,0.0
137857,11.0,0.0
137859,1.0,0.0
137863,1.0,0.0
138036,18.0,2.0
138186,1.0,0.0
138204,2.0,0.0
138208,2.0,0.0
138210,5.0,0.0
138396,1.0,0.0
138546,1.0,0.0
138610,1.0,0.0
138632,1.0,0.0
138702,1.0,0.0
138798,1.0,0.0
138835,1.0,0.0
138966,1.0,0.0
139052,1.0,0.0
139130,1.0,0.0
139157,1.0,0.0
139385,31.0,7.0
139415,1.0,0.0
139511,1.0,0.0
139640,1.0,0.0
139642,6.0,0.0
139644,11.0,2.0
139655,1.0,0.0
139717,2.0,0.0
139747,1.0,0.0
139855,2.0,0.0
139857,1.0,0.0
139859,1.0,0.0
139915,2.0,0.0
139994,1.0,0.0
140016,1.0,0.0
140038,1.0,0.0
140110,13.0,0.0
140133,1.0,0.0
140162,1.0,0.0
140174,8.0,2.0
140237,1.0,0.0
140247,4.0,0.0
140265,1.0,0.0
140267,1.0,0.0
140289,1.0,0.0
140301,1.0,0.0
140359,4.0,0.0
140481,1.0,0.0
140523,1.0,0.0
140525,1.0,0.0
140541,1.0,0.0
140561,1.0,0.0
140627,1.0,0.0
140711,6.0,0.0
140715,7.0,0.0
140725,2.0,0.0
140737,1.0,0.0
140816,1.0,0.0
140850,1.0,0.0
140852,1.0,0.0
140928,5.0,0.0
140956,4.0,0.0
141004,2.0,0.0
141131,1.0,0.0
141400,1.0,0.0
141408,2.0,0.0
141422,1.0,0.0
141513,1.0,0.0
141544,3.0,0.0
141646,1.0,0.0
141668,1.0,0.0
141688,2.0,0.0
141718,1.0,0.0
141749,2.0,0.0
141799,1.0,0.0
141810,1.0,0.0
141816,1.0,0.0
141818,1.0,0.0
141820,1.0,0.0
141830,2.0,0.0
141836,1.0,0.0
141844,1.0,0.0
141846,1.0,0.0
141866,3.0,0.0
141890,2.0,1.0
141928,1.0,0.0
141994,1.0,0.0
142020,1.0,0.0
142056,1.0,0.0
142074,1.0,0.0
142115,2.0,0.0
142196,1.0,0.0
142222,4.0,0.0
142366,1.0,0.0
142372,2.0,0.0
142420,2.0,0.0
142422,4.0,0.0
142424,1.0,0.0
142444,1.0,0.0
142448,6.0,0.0
142456,2.0,0.0
142488,19.0,0.0
142507,1.0,0.0
142509,2.0,0.0
142536,3.0,0.0
142550,1.0,0.0
142558,1.0,0.0
142598,1.0,0.0
142602,1.0,0.0
142831,1.0,0.0
142961,1.0,0.0
142997,4.0,0.0
143001,1.0,0.0
143031,1.0,0.0
143245,2.0,0.0
143255,1.0,0.0
143257,2.0,0.0
143355,13.0,0.0
143365,1.0,0.0
143367,2.0,4.0
143385,8.0,0.0
143410,1.0,0.0
143458,1.0,0.0
143472,1.0,0.0
143511,1.0,0.0
143525,1.0,0.0
143559,1.0,0.0
143859,8.0,0.0
143896,1.0,0.0
143969,3.0,0.0
144210,1.0,2.0
144222,1.0,0.0
144262,1.0,0.0
144352,1.0,0.0
144478,1.0,0.0
144522,1.0,0.0
144606,1.0,0.0
144620,2.0,0.0
144714,1.0,0.0
144716,1.0,0.0
144734,1.0,0.0
144976,2.0,0.0
145080,1.0,0.0
145150,1.0,0.0
145283,1.0,0.0
145418,1.0,0.0
145491,1.0,0.0
145724,1.0,0.0
145745,1.0,0.0
145839,3.0,0.0
145935,1.0,0.0
145951,1.0,0.0
145994,1.0,0.0
146024,1.0,0.0
146028,1.0,0.0
146210,1.0,0.0
146244,1.0,0.0
146309,1.0,0.0
146656,8.0,0.0
146662,1.0,0.0
146682,1.0,0.0
146684,1.0,0.0
146688,1.0,0.0
146730,1.0,0.0
146986,1.0,0.0
147002,1.0,0.0
147142,1.0,0.0
147196,1.0,0.0
147250,1.0,0.0
147282,1.0,0.0
147286,1.0,0.0
147300,1.0,0.0
147326,1.0,0.0
147328,1.0,0.0
147330,1.0,0.0
147372,2.0,0.0
147374,3.0,0.0
147376,2.0,0.0
147378,4.0,0.0
147380,4.0,0.0
147382,3.0,0.0
147384,4.0,0.0
147410,1.0,0.0
147657,1.0,0.0
147662,1.0,0.0
147936,1.0,0.0
148166,1.0,0.0
148172,2.0,0.0
148238,1.0,0.0
148424,2.0,0.0
148482,1.0,0.0
148592,1.0,0.0
148626,26.0,3.0
148632,1.0,0.0
148652,2.0,0.0
148667,1.0,0.0
148671,2.0,0.0
148675,1.0,0.0
148709,1.0,0.0
148775,1.0,0.0
148881,2.0,2.0
148888,3.0,0.0
148956,4.0,0.0
148978,1.0,0.0
148982,1.0,0.0
149011,1.0,0.0
149144,1.0,0.0
149146,1.0,0.0
149330,1.0,0.0
149334,1.0,0.0
149350,1.0,0.0
149352,6.0,0.0
149354,7.0,0.0
149380,1.0,0.0
149406,8.0,0.0
149508,1.0,0.0
149566,1.0,0.0
149590,1.0,0.0
149612,1.0,0.0
149830,1.0,0.0
149902,1.0,0.0
150254,1.0,0.0
150401,2.0,0.0
150548,10.0,0.0
150554,1.0,0.0
150596,2.0,0.0
150604,1.0,0.0
150696,1.0,0.0
150993,1.0,0.0
151311,1.0,0.0
151315,3.0,0.0
151317,1.0,0.0
151455,3.0,0.0
151479,1.0,0.0
151501,1.0,0.0
151557,1.0,0.0
151559,1.0,0.0
151653,1.0,0.0
151687,1.0,0.0
151695,1.0,0.0
151739,4.0,0.0
151745,1.0,0.0
151759,1.0,0.0
151763,2.0,0.0
151769,1.0,0.0
151777,1.0,0.0
151781,1.0,0.0
152037,2.0,0.0
152063,1.0,0.0
152065,1.0,0.0
152071,1.0,0.0
152077,14.0,2.0
152079,2.0,0.0
152081,32.0,0.0
152083,3.0,0.0
152085,1.0,0.0
152091,4.0,0.0
152105,1.0,0.0
152173,1.0,0.0
152270,1.0,0.0
152284,1.0,0.0
152372,1.0,0.0
152591,1.0,0.0
152658,1.0,0.0
152711,1.0,5.0
152970,4.0,0.0
153070,1.0,1.0
153236,1.0,0.0
153386,1.0,0.0
153408,1.0,0.0
154065,1.0,0.0
154358,1.0,0.0
154975,1.0,0.0
155064,2.0,0.0
155168,1.0,0.0
155288,3.0,2.0
155358,1.0,0.0
155509,3.0,0.0
155589,1.0,0.0
155659,1.0,0.0
155743,1.0,0.0
155774,1.0,0.0
155812,2.0,0.0
155820,2.0,0.0
155892,1.0,0.0
156025,1.0,0.0
156371,3.0,1.0
156387,3.0,0.0
156553,1.0,0.0
156605,1.0,3.0
156607,3.0,0.0
156609,5.0,0.0
156675,1.0,0.0
156706,1.0,0.0
156726,3.0,0.0
156781,1.0,0.0
156783,1.0,0.0
157108,1.0,0.0
157110,1.0,0.0
157122,1.0,0.0
157130,1.0,0.0
157172,1.0,0.0
157200,2.0,0.0
157270,1.0,0.0
157296,13.0,0.0
157312,3.0,0.0
157340,1.0,0.0
157369,1.0,0.0
157407,1.0,0.0
157432,1.0,0.0
157699,6.0,0.0
157775,1.0,0.0
157865,1.0,0.0
158022,1.0,0.0
158027,1.0,0.0
158035,1.0,0.0
158238,15.0,0.0
158254,1.0,0.0
158388,1.0,0.0
158398,1.0,0.0
158402,1.0,0.0
158528,1.0,0.0
158721,1.0,0.0
158783,3.0,0.0
158813,4.0,0.0
158830,1.0,0.0
158842,1.0,0.0
158872,7.0,5.0
158874,1.0,0.0
158882,1.0,0.0
158956,2.0,0.0
158966,5.0,6.0
158972,3.0,0.0
159061,1.0,0.0
159069,1.0,0.0
159077,1.0,0.0
159093,11.0,0.0
159161,1.0,0.0
159193,1.0,0.0
159403,1.0,0.0
159415,2.0,0.0
159441,2.0,0.0
159510,1.0,0.0
159690,1.0,0.0
159717,2.0,0.0
159755,2.0,0.0
159779,1.0,0.0
159811,1.0,0.0
159817,7.0,0.0
159849,1.0,0.0
159858,2.0,0.0
159976,1.0,0.0
160080,8.0,0.0
160271,4.0,0.0
160289,1.0,0.0
160341,1.0,0.0
160400,1.0,0.0
160422,1.0,0.0
160438,9.0,0.0
160440,1.0,0.0
160527,1.0,0.0
160563,6.0,0.0
160565,2.0,0.0
160567,3.0,0.0
160569,1.0,0.0
160571,2.0,0.0
160573,1.0,0.0
160644,1.0,0.0
160646,1.0,0.0
160684,1.0,0.0
160718,2.0,0.0
160730,1.0,0.0
160836,1.0,0.0
160848,1.0,0.0
160872,1.0,0.0
160954,4.0,0.0
160978,1.0,0.0
160980,6.0,0.0
161008,1.0,0.0
161024,1.0,0.0
161032,1.0,0.0
161044,1.0,0.0
161127,2.0,0.0
161131,8.0,0.0
161290,1.0,0.0
161354,1.0,0.0
161580,3.0,0.0
161582,8.0,0.0
161594,1.0,0.0
161634,5.0,1.0
161830,1.0,0.0
161918,1.0,0.0
161922,2.0,0.0
161966,1.0,0.0
162082,1.0,0.0
162344,1.0,0.0
162350,6.0,0.0
162414,1.0,0.0
162478,3.0,0.0
162578,6.0,0.0
162590,1.0,0.0
162598,1.0,0.0
162600,3.0,0.0
162602,1.0,0.0
162606,6.0,0.0
162828,1.0,0.0
162968,1.0,0.0
162982,1.0,0.0
163056,1.0,0.0
163072,1.0,0.0
163112,1.0,0.0
163134,3.0,0.0
163386,1.0,0.0
163527,1.0,0.0
163639,1.0,0.0
163645,8.0,0.0
163653,1.0,0.0
163809,1.0,0.0
163925,1.0,0.0
163937,1.0,0.0
163981,1.0,0.0
163985,1.0,0.0
164179,26.0,7.0
164200,2.0,0.0
164226,1.0,0.0
164280,1.0,0.0
164367,1.0,0.0
164375,1.0,0.0
164540,1.0,0.0
164647,1.0,0.0
164655,1.0,0.0
164707,1.0,0.0
164753,1.0,0.0
164881,1.0,0.0
164909,9.0,2.0
164917,2.0,0.0
165075,1.0,0.0
165101,4.0,0.0
165103,2.0,0.0
165139,1.0,0.0
165343,1.0,0.0
165347,1.0,0.0
165483,1.0,0.0
165489,1.0,0.0
165529,1.0,0.0
165549,5.0,0.0
165551,1.0,0.0
165635,1.0,0.0
165639,3.0,0.0
165645,1.0,0.0
165671,1.0,0.0
165843,1.0,0.0
165947,2.0,0.0
165959,1.0,0.0
165969,2.0,0.0
166015,1.0,0.0
166024,2.0,0.0
166183,1.0,0.0
166203,1.0,0.0
166291,2.0,0.0
166461,10.0,0.0
166492,3.0,0.0
166526,1.0,0.0
166528,27.0,0.0
166534,6.0,0.0
166558,1.0,0.0
166568,2.0,0.0
166635,6.0,0.0
166643,10.0,0.0
166705,1.0,0.0
166946,2.0,0.0
167018,4.0,0.0
167036,4.0,0.0
167064,1.0,0.0
167296,1.0,0.0
167370,2.0,0.0
167380,1.0,0.0
167538,1.0,0.0
167570,1.0,0.0
167634,1.0,0.0
167706,1.0,0.0
167732,1.0,0.0
167746,7.0,2.0
167772,1.0,0.0
167790,1.0,0.0
167854,1.0,0.0
168026,1.0,0.0
168090,1.0,0.0
168144,1.0,0.0
168174,1.0,0.0
168218,1.0,0.0
168248,7.0,8.0
168250,15.0,0.0
168252,25.0,5.0
168254,4.0,0.0
168266,4.0,0.0
168326,4.0,0.0
168350,1.0,0.0
168358,1.0,0.0
168366,2.0,0.0
168418,5.0,0.0
168456,1.0,0.0
168492,4.0,0.0
168608,1.0,0.0
168612,2.0,0.0
168632,1.0,0.0
168712,1.0,0.0
168846,1.0,0.0
169034,1.0,0.0
169180,1.0,0.0
169670,1.0,0.0
169904,1.0,0.0
169912,2.0,0.0
169958,1.0,0.0
169982,1.0,0.0
169984,5.0,0.0
169992,1.0,0.0
170289,1.0,0.0
170297,1.0,0.0
170355,2.0,0.0
170357,1.0,0.0
170399,1.0,0.0
170401,1.0,0.0
170411,1.0,0.0
170551,1.0,0.0
170597,1.0,0.0
170697,4.0,0.0
170705,7.0,0.0
170777,1.0,0.0
170813,3.0,0.0
170817,1.0,0.0
170827,1.0,0.0
170837,1.0,0.0
170875,3.0,0.0
170897,1.0,0.0
170907,1.0,0.0
170937,1.0,0.0
170939,1.0,0.0
170945,1.0,2.0
170957,1.0,0.0
170993,1.0,0.0
171011,5.0,0.0
171023,1.0,0.0
171251,1.0,0.0
171495,2.0,0.0
171631,1.0,0.0
171695,1.0,0.0
171701,1.0,0.0
171749,1.0,0.0
171751,1.0,0.0
171759,1.0,0.0
171763,9.0,0.0
171765,2.0,0.0
171811,1.0,0.0
171867,2.0,0.0
171891,1.0,0.0
171917,1.0,0.0
172013,1.0,0.0
172215,2.0,0.0
172229,1.0,0.0
172233,1.0,0.0
172253,1.0,0.0
172321,1.0,0.0
172461,1.0,0.0
172497,1.0,0.0
172547,2.0,0.0
172577,1.0,0.0
172583,1.0,0.0
172585,1.0,0.0
172587,1.0,0.0
172589,1.0,0.0
172591,2.0,0.0
172637,1.0,0.0
172705,1.0,0.0
172793,1.0,0.0
172825,1.0,0.0
172875,1.0,0.0
172881,1.0,0.0
172887,1.0,0.0
172909,1.0,0.0
173145,4.0,0.0
173197,2.0,0.0
173205,1.0,0.0
173209,1.0,0.0
173235,1.0,0.0
173253,1.0,0.0
173255,1.0,0.0
173291,4.0,0.0
173307,1.0,0.0
173317,1.0,0.0
173351,1.0,0.0
173355,1.0,0.0
173535,1.0,0.0
173619,1.0,0.0
173751,1.0,0.0
173873,1.0,0.0
173925,2.0,0.0
173941,1.0,0.0
173963,1.0,0.0
174045,1.0,0.0
174053,4.0,5.0
174055,13.0,3.0
174141,1.0,0.0
174403,1.0,0.0
174479,1.0,0.0
174551,1.0,0.0
174681,1.0,0.0
174727,1.0,0.0
174737,1.0,0.0
174815,1.0,0.0
174909,1.0,0.0
175197,1.0,0.0
175199,1.0,0.0
175293,1.0,0.0
175303,9.0,0.0
175387,1.0,0.0
175397,1.0,0.0
175401,1.0,0.0
175431,1.0,0.0
175435,1.0,0.0
175475,1.0,0.0
175485,3.0,0.0
175569,5.0,0.0
175577,1.0,0.0
175585,1.0,0.0
175661,3.0,0.0
175693,1.0,0.0
175705,1.0,0.0
175707,1.0,0.0
175743,1.0,0.0
175781,1.0,0.0
176051,1.0,0.0
176101,8.0,0.0
176329,1.0,0.0
176371,18.0,8.0
176389,1.0,0.0
176413,1.0,0.0
176415,1.0,0.0
176419,2.0,3.0
176423,1.0,0.0
176579,1.0,0.0
176601,1.0,0.0
176621,1.0,0.0
176751,2.0,0.0
176805,1.0,0.0
176935,1.0,0.0
177185,1.0,0.0
177285,1.0,0.0
177593,8.0,0.0
177615,3.0,0.0
177763,3.0,0.0
177765,13.0,0.0
177939,1.0,0.0
178061,3.0,0.0
178111,1.0,0.0
178129,1.0,0.0
178323,1.0,0.0
178613,1.0,0.0
178615,1.0,0.0
178827,2.0,0.0
179053,1.0,0.0
179073,1.0,0.0
179119,1.0,0.0
179133,1.0,0.0
179135,1.0,0.0
179211,2.0,0.0
179401,6.0,4.0
179427,1.0,0.0
179491,1.0,0.0
179511,1.0,0.0
179709,1.0,0.0
179749,1.0,0.0
179813,1.0,0.0
179815,1.0,0.0
179817,3.0,0.0
179819,12.0,0.0
179953,1.0,0.0
180031,8.0,2.0
180045,1.0,0.0
180095,3.0,0.0
180231,1.0,0.0
180263,1.0,0.0
180265,1.0,0.0
180297,2.0,0.0
180497,2.0,0.0
180777,1.0,0.0
180985,5.0,1.0
180987,1.0,0.0
181065,2.0,0.0
181139,1.0,0.0
181315,1.0,0.0
181413,1.0,0.0
181659,1.0,0.0
181719,1.0,0.0
182293,1.0,0.0
182297,1.0,0.0
182299,1.0,0.0
182639,1.0,0.0
182715,3.0,0.0
182727,1.0,0.0
182731,1.0,0.0
182749,1.0,0.0
182793,1.0,0.0
182823,4.0,0.0
183011,1.0,0.0
183197,1.0,0.0
183199,1.0,0.0
183227,1.0,0.0
183295,1.0,0.0
183301,1.0,0.0
183317,1.0,0.0
183611,1.0,3.0
183635,1.0,0.0
183897,5.0,0.0
183911,1.0,0.0
183959,1.0,0.0
184015,2.0,0.0
184053,1.0,0.0
184245,1.0,0.0
184253,2.0,0.0
184257,1.0,0.0
184349,1.0,0.0
184471,4.0,3.0
184641,1.0,0.0
184721,1.0,0.0
184791,2.0,0.0
184931,1.0,0.0
184987,1.0,0.0
184997,1.0,0.0
185029,4.0,0.0
185031,1.0,0.0
185033,1.0,0.0
185135,2.0,0.0
185435,1.0,0.0
185473,1.0,0.0
185585,2.0,0.0
186587,1.0,0.0
187031,2.0,0.0
187541,4.0,0.0
187593,12.0,3.0
187595,5.0,2.0
187717,1.0,0.0
188189,1.0,0.0
188301,3.0,0.0
188675,1.0,0.0
188751,1.0,0.0
188797,1.0,0.0
188833,1.0,0.0
189043,1.0,0.0
189111,1.0,0.0
189333,2.0,0.0
189381,1.0,0.0
189547,1.0,0.0
189713,1.0,0.0
190183,1.0,0.0
190207,1.0,0.0
190209,1.0,0.0
190213,1.0,0.0
190215,1.0,0.0
190219,1.0,0.0
190221,1.0,0.0
191005,1.0,0.0
193565,1.0,4.0
193567,1.0,0.0
193571,1.0,0.0
193573,1.0,0.0
193579,1.0,0.0
193581,1.0,0.0
193583,1.0,0.0
193585,1.0,0.0
193587,1.0,0.0
193609,1.0,0.0
1076,0.0,1.0
2939,0.0,1.0
3338,0.0,1.0
3456,0.0,1.0
4194,0.0,1.0
5721,0.0,2.0
6668,0.0,1.0
6849,0.0,1.0
7020,0.0,1.0
7792,0.0,1.0
8765,0.0,1.0
25855,0.0,1.0
26085,0.0,1.0
30892,0.0,3.0
32160,0.0,1.0
32371,0.0,1.0
34482,0.0,1.0
85565,0.0,1.0
