columna,movieId,title,genres
0,1,Toy Story (1995),Animation|Children's|Comedy
1,2,Jumanji (1995),Adventure|Children's|Fantasy
2,3,Grumpier Old Men (1995),Comedy|Romance
3,4,Waiting to Exhale (1995),Comedy|Drama
4,5,Father of the Bride Part II (1995),Comedy
5,6,Heat (1995),Action|Crime|Thriller
6,7,Sabrina (1995),Comedy|Romance
7,8,Tom and Huck (1995),Adventure|Children's
8,9,Sudden Death (1995),Action
9,10,GoldenEye (1995),Action|Adventure|Thriller
10,11,"American President, The (1995)",Comedy|Drama|Romance
11,12,Dracula: Dead and Loving It (1995),Comedy|Horror
12,13,Balto (1995),Animation|Children's
13,14,Nixon (1995),Drama
14,15,Cutthroat Island (1995),Action|Adventure|Romance
15,16,Casino (1995),Drama|Thriller
16,17,Sense and Sensibility (1995),Drama|Romance
17,18,Four Rooms (1995),Thriller
18,19,Ace Ventura: When Nature Calls (1995),Comedy
19,20,Money Train (1995),Action
20,21,Get Shorty (1995),Action|Comedy|Drama
21,22,Copycat (1995),Crime|Drama|Thriller
22,23,Assassins (1995),Thriller
23,24,Powder (1995),Drama|Sci-Fi
24,25,Leaving Las Vegas (1995),Drama|Romance
25,26,Othello (1995),Drama
26,27,Now and Then (1995),Drama
27,28,Persuasion (1995),Romance
28,29,"City of Lost Children, The (1995)",Adventure|Sci-Fi
29,30,Shanghai Triad (Yao a yao yao dao waipo qiao) (1995),Drama
30,31,Dangerous Minds (1995),Drama
31,32,Twelve Monkeys (1995),Drama|Sci-Fi
32,33,Wings of Courage (1995),Adventure|Romance
33,34,Babe (1995),Children's|Comedy|Drama
34,35,Carrington (1995),Drama|Romance
35,36,Dead Man Walking (1995),Drama
36,37,Across the Sea of Time (1995),Documentary
37,38,It Takes Two (1995),Comedy
38,39,Clueless (1995),Comedy|Romance
39,40,"Cry, the Beloved Country (1995)",Drama
40,41,Richard III (1995),Drama|War
41,42,Dead Presidents (1995),Action|Crime|Drama
42,43,Restoration (1995),Drama
43,44,Mortal Kombat (1995),Action|Adventure
44,45,To Die For (1995),Comedy|Drama
45,46,How to Make an American Quilt (1995),Drama|Romance
46,47,Seven (Se7en) (1995),Crime|Thriller
47,48,Pocahontas (1995),Animation|Children's|Musical|Romance
48,49,When Night Is Falling (1995),Drama|Romance
49,50,"Usual Suspects, The (1995)",Crime|Thriller
50,52,Mighty Aphrodite (1995),Comedy
51,53,Lamerica (1994),Drama
52,54,"Big Green, The (1995)",Children's|Comedy
53,55,Georgia (1995),Drama
54,56,Kids of the Round Table (1995),Adventure|Children's|Fantasy
55,57,Home for the Holidays (1995),Drama
56,58,"Postino, Il (The Postman) (1994)",Drama|Romance
57,59,"Confessional, The (Le Confessionnal) (1995)",Drama|Mystery
58,60,"Indian in the Cupboard, The (1995)",Adventure|Children's|Fantasy
59,61,Eye for an Eye (1996),Drama|Thriller
60,62,Mr. Holland's Opus (1995),Drama
61,63,Don't Be a Menace to South Central While Drinking Your Juice in the Hood (1996),Comedy
62,64,Two if by Sea (1996),Comedy|Romance
63,65,Bio-Dome (1996),Comedy
64,66,Lawnmower Man 2: Beyond Cyberspace (1996),Sci-Fi|Thriller
65,67,Two Bits (1995),Drama
66,68,French Twist (Gazon maudit) (1995),Comedy|Romance
67,69,Friday (1995),Comedy
68,70,From Dusk Till Dawn (1996),Action|Comedy|Crime|Horror|Thriller
69,71,Fair Game (1995),Action
70,72,Kicking and Screaming (1995),Comedy|Drama
71,73,"Misérables, Les (1995)",Drama|Musical
72,74,Bed of Roses (1996),Drama|Romance
73,75,Big Bully (1996),Comedy|Drama
74,76,Screamers (1995),Sci-Fi|Thriller
75,77,Nico Icon (1995),Documentary
76,78,"Crossing Guard, The (1995)",Drama
77,79,"Juror, The (1996)",Drama|Thriller
78,80,"White Balloon, The (Badkonake Sefid ) (1995)",Drama
79,81,Things to Do in Denver when You're Dead (1995),Crime|Drama|Romance
80,82,Antonia's Line (Antonia) (1995),Drama
81,83,Once Upon a Time... When We Were Colored (1995),Drama
82,84,Last Summer in the Hamptons (1995),Comedy|Drama
83,85,Angels and Insects (1995),Drama|Romance
84,86,White Squall (1996),Adventure|Drama
85,87,Dunston Checks In (1996),Children's|Comedy
86,88,Black Sheep (1996),Comedy
87,89,Nick of Time (1995),Action|Thriller
88,90,"Journey of August King, The (1995)",Drama
89,92,Mary Reilly (1996),Drama|Thriller
90,93,Vampire in Brooklyn (1995),Comedy|Romance
91,94,Beautiful Girls (1996),Drama
92,95,Broken Arrow (1996),Action|Thriller
93,96,In the Bleak Midwinter (1995),Comedy
94,97,"Hate (Haine, La) (1995)",Drama
95,98,Shopping (1994),Action|Thriller
96,99,Heidi Fleiss: Hollywood Madam (1995),Documentary
97,100,City Hall (1996),Drama|Thriller
98,101,Bottle Rocket (1996),Comedy
99,102,Mr. Wrong (1996),Comedy
100,103,Unforgettable (1996),Thriller
101,104,Happy Gilmore (1996),Comedy
102,105,"Bridges of Madison County, The (1995)",Drama|Romance
103,106,Nobody Loves Me (Keiner liebt mich) (1994),Comedy|Drama
104,107,Muppet Treasure Island (1996),Adventure|Children's|Comedy|Musical
105,108,Catwalk (1995),Documentary
106,110,Braveheart (1995),Action|Drama|War
107,111,Taxi Driver (1976),Drama|Thriller
108,112,Rumble in the Bronx (1995),Action|Adventure|Crime
109,113,Before and After (1996),Drama|Mystery
110,114,Margaret's Museum (1995),Drama
111,116,Anne Frank Remembered (1995),Documentary
112,117,"Young Poisoner's Handbook, The (1995)",Crime
113,118,If Lucy Fell (1996),Comedy|Romance
114,119,"Steal Big, Steal Little (1995)",Comedy
115,120,Race the Sun (1996),Drama
116,121,"Boys of St. Vincent, The (1993)",Drama
117,122,Boomerang (1992),Comedy|Romance
118,123,Chungking Express (1994),Drama|Mystery|Romance
119,124,"Star Maker, The (Uomo delle stelle, L') (1995)",Drama
120,125,Flirting With Disaster (1996),Comedy
121,126,"NeverEnding Story III, The (1994)",Adventure|Children's|Fantasy
122,127,"Silence of the Palace, The (Saimt el Qusur) (1994)",Drama
123,128,Jupiter's Wife (1994),Documentary
124,129,Pie in the Sky (1995),Comedy|Romance
125,130,Angela (1995),Drama
126,131,Frankie Starlight (1995),Drama|Romance
127,132,Jade (1995),Thriller
128,133,Nueba Yol (1995),Comedy|Drama
129,134,Sonic Outlaws (1995),Documentary
130,135,Down Periscope (1996),Comedy
131,136,From the Journals of Jean Seberg (1995),Documentary
132,137,Man of the Year (1995),Documentary
133,138,"Neon Bible, The (1995)",Drama
134,139,Target (1995),Action|Drama
135,140,Up Close and Personal (1996),Drama|Romance
136,141,"Birdcage, The (1996)",Comedy
137,142,Shadows (Cienie) (1988),Drama
138,144,"Brothers McMullen, The (1995)",Comedy
139,145,Bad Boys (1995),Action
140,146,"Amazing Panda Adventure, The (1995)",Adventure|Children's
141,147,"Basketball Diaries, The (1995)",Drama
142,148,"Awfully Big Adventure, An (1995)",Drama
143,149,Amateur (1994),Crime|Drama|Thriller
144,150,Apollo 13 (1995),Drama
145,151,Rob Roy (1995),Drama|Romance|War
146,152,"Addiction, The (1995)",Horror
147,153,Batman Forever (1995),Action|Adventure|Comedy|Crime
148,154,Belle de jour (1967),Drama
149,155,Beyond Rangoon (1995),Drama|War
150,156,Blue in the Face (1995),Comedy
151,157,Canadian Bacon (1994),Comedy|War
152,158,Casper (1995),Adventure|Children's
153,159,Clockers (1995),Drama
154,160,Congo (1995),Action|Adventure|Mystery|Sci-Fi
155,161,Crimson Tide (1995),Drama|Thriller|War
156,162,Crumb (1994),Documentary
157,163,Desperado (1995),Action|Romance|Thriller
158,164,Devil in a Blue Dress (1995),Crime|Film-Noir|Mystery|Thriller
159,165,Die Hard: With a Vengeance (1995),Action|Thriller
160,166,"Doom Generation, The (1995)",Comedy|Drama
161,167,Feast of July (1995),Drama
162,168,First Knight (1995),Action|Adventure|Drama|Romance
163,169,Free Willy 2: The Adventure Home (1995),Adventure|Children's|Drama
164,170,Hackers (1995),Action|Crime|Thriller
165,171,Jeffrey (1995),Comedy
166,172,Johnny Mnemonic (1995),Action|Sci-Fi|Thriller
167,173,Judge Dredd (1995),Action|Adventure|Sci-Fi
168,174,Jury Duty (1995),Comedy
169,175,Kids (1995),Drama
170,176,Living in Oblivion (1995),Comedy
171,177,Lord of Illusions (1995),Horror
172,178,Love & Human Remains (1993),Comedy
173,179,Mad Love (1995),Drama|Romance
174,180,Mallrats (1995),Comedy
175,181,Mighty Morphin Power Rangers: The Movie (1995),Action|Children's
176,182,Moonlight and Valentino (1995),Drama|Romance
177,183,Mute Witness (1994),Thriller
178,184,Nadja (1994),Drama
179,185,"Net, The (1995)",Sci-Fi|Thriller
180,186,Nine Months (1995),Comedy
181,187,Party Girl (1995),Comedy
182,188,"Prophecy, The (1995)",Horror
183,189,Reckless (1995),Comedy
184,190,Safe (1995),Thriller
185,191,"Scarlet Letter, The (1995)",Drama
186,192,"Show, The (1995)",Documentary
187,193,Showgirls (1995),Drama
188,194,Smoke (1995),Drama
189,195,Something to Talk About (1995),Comedy|Drama|Romance
190,196,Species (1995),Horror|Sci-Fi
191,197,"Stars Fell on Henrietta, The (1995)",Drama
192,198,Strange Days (1995),Action|Crime|Sci-Fi
193,199,"Umbrellas of Cherbourg, The (Parapluies de Cherbourg, Les) (1964)",Drama|Musical
194,200,"Tie That Binds, The (1995)",Thriller
195,201,Three Wishes (1995),Drama
196,202,Total Eclipse (1995),Drama|Romance
197,203,"To Wong Foo, Thanks for Everything! Julie Newmar (1995)",Comedy
198,204,Under Siege 2: Dark Territory (1995),Action
199,205,Unstrung Heroes (1995),Comedy|Drama
200,206,Unzipped (1995),Documentary
201,207,"Walk in the Clouds, A (1995)",Drama|Romance
202,208,Waterworld (1995),Action|Adventure
203,209,White Man's Burden (1995),Drama
204,210,Wild Bill (1995),Western
205,211,"Browning Version, The (1994)",Drama
206,212,Bushwhacked (1995),Comedy
207,213,Burnt By the Sun (Utomlyonnye solntsem) (1994),Drama
208,214,Before the Rain (Pred dozhdot) (1994),Drama
209,215,Before Sunrise (1995),Drama|Romance
210,216,Billy Madison (1995),Comedy
211,217,"Babysitter, The (1995)",Drama|Thriller
212,218,Boys on the Side (1995),Comedy|Drama
213,219,"Cure, The (1995)",Drama
214,220,Castle Freak (1995),Horror
215,222,Circle of Friends (1995),Drama|Romance
216,223,Clerks (1994),Comedy
217,224,Don Juan DeMarco (1995),Comedy|Drama|Romance
218,225,Disclosure (1994),Drama|Thriller
219,226,Dream Man (1995),Thriller
220,227,Drop Zone (1994),Action
221,228,Destiny Turns on the Radio (1995),Comedy
222,229,Death and the Maiden (1994),Drama|Thriller
223,230,Dolores Claiborne (1994),Drama|Thriller
224,231,Dumb & Dumber (1994),Comedy
225,232,Eat Drink Man Woman (1994),Comedy|Drama
226,233,Exotica (1994),Drama
227,234,Exit to Eden (1994),Comedy
228,235,Ed Wood (1994),Comedy|Drama
229,236,French Kiss (1995),Comedy|Romance
230,237,Forget Paris (1995),Comedy|Romance
231,238,Far From Home: The Adventures of Yellow Dog (1995),Adventure|Children's
232,239,"Goofy Movie, A (1995)",Animation|Children's|Comedy|Romance
233,240,Hideaway (1995),Thriller
234,241,Fluke (1995),Children's|Drama
235,242,Farinelli: il castrato (1994),Drama|Musical
236,243,Gordy (1995),Comedy
237,244,Gumby: The Movie (1995),Animation|Children's
238,245,"Glass Shield, The (1994)",Crime|Drama
239,246,Hoop Dreams (1994),Documentary
240,247,Heavenly Creatures (1994),Drama|Fantasy|Romance|Thriller
241,248,Houseguest (1994),Comedy
242,249,Immortal Beloved (1994),Drama|Romance
243,250,Heavyweights (1994),Children's|Comedy
244,251,"Hunted, The (1995)",Action
245,252,I.Q. (1994),Comedy|Romance
246,253,Interview with the Vampire (1994),Drama|Horror
247,254,Jefferson in Paris (1995),Drama
248,255,"Jerky Boys, The (1994)",Comedy
249,256,Junior (1994),Comedy|Sci-Fi
250,257,Just Cause (1995),Mystery|Thriller
251,258,"Kid in King Arthur's Court, A (1995)",Adventure|Children's|Comedy|Fantasy|Romance
252,259,Kiss of Death (1995),Crime|Drama|Thriller
253,260,Star Wars: Episode IV - A New Hope (1977),Action|Adventure|Fantasy|Sci-Fi
254,261,Little Women (1994),Drama
255,262,"Little Princess, A (1995)",Children's|Drama
256,263,Ladybird Ladybird (1994),Drama
257,264,"Enfer, L' (1994)",Drama
258,265,Like Water for Chocolate (Como agua para chocolate) (1992),Drama|Romance
259,266,Legends of the Fall (1994),Drama|Romance|War|Western
260,267,Major Payne (1994),Comedy
261,268,Little Odessa (1994),Drama
262,269,My Crazy Life (Mi vida loca) (1993),Drama
263,270,Love Affair (1994),Drama|Romance
264,271,Losing Isaiah (1995),Drama
265,272,"Madness of King George, The (1994)",Drama
266,273,Mary Shelley's Frankenstein (1994),Drama|Horror
267,274,Man of the House (1995),Comedy
268,275,Mixed Nuts (1994),Comedy
269,276,Milk Money (1994),Comedy|Romance
270,277,Miracle on 34th Street (1994),Drama
271,278,Miami Rhapsody (1995),Comedy
272,279,My Family (1995),Drama
273,280,Murder in the First (1995),Drama|Thriller
274,281,Nobody's Fool (1994),Drama
275,282,Nell (1994),Drama
276,283,New Jersey Drive (1995),Crime|Drama
277,286,Nemesis 2: Nebula (1995),Action|Sci-Fi|Thriller
278,287,Nina Takes a Lover (1994),Comedy|Romance
279,288,Natural Born Killers (1994),Action|Thriller
280,289,Only You (1994),Comedy|Romance
281,290,Once Were Warriors (1994),Crime|Drama
282,291,Poison Ivy II (1995),Thriller
283,292,Outbreak (1995),Action|Drama|Thriller
284,293,"Professional, The (a.k.a. Leon: The Professional) (1994)",Crime|Drama|Romance|Thriller
285,294,"Perez Family, The (1995)",Comedy|Romance
286,295,"Pyromaniac's Love Story, A (1995)",Comedy|Romance
287,296,Pulp Fiction (1994),Crime|Drama
288,297,Panther (1995),Drama
289,298,Pushing Hands (1992),Comedy
290,299,Priest (1994),Drama
291,300,Quiz Show (1994),Drama
292,301,Picture Bride (1995),Drama|Romance
293,302,Queen Margot (La Reine Margot) (1994),Drama|Romance
294,303,"Quick and the Dead, The (1995)",Action|Adventure|Western
295,304,Roommates (1995),Comedy|Drama
296,305,Ready to Wear (Pret-A-Porter) (1994),Comedy
297,306,Three Colors: Red (1994),Drama
298,307,Three Colors: Blue (1993),Drama
299,308,Three Colors: White (1994),Drama
300,309,"Red Firecracker, Green Firecracker (1994)",Drama
301,310,Rent-a-Kid (1995),Comedy
302,311,Relative Fear (1994),Horror|Thriller
303,312,Stuart Saves His Family (1995),Comedy
304,313,"Swan Princess, The (1994)",Animation|Children's
305,314,"Secret of Roan Inish, The (1994)",Drama
306,315,"Specialist, The (1994)",Action
307,316,Stargate (1994),Action|Adventure|Sci-Fi
308,317,"Santa Clause, The (1994)",Children's|Comedy|Fantasy
309,318,"Shawshank Redemption, The (1994)",Drama
310,319,Shallow Grave (1994),Thriller
311,320,Suture (1993),Film-Noir|Thriller
312,321,Strawberry and Chocolate (Fresa y chocolate) (1993),Drama
313,322,Swimming with Sharks (1995),Comedy|Drama
314,324,"Sum of Us, The (1994)",Comedy
315,325,National Lampoon's Senior Trip (1995),Comedy
316,326,To Live (Huozhe) (1994),Drama
317,327,Tank Girl (1995),Action|Comedy|Musical|Sci-Fi
318,328,Tales From the Crypt Presents: Demon Knight (1995),Horror
319,329,Star Trek: Generations (1994),Action|Adventure|Sci-Fi
320,330,Tales from the Hood (1995),Comedy|Horror
321,331,Tom & Viv (1994),Drama
322,332,Village of the Damned (1995),Horror|Sci-Fi
323,333,Tommy Boy (1995),Comedy
324,334,Vanya on 42nd Street (1994),Drama
325,335,"Underneath, The (1995)",Mystery|Thriller
326,336,"Walking Dead, The (1995)",Drama|War
327,337,What's Eating Gilbert Grape (1993),Drama
328,338,Virtuosity (1995),Sci-Fi|Thriller
329,339,While You Were Sleeping (1995),Comedy|Romance
330,340,"War, The (1994)",Adventure|Drama
331,341,Double Happiness (1994),Drama
332,342,Muriel's Wedding (1994),Comedy|Romance
333,343,"Baby-Sitters Club, The (1995)",Children's
334,344,Ace Ventura: Pet Detective (1994),Comedy
335,345,"Adventures of Priscilla, Queen of the Desert, The (1994)",Comedy|Drama
336,346,Backbeat (1993),Drama|Musical
337,347,Bitter Moon (1992),Drama
338,348,Bullets Over Broadway (1994),Comedy
339,349,Clear and Present Danger (1994),Action|Adventure|Thriller
340,350,"Client, The (1994)",Drama|Mystery|Thriller
341,351,"Corrina, Corrina (1994)",Comedy|Drama|Romance
342,352,Crooklyn (1994),Comedy
343,353,"Crow, The (1994)",Action|Romance|Thriller
344,354,Cobb (1994),Drama
345,355,"Flintstones, The (1994)",Children's|Comedy
346,356,Forrest Gump (1994),Comedy|Romance|War
347,357,Four Weddings and a Funeral (1994),Comedy|Romance
348,358,Higher Learning (1995),Drama
349,359,I Like It Like That (1994),Comedy|Drama|Romance
350,360,I Love Trouble (1994),Action|Comedy
351,361,It Could Happen to You (1994),Drama|Romance
352,362,"Jungle Book, The (1994)",Adventure|Children's|Romance
353,363,"Wonderful, Horrible Life of Leni Riefenstahl, The (Die Macht der Bilder) (1993)",Documentary
354,364,"Lion King, The (1994)",Animation|Children's|Musical
355,365,Little Buddha (1993),Drama
356,366,Wes Craven's New Nightmare (1994),Horror
357,367,"Mask, The (1994)",Comedy|Crime|Fantasy
358,368,Maverick (1994),Action|Comedy|Western
359,369,Mrs. Parker and the Vicious Circle (1994),Drama
360,370,Naked Gun 33 1/3: The Final Insult (1994),Comedy
361,371,"Paper, The (1994)",Comedy|Drama
362,372,Reality Bites (1994),Comedy|Drama
363,373,Red Rock West (1992),Thriller
364,374,Richie Rich (1994),Children's|Comedy
365,375,Safe Passage (1994),Drama
366,376,"River Wild, The (1994)",Action|Thriller
367,377,Speed (1994),Action|Romance|Thriller
368,378,Speechless (1994),Comedy|Romance
369,379,Timecop (1994),Action|Sci-Fi
370,380,True Lies (1994),Action|Adventure|Comedy|Romance
371,381,When a Man Loves a Woman (1994),Drama
372,382,Wolf (1994),Drama|Horror
373,383,Wyatt Earp (1994),Western
374,384,Bad Company (1995),Action
375,385,"Man of No Importance, A (1994)",Drama
376,386,S.F.W. (1994),Drama
377,387,"Low Down Dirty Shame, A (1994)",Action|Comedy
378,388,Boys Life (1995),Drama
379,389,"Colonel Chabert, Le (1994)",Drama|Romance|War
380,390,Faster Pussycat! Kill! Kill! (1965),Action|Comedy|Drama
381,391,Jason's Lyric (1994),Crime|Drama
382,392,"Secret Adventures of Tom Thumb, The (1993)",Adventure|Children's
383,393,Street Fighter (1994),Action
384,394,Coldblooded (1995),Action
385,396,Fall Time (1995),Drama
386,397,"Fear, The (1995)",Horror
387,398,Frank and Ollie (1995),Documentary
388,401,Mirage (1995),Action|Thriller
389,402,Open Season (1996),Comedy
390,404,Brother Minister: The Assassination of Malcolm X (1994),Documentary
391,405,Highlander III: The Sorcerer (1994),Action|Sci-Fi
392,406,Federal Hill (1994),Drama
393,407,In the Mouth of Madness (1995),Horror|Thriller
394,408,8 Seconds (1994),Drama
395,409,Above the Rim (1994),Drama
396,410,Addams Family Values (1993),Comedy
397,411,You So Crazy (1994),Comedy
398,412,"Age of Innocence, The (1993)",Drama
399,413,Airheads (1994),Comedy
400,414,"Air Up There, The (1994)",Comedy
401,415,Another Stakeout (1993),Comedy|Thriller
402,416,Bad Girls (1994),Western
403,417,Barcelona (1994),Comedy|Romance
404,418,Being Human (1993),Drama
405,419,"Beverly Hillbillies, The (1993)",Comedy
406,420,Beverly Hills Cop III (1994),Action|Comedy
407,421,Black Beauty (1994),Adventure|Children's
408,422,Blink (1994),Thriller
409,423,Blown Away (1994),Action|Thriller
410,424,Blue Chips (1994),Drama
411,425,Blue Sky (1994),Drama|Romance
412,426,Body Snatchers (1993),Horror|Sci-Fi|Thriller
413,427,Boxing Helena (1993),Mystery|Romance|Thriller
414,428,"Bronx Tale, A (1993)",Drama
415,429,Cabin Boy (1994),Comedy
416,430,Calendar Girl (1993),Drama
417,431,Carlito's Way (1993),Crime|Drama
418,432,City Slickers II: The Legend of Curly's Gold (1994),Comedy|Western
419,433,Clean Slate (1994),Comedy
420,434,Cliffhanger (1993),Action|Adventure|Crime
421,435,Coneheads (1993),Comedy|Sci-Fi
422,436,Color of Night (1994),Drama|Thriller
423,437,Cops and Robbersons (1994),Comedy
424,438,"Cowboy Way, The (1994)",Action|Comedy
425,439,Dangerous Game (1993),Drama
426,440,Dave (1993),Comedy|Romance
427,441,Dazed and Confused (1993),Comedy
428,442,Demolition Man (1993),Action|Sci-Fi
429,443,"Endless Summer 2, The (1994)",Documentary
430,444,Even Cowgirls Get the Blues (1993),Comedy|Romance
431,445,Fatal Instinct (1993),Comedy
432,446,Farewell My Concubine (1993),Drama|Romance
433,447,"Favor, The (1994)",Comedy|Romance
434,448,Fearless (1993),Drama
435,449,Fear of a Black Hat (1993),Comedy
436,450,With Honors (1994),Comedy|Drama
437,451,Flesh and Bone (1993),Drama|Mystery|Romance
438,452,Widows' Peak (1994),Drama
439,453,For Love or Money (1993),Comedy
440,454,"Firm, The (1993)",Drama|Thriller
441,455,Free Willy (1993),Adventure|Children's|Drama
442,456,Fresh (1994),Drama
443,457,"Fugitive, The (1993)",Action|Thriller
444,458,Geronimo: An American Legend (1993),Drama|Western
445,459,"Getaway, The (1994)",Action
446,460,Getting Even with Dad (1994),Comedy
447,461,Go Fish (1994),Drama|Romance
448,462,"Good Man in Africa, A (1994)",Action|Adventure
449,463,Guilty as Sin (1993),Crime|Drama|Thriller
450,464,Hard Target (1993),Action|Adventure|Crime|Thriller
451,465,Heaven & Earth (1993),Action|Drama|War
452,466,Hot Shots! Part Deux (1993),Action|Comedy|War
453,467,Live Nude Girls (1995),Comedy
454,468,"Englishman Who Went Up a Hill, But Came Down a Mountain, The (1995)",Comedy|Romance
455,469,"House of the Spirits, The (1993)",Drama|Romance
456,470,House Party 3 (1994),Comedy
457,471,"Hudsucker Proxy, The (1994)",Comedy|Romance
458,472,I'll Do Anything (1994),Comedy|Drama
459,473,In the Army Now (1994),Comedy|War
460,474,In the Line of Fire (1993),Action|Thriller
461,475,In the Name of the Father (1993),Drama
462,476,"Inkwell, The (1994)",Comedy|Drama
463,477,What's Love Got to Do with It? (1993),Drama
464,478,Jimmy Hollywood (1994),Comedy
465,479,Judgment Night (1993),Action
466,480,Jurassic Park (1993),Action|Adventure|Sci-Fi
467,481,Kalifornia (1993),Drama|Thriller
468,482,Killing Zoe (1994),Thriller
469,483,King of the Hill (1993),Drama
470,484,Lassie (1994),Adventure|Children's
471,485,Last Action Hero (1993),Action|Comedy
472,486,Life with Mikey (1993),Comedy
473,487,Lightning Jack (1994),Comedy|Western
474,488,M. Butterfly (1993),Drama
475,489,Made in America (1993),Comedy
476,490,Malice (1993),Thriller
477,491,"Man Without a Face, The (1993)",Drama
478,492,Manhattan Murder Mystery (1993),Comedy|Mystery
479,493,Menace II Society (1993),Action|Crime|Drama
480,494,Executive Decision (1996),Action|Thriller
481,495,In the Realm of the Senses (Ai no corrida) (1976),Drama
482,496,What Happened Was... (1994),Comedy|Drama|Romance
483,497,Much Ado About Nothing (1993),Comedy|Romance
484,498,Mr. Jones (1993),Drama|Romance
485,499,Mr. Wonderful (1993),Comedy|Romance
486,500,Mrs. Doubtfire (1993),Comedy
487,501,Naked (1993),Drama
488,502,"Next Karate Kid, The (1994)",Action|Children's
489,503,"New Age, The (1994)",Drama
490,504,No Escape (1994),Action|Sci-Fi
491,505,North (1994),Comedy
492,506,Orlando (1993),Drama
493,507,"Perfect World, A (1993)",Action|Drama
494,508,Philadelphia (1993),Drama
495,509,"Piano, The (1993)",Drama|Romance
496,510,Poetic Justice (1993),Drama
497,511,"Program, The (1993)",Action|Drama
498,512,Robert A. Heinlein's The Puppet Masters (1994),Horror|Sci-Fi
499,513,Radioland Murders (1994),Comedy|Mystery|Romance
500,514,"Ref, The (1994)",Comedy
501,515,"Remains of the Day, The (1993)",Drama
502,516,Renaissance Man (1994),Comedy|Drama|War
503,517,Rising Sun (1993),Action|Drama|Mystery
504,518,"Road to Wellville, The (1994)",Comedy
505,519,Robocop 3 (1993),Sci-Fi|Thriller
506,520,Robin Hood: Men in Tights (1993),Comedy
507,521,Romeo Is Bleeding (1993),Crime|Thriller
508,522,Romper Stomper (1992),Action|Drama
509,523,Ruby in Paradise (1993),Drama
510,524,Rudy (1993),Drama
511,525,"Saint of Fort Washington, The (1993)",Drama
512,526,"Savage Nights (Nuits fauves, Les) (1992)",Drama
513,527,Schindler's List (1993),Drama|War
514,528,"Scout, The (1994)",Drama
515,529,Searching for Bobby Fischer (1993),Drama
516,530,Second Best (1994),Drama
517,531,"Secret Garden, The (1993)",Children's|Drama
518,532,Serial Mom (1994),Comedy|Crime|Horror
519,533,"Shadow, The (1994)",Action
520,534,Shadowlands (1993),Drama|Romance
521,535,Short Cuts (1993),Drama
522,536,"Simple Twist of Fate, A (1994)",Drama
523,537,Sirens (1994),Comedy|Drama
524,538,Six Degrees of Separation (1993),Drama
525,539,Sleepless in Seattle (1993),Comedy|Romance
526,540,Sliver (1993),Thriller
527,541,Blade Runner (1982),Film-Noir|Sci-Fi
528,542,Son in Law (1993),Comedy
529,543,So I Married an Axe Murderer (1993),Comedy|Romance|Thriller
530,544,Striking Distance (1993),Action
531,545,Harlem (1993),Drama
532,546,Super Mario Bros. (1993),Action|Adventure|Children's|Sci-Fi
533,547,Surviving the Game (1994),Action|Adventure|Thriller
534,548,Terminal Velocity (1994),Action
535,549,Thirty-Two Short Films About Glenn Gould (1993),Documentary
536,550,Threesome (1994),Comedy|Romance
537,551,"Nightmare Before Christmas, The (1993)",Children's|Comedy|Musical
538,552,"Three Musketeers, The (1993)",Action|Adventure|Comedy
539,553,Tombstone (1993),Western
540,554,Trial by Jury (1994),Thriller
541,555,True Romance (1993),Action|Crime|Romance
542,556,"War Room, The (1993)",Documentary
543,557,Mamma Roma (1962),Drama
544,558,"Pagemaster, The (1994)",Action|Adventure|Animation|Children's|Fantasy
545,559,"Paris, France (1993)",Comedy
546,560,"Beans of Egypt, Maine, The (1994)",Drama
547,561,Killer (Bulletproof Heart) (1994),Thriller
548,562,Welcome to the Dollhouse (1995),Comedy|Drama
549,563,Germinal (1993),Drama
550,564,Chasers (1994),Comedy
551,565,Cronos (1992),Horror
552,566,Naked in New York (1994),Comedy|Romance
553,567,Kika (1993),Drama
554,568,Bhaji on the Beach (1993),Comedy|Drama
555,569,Little Big League (1994),Children's|Comedy
556,570,"Slingshot, The (Kådisbellan ) (1993)",Comedy|Drama
557,571,"Wedding Gift, The (1994)",Drama
558,572,Foreign Student (1994),Drama
559,573,"Ciao, Professore! (Io speriamo che me la cavo ) (1993)",Drama
560,574,Spanking the Monkey (1994),Comedy|Drama
561,575,"Little Rascals, The (1994)",Children's|Comedy
562,576,Fausto (1993),Comedy
563,577,Andre (1994),Adventure|Children's
564,578,"Hour of the Pig, The (1993)",Drama|Mystery
565,579,"Scorta, La (1993)",Thriller
566,580,Princess Caraboo (1994),Drama
567,581,"Celluloid Closet, The (1995)",Documentary
568,582,Metisse (Café au Lait) (1993),Comedy
569,583,Dear Diary (Caro Diario) (1994),Comedy|Drama
570,584,I Don't Want to Talk About It (De eso no se habla) (1993),Drama
571,585,"Brady Bunch Movie, The (1995)",Comedy
572,586,Home Alone (1990),Children's|Comedy
573,587,Ghost (1990),Comedy|Romance|Thriller
574,588,Aladdin (1992),Animation|Children's|Comedy|Musical
575,589,Terminator 2: Judgment Day (1991),Action|Sci-Fi|Thriller
576,590,Dances with Wolves (1990),Adventure|Drama|Western
577,591,Tough and Deadly (1995),Action|Drama|Thriller
578,592,Batman (1989),Action|Adventure|Crime|Drama
579,593,"Silence of the Lambs, The (1991)",Drama|Thriller
580,594,Snow White and the Seven Dwarfs (1937),Animation|Children's|Musical
581,595,Beauty and the Beast (1991),Animation|Children's|Musical
582,596,Pinocchio (1940),Animation|Children's
583,597,Pretty Woman (1990),Comedy|Romance
584,598,Window to Paris (1994),Comedy
585,599,"Wild Bunch, The (1969)",Western
586,600,Love and a .45 (1994),Thriller
587,601,"Wooden Man's Bride, The (Wu Kui) (1994)",Drama
588,602,"Great Day in Harlem, A (1994)",Documentary
589,603,"Bye Bye, Love (1995)",Comedy
590,605,One Fine Day (1996),Drama|Romance
591,606,Candyman: Farewell to the Flesh (1995),Horror
592,607,Century (1993),Drama
593,608,Fargo (1996),Crime|Drama|Thriller
594,609,Homeward Bound II: Lost in San Francisco (1996),Adventure|Children's
595,610,Heavy Metal (1981),Action|Adventure|Animation|Horror|Sci-Fi
596,611,Hellraiser: Bloodline (1996),Action|Horror|Sci-Fi
597,612,"Pallbearer, The (1996)",Comedy
598,613,Jane Eyre (1996),Drama|Romance
599,614,Loaded (1994),Drama|Thriller
600,615,Bread and Chocolate (Pane e cioccolata) (1973),Drama
601,616,"Aristocats, The (1970)",Animation|Children's
602,617,"Flower of My Secret, The (La Flor de Mi Secreto) (1995)",Drama
603,618,Two Much (1996),Comedy|Romance
604,619,Ed (1996),Comedy
605,621,My Favorite Season (1993),Drama
606,623,"Modern Affair, A (1995)",Romance
607,624,Condition Red (1995),Action|Drama|Thriller
608,626,"Thin Line Between Love and Hate, A (1996)",Comedy
609,627,"Last Supper, The (1995)",Drama|Thriller
610,628,Primal Fear (1996),Drama|Thriller
611,630,Carried Away (1996),Drama|Romance
612,631,All Dogs Go to Heaven 2 (1996),Animation|Children's|Musical
613,632,Land and Freedom (Tierra y libertad) (1995),War
614,633,Denise Calls Up (1995),Comedy
615,634,Theodore Rex (1995),Comedy
616,635,"Family Thing, A (1996)",Comedy|Drama
617,637,Sgt. Bilko (1996),Comedy
618,638,Jack and Sarah (1995),Romance
619,639,Girl 6 (1996),Comedy
620,640,Diabolique (1996),Drama|Thriller
621,641,"Little Indian, Big City (Un indien dans la ville) (1994)",Comedy
622,642,Roula (1995),Drama
623,643,Peanuts - Die Bank zahlt alles (1996),Comedy
624,644,Happy Weekend (1996),Comedy
625,645,Nelly & Monsieur Arnaud (1995),Drama
626,647,Courage Under Fire (1996),Drama|War
627,648,Mission: Impossible (1996),Action|Adventure|Mystery
628,649,Cold Fever (Á köldum klaka) (1994),Comedy|Drama
629,650,Moll Flanders (1996),Drama
630,651,"Superweib, Das (1996)",Comedy
631,652,"301, 302 (1995)",Mystery
632,653,Dragonheart (1996),Action|Adventure|Fantasy
633,655,Mutters Courage (1995),Comedy
634,656,Eddie (1996),Comedy
635,657,Yankee Zulu (1994),Comedy|Drama
636,658,Billy's Holiday (1995),Drama
637,659,Purple Noon (1960),Crime|Thriller
638,660,August (1996),Drama
639,661,James and the Giant Peach (1996),Animation|Children's|Musical
640,662,Fear (1996),Thriller
641,663,Kids in the Hall: Brain Candy (1996),Comedy
642,664,Faithful (1996),Comedy
643,665,Underground (1995),War
644,666,All Things Fair (1996),Drama
645,667,Bloodsport 2 (1995),Action
646,668,Pather Panchali (1955),Drama
647,669,Aparajito (1956),Drama
648,670,"World of Apu, The (Apur Sansar) (1959)",Drama
649,671,Mystery Science Theater 3000: The Movie (1996),Comedy|Sci-Fi
650,672,Tarantella (1995),Drama
651,673,Space Jam (1996),Adventure|Animation|Children's|Comedy|Fantasy
652,674,Barbarella (1968),Adventure|Sci-Fi
653,678,Some Folks Call It a Sling Blade (1993),Drama|Thriller
654,679,"Run of the Country, The (1995)",Drama
655,680,Alphaville (1965),Sci-Fi
656,681,Clean Slate (Coup de Torchon) (1981),Crime
657,682,Tigrero: A Film That Was Never Made (1994),Documentary|Drama
658,684,Windows (1980),Drama
659,685,It's My Party (1995),Drama
660,687,Country Life (1994),Drama|Romance
661,688,Operation Dumbo Drop (1995),Action|Adventure|Comedy|War
662,690,"Promise, The (Versprechen, Das) (1994)",Romance
663,691,Mrs. Winterbourne (1996),Comedy|Romance
664,692,Solo (1996),Action|Sci-Fi|Thriller
665,694,"Substitute, The (1996)",Action
666,695,True Crime (1995),Mystery|Thriller
667,696,Butterfly Kiss (1995),Thriller
668,697,Feeling Minnesota (1996),Drama|Romance
669,698,Delta of Venus (1994),Drama
670,700,Angus (1995),Comedy
671,701,Daens (1992),Drama
672,702,Faces (1968),Drama
673,703,Boys (1996),Drama
674,704,"Quest, The (1996)",Action|Adventure
675,705,Cosi (1996),Comedy
676,706,Sunset Park (1996),Drama
677,707,Mulholland Falls (1996),Crime|Film-Noir|Thriller
678,708,"Truth About Cats & Dogs, The (1996)",Comedy|Romance
679,709,Oliver & Company (1988),Animation|Children's
680,710,Celtic Pride (1996),Comedy
681,711,Flipper (1996),Adventure|Children's
682,712,Captives (1994),Drama
683,714,Dead Man (1995),Western
684,715,"Horseman on the Roof, The (Hussard sur le toit, Le) (1995)",Drama
685,716,Switchblade Sisters (1975),Crime
686,717,Mouth to Mouth (Boca a boca) (1995),Comedy
687,718,"Visitors, The (Les Visiteurs) (1993)",Comedy|Sci-Fi
688,719,Multiplicity (1996),Comedy
689,720,Wallace & Gromit: The Best of Aardman Animation (1996),Animation
690,722,"Haunted World of Edward D. Wood Jr., The (1995)",Documentary
691,724,"Craft, The (1996)",Drama|Horror
692,725,"Great White Hype, The (1996)",Comedy
693,726,Last Dance (1996),Drama
694,728,Cold Comfort Farm (1995),Comedy
695,729,"Institute Benjamenta, or This Dream People Call Human Life (1995)",Drama
696,730,"Low Life, The (1994)",Drama
697,731,Heaven's Prisoners (1996),Mystery|Thriller
698,732,Original Gangstas (1996),Crime
699,733,"Rock, The (1996)",Action|Adventure|Thriller
700,734,Getting Away With Murder (1996),Comedy
701,735,Cemetery Man (Dellamorte Dellamore) (1994),Comedy|Horror
702,736,Twister (1996),Action|Adventure|Romance|Thriller
703,737,Barb Wire (1996),Action|Sci-Fi
704,741,Ghost in the Shell (Kokaku kidotai) (1995),Animation|Sci-Fi
705,742,Thinner (1996),Horror|Thriller
706,743,Spy Hard (1996),Comedy
707,744,Brothers in Trouble (1995),Drama
708,745,"Close Shave, A (1995)",Animation|Comedy|Thriller
709,746,Force of Evil (1948),Film-Noir
710,747,"Stupids, The (1996)",Comedy
711,748,"Arrival, The (1996)",Action|Sci-Fi|Thriller
712,749,"Man from Down Under, The (1943)",Drama
713,750,Dr. Strangelove or: How I Learned to Stop Worrying and Love the Bomb (1963),Sci-Fi|War
714,751,Careful (1992),Comedy
715,753,"Month by the Lake, A (1995)",Comedy|Drama
716,754,Gold Diggers: The Secret of Bear Mountain (1995),Adventure|Children's
717,755,Kim (1950),Children's|Drama
718,756,Carmen Miranda: Bananas Is My Business (1994),Documentary
719,757,Ashes of Time (1994),Drama
720,758,"Jar, The (Khomreh) (1992)",Drama
721,759,Maya Lin: A Strong Clear Vision (1994),Documentary
722,760,Stalingrad (1993),War
723,761,"Phantom, The (1996)",Adventure
724,762,Striptease (1996),Comedy|Crime
725,763,"Last of the High Kings, The (a.k.a. Summer Fling) (1996)",Drama
726,764,Heavy (1995),Drama|Romance
727,765,Jack (1996),Comedy|Drama
728,766,I Shot Andy Warhol (1996),Drama
729,767,"Grass Harp, The (1995)",Drama
730,769,Marlene Dietrich: Shadow and Light (1996),Documentary
731,771,"Vie est belle, La (Life is Rosey) (1987)",Comedy|Drama
732,774,Wend Kuuni (God's Gift) (1982),Drama
733,775,Spirits of the Dead (Tre Passi nel Delirio) (1968),Horror
734,776,Babyfever (1994),Comedy|Drama
735,778,Trainspotting (1996),Drama
736,779,'Til There Was You (1997),Drama|Romance
737,780,Independence Day (ID4) (1996),Action|Sci-Fi|War
738,781,Stealing Beauty (1996),Drama
739,782,"Fan, The (1996)",Thriller
740,783,"Hunchback of Notre Dame, The (1996)",Animation|Children's|Musical
741,784,"Cable Guy, The (1996)",Comedy
742,785,Kingpin (1996),Comedy
743,786,Eraser (1996),Action|Thriller
744,787,"Gate of Heavenly Peace, The (1995)",Documentary
745,788,"Nutty Professor, The (1996)",Comedy|Fantasy|Romance|Sci-Fi
746,789,"I, Worst of All (Yo, la peor de todas) (1990)",Drama
747,790,An Unforgettable Summer (1994),Drama
748,791,"Last Klezmer: Leopold Kozlowski, His Life and Music, The (1995)",Documentary
749,792,"Hungarian Fairy Tale, A (1987)",Fantasy
750,793,My Life and Times With Antonin Artaud (En compagnie d'Antonin Artaud) (1993),Drama
751,796,"Very Natural Thing, A (1974)",Drama
752,798,Daylight (1996),Action|Adventure|Thriller
753,799,"Frighteners, The (1996)",Comedy|Horror
754,800,Lone Star (1996),Drama|Mystery
755,801,Harriet the Spy (1996),Children's|Comedy
756,802,Phenomenon (1996),Drama|Romance
757,803,Walking and Talking (1996),Romance
758,804,She's the One (1996),Comedy|Romance
759,805,"Time to Kill, A (1996)",Drama
760,806,American Buffalo (1996),Drama
761,807,"Rendezvous in Paris (Rendez-vous de Paris, Les) (1995)",Comedy|Romance
762,808,Alaska (1996),Adventure|Children's
763,809,Fled (1996),Action|Adventure
764,810,Kazaam (1996),Children's|Comedy|Fantasy
765,811,"Bewegte Mann, Der (1994)",Comedy
766,813,Larger Than Life (1996),Comedy
767,814,"Boy Called Hate, A (1995)",Drama
768,815,Power 98 (1995),Action|Mystery|Thriller
769,818,"Very Brady Sequel, A (1996)",Comedy
770,820,"Death in the Garden (Mort en ce jardin, La) (1956)",Drama
771,821,"Crude Oasis, The (1995)",Romance
772,823,"Collectionneuse, La (1967)",Drama
773,824,Kaspar Hauser (1993),Drama
774,826,Diebinnen (1995),Drama
775,827,"Convent, The (Convento, O) (1995)",Drama
776,828,"Adventures of Pinocchio, The (1996)",Adventure|Children's
777,829,Joe's Apartment (1996),Comedy|Musical
778,830,"First Wives Club, The (1996)",Comedy
779,831,Stonewall (1995),Drama
780,832,Ransom (1996),Drama|Thriller
781,833,High School High (1996),Comedy
782,834,Phat Beach (1996),Comedy
783,835,Foxfire (1996),Drama
784,836,Chain Reaction (1996),Action|Adventure|Thriller
785,837,Matilda (1996),Children's|Comedy
786,838,Emma (1996),Comedy|Drama|Romance
787,839,"Crow: City of Angels, The (1996)",Action|Thriller
788,840,House Arrest (1996),Comedy
789,841,Eyes Without a Face (1959),Horror
790,842,Tales from the Crypt Presents: Bordello of Blood (1996),Horror
791,843,Lotto Land (1995),Drama
792,844,"Story of Xinghua, The (1993)",Drama
793,846,Flirt (1995),Drama
794,847,"Big Squeeze, The (1996)",Comedy|Drama
795,848,"Spitfire Grill, The (1996)",Drama
796,849,Escape from L.A. (1996),Action|Adventure|Sci-Fi|Thriller
797,850,Cyclo (1995),Crime|Drama
798,851,Basquiat (1996),Drama
799,852,Tin Cup (1996),Comedy|Romance
800,853,Dingo (1992),Drama
801,854,"Ballad of Narayama, The (Narayama Bushiko) (1958)",Drama
802,858,"Godfather, The (1972)",Action|Crime|Drama
803,859,"Hippie Revolution, The (1996)",Documentary
804,860,"Maybe, Maybe Not (Bewegte Mann, Der) (1994)",Comedy
805,861,Supercop (1992),Action|Thriller
806,862,Manny & Lo (1996),Drama
807,863,Celestial Clockwork (1994),Comedy
808,864,"Wife, The (1995)",Comedy|Drama
809,865,Small Faces (1995),Drama
810,866,Bound (1996),Crime|Drama|Romance|Thriller
811,867,Carpool (1996),Comedy|Crime
812,868,Death in Brunswick (1991),Comedy
813,869,Kansas City (1996),Crime
814,870,Gone Fishin' (1997),Comedy
815,872,Aiqing wansui (1994),Drama
816,874,Killer: A Journal of Murder (1995),Crime|Drama
817,875,Nothing to Lose (1994),Drama
818,876,Police Story 4: Project S (Chao ji ji hua) (1993),Action
819,877,Girls Town (1996),Drama
820,878,Bye-Bye (1995),Drama
821,879,"Relic, The (1997)",Horror
822,880,"Island of Dr. Moreau, The (1996)",Sci-Fi|Thriller
823,881,First Kid (1996),Children's|Comedy
824,882,"Trigger Effect, The (1996)",Drama|Thriller
825,884,Sweet Nothing (1995),Drama
826,885,Bogus (1996),Children's|Drama|Fantasy
827,886,Bulletproof (1996),Action
828,887,Talk of Angels (1998),Drama
829,888,Land Before Time III: The Time of the Great Giving (1995),Animation|Children's
830,889,1-900 (1994),Romance
831,891,Halloween: The Curse of Michael Myers (1995),Horror|Thriller
832,892,Twelfth Night (1996),Comedy|Drama|Romance
833,893,Mother Night (1996),Drama
834,895,Venice/Venice (1992),Drama
835,896,Wild Reeds (1994),Drama
836,897,For Whom the Bell Tolls (1943),Adventure|War
837,898,"Philadelphia Story, The (1940)",Comedy|Romance
838,899,Singin' in the Rain (1952),Musical|Romance
839,900,"American in Paris, An (1951)",Musical|Romance
840,901,Funny Face (1957),Comedy|Musical
841,902,Breakfast at Tiffany's (1961),Drama|Romance
842,903,Vertigo (1958),Mystery|Thriller
843,904,Rear Window (1954),Mystery|Thriller
844,905,It Happened One Night (1934),Comedy
845,906,Gaslight (1944),Mystery|Thriller
846,907,"Gay Divorcee, The (1934)",Comedy|Musical|Romance
847,908,North by Northwest (1959),Drama|Thriller
848,909,"Apartment, The (1960)",Comedy|Drama
849,910,Some Like It Hot (1959),Comedy|Crime
850,911,Charade (1963),Comedy|Mystery|Romance|Thriller
851,912,Casablanca (1942),Drama|Romance|War
852,913,"Maltese Falcon, The (1941)",Film-Noir|Mystery
853,914,My Fair Lady (1964),Musical|Romance
854,915,Sabrina (1954),Comedy|Romance
855,916,Roman Holiday (1953),Comedy|Romance
856,917,"Little Princess, The (1939)",Children's|Drama
857,918,Meet Me in St. Louis (1944),Musical
858,919,"Wizard of Oz, The (1939)",Adventure|Children's|Drama|Musical
859,920,Gone with the Wind (1939),Drama|Romance|War
860,921,My Favorite Year (1982),Comedy
861,922,Sunset Blvd. (a.k.a. Sunset Boulevard) (1950),Film-Noir
862,923,Citizen Kane (1941),Drama
863,924,2001: A Space Odyssey (1968),Drama|Mystery|Sci-Fi|Thriller
864,925,Golden Earrings (1947),Adventure|Romance
865,926,All About Eve (1950),Drama
866,927,"Women, The (1939)",Comedy
867,928,Rebecca (1940),Romance|Thriller
868,929,Foreign Correspondent (1940),Thriller
869,930,Notorious (1946),Film-Noir|Romance|Thriller
870,931,Spellbound (1945),Mystery|Romance|Thriller
871,932,"Affair to Remember, An (1957)",Romance
872,933,To Catch a Thief (1955),Comedy|Romance|Thriller
873,934,Father of the Bride (1950),Comedy
874,935,"Band Wagon, The (1953)",Comedy|Musical
875,936,Ninotchka (1939),Comedy|Romance
876,937,Love in the Afternoon (1957),Comedy|Romance
877,938,Gigi (1958),Musical
878,939,"Reluctant Debutante, The (1958)",Comedy|Drama
879,940,"Adventures of Robin Hood, The (1938)",Action|Adventure
880,941,"Mark of Zorro, The (1940)",Adventure
881,942,Laura (1944),Crime|Film-Noir|Mystery
882,943,"Ghost and Mrs. Muir, The (1947)",Drama|Romance
883,944,Lost Horizon (1937),Drama
884,945,Top Hat (1935),Comedy|Musical|Romance
885,946,To Be or Not to Be (1942),Comedy|Drama|War
886,947,My Man Godfrey (1936),Comedy
887,948,Giant (1956),Drama
888,949,East of Eden (1955),Drama
889,950,"Thin Man, The (1934)",Mystery
890,951,His Girl Friday (1940),Comedy
891,952,Around the World in 80 Days (1956),Adventure|Comedy
892,953,It's a Wonderful Life (1946),Drama
893,954,Mr. Smith Goes to Washington (1939),Drama
894,955,Bringing Up Baby (1938),Comedy
895,956,Penny Serenade (1941),Drama|Romance
896,957,"Scarlet Letter, The (1926)",Drama
897,958,Lady of Burlesque (1943),Comedy|Mystery
898,959,Of Human Bondage (1934),Drama
899,960,Angel on My Shoulder (1946),Crime|Drama
900,961,Little Lord Fauntleroy (1936),Drama
901,962,They Made Me a Criminal (1939),Crime|Drama
902,963,"Inspector General, The (1949)",Musical
903,964,Angel and the Badman (1947),Western
904,965,"39 Steps, The (1935)",Thriller
905,966,"Walk in the Sun, A (1945)",Drama
906,967,"Outlaw, The (1943)",Western
907,968,Night of the Living Dead (1968),Horror|Sci-Fi
908,969,"African Queen, The (1951)",Action|Adventure|Romance|War
909,970,Beat the Devil (1954),Comedy|Drama
910,971,Cat on a Hot Tin Roof (1958),Drama
911,972,"Last Time I Saw Paris, The (1954)",Drama
912,973,Meet John Doe (1941),Drama
913,974,Algiers (1938),Drama|Romance
914,975,Something to Sing About (1937),Comedy|Musical
915,976,"Farewell to Arms, A (1932)",Romance|War
916,977,Moonlight Murder (1936),Mystery
917,978,"Blue Angel, The (Blaue Engel, Der) (1930)",Drama
918,980,In the Line of Duty 2 (1987),Action
919,981,Dangerous Ground (1997),Drama
920,982,Picnic (1955),Drama
921,984,"Pompatus of Love, The (1996)",Comedy|Drama
922,985,Small Wonders (1996),Documentary
923,986,Fly Away Home (1996),Adventure|Children's
924,987,Bliss (1997),Drama|Romance
925,988,Grace of My Heart (1996),Comedy|Drama
926,989,Schlafes Bruder (Brother of Sleep) (1995),Drama
927,990,Maximum Risk (1996),Action|Adventure|Thriller
928,991,Michael Collins (1996),Drama|War
929,992,"Rich Man's Wife, The (1996)",Thriller
930,993,Infinity (1996),Drama
931,994,Big Night (1996),Drama
932,996,Last Man Standing (1996),Action|Drama|Western
933,997,Caught (1996),Drama|Thriller
934,998,Set It Off (1996),Action|Crime
935,999,2 Days in the Valley (1996),Crime
936,1000,Curdled (1996),Crime
937,1002,Ed's Next Move (1996),Comedy
938,1003,Extreme Measures (1996),Drama|Thriller
939,1004,"Glimmer Man, The (1996)",Action|Thriller
940,1005,D3: The Mighty Ducks (1996),Children's|Comedy
941,1006,"Chamber, The (1996)",Drama
942,1007,"Apple Dumpling Gang, The (1975)",Children's|Comedy|Western
943,1008,"Davy Crockett, King of the Wild Frontier (1955)",Western
944,1009,Escape to Witch Mountain (1975),Adventure|Children's|Fantasy
945,1010,"Love Bug, The (1969)",Children's|Comedy
946,1011,Herbie Rides Again (1974),Adventure|Children's|Comedy
947,1012,Old Yeller (1957),Children's|Drama
948,1013,"Parent Trap, The (1961)",Children's|Drama
949,1014,Pollyanna (1960),Children's|Comedy|Drama
950,1015,Homeward Bound: The Incredible Journey (1993),Adventure|Children's
951,1016,"Shaggy Dog, The (1959)",Children's|Comedy
952,1017,Swiss Family Robinson (1960),Adventure|Children's
953,1018,That Darn Cat! (1965),Children's|Comedy|Mystery
954,1019,"20,000 Leagues Under the Sea (1954)",Adventure|Children's|Fantasy|Sci-Fi
955,1020,Cool Runnings (1993),Comedy
956,1021,Angels in the Outfield (1994),Children's|Comedy
957,1022,Cinderella (1950),Animation|Children's|Musical
958,1023,Winnie the Pooh and the Blustery Day (1968),Animation|Children's
959,1024,"Three Caballeros, The (1945)",Animation|Children's|Musical
960,1025,"Sword in the Stone, The (1963)",Animation|Children's
961,1026,So Dear to My Heart (1949),Children's|Drama
962,1027,Robin Hood: Prince of Thieves (1991),Drama
963,1028,Mary Poppins (1964),Children's|Comedy|Musical
964,1029,Dumbo (1941),Animation|Children's|Musical
965,1030,Pete's Dragon (1977),Adventure|Animation|Children's|Musical
966,1031,Bedknobs and Broomsticks (1971),Adventure|Children's|Musical
967,1032,Alice in Wonderland (1951),Animation|Children's|Musical
968,1033,"Fox and the Hound, The (1981)",Animation|Children's
969,1034,Freeway (1996),Crime
970,1035,"Sound of Music, The (1965)",Musical
971,1036,Die Hard (1988),Action|Thriller
972,1037,"Lawnmower Man, The (1992)",Action|Sci-Fi|Thriller
973,1038,Unhook the Stars (1996),Drama
974,1039,Synthetic Pleasures (1995),Documentary
975,1040,"Secret Agent, The (1996)",Drama
976,1041,Secrets & Lies (1996),Drama
977,1042,That Thing You Do! (1996),Comedy
978,1043,To Gillian on Her 37th Birthday (1996),Drama|Romance
979,1044,Surviving Picasso (1996),Drama
980,1046,Beautiful Thing (1996),Drama|Romance
981,1047,"Long Kiss Goodnight, The (1996)",Action|Thriller
982,1049,"Ghost and the Darkness, The (1996)",Action|Adventure
983,1050,Looking for Richard (1996),Documentary|Drama
984,1051,Trees Lounge (1996),Drama
985,1053,Normal Life (1996),Crime|Drama
986,1054,Get on the Bus (1996),Drama
987,1055,Shadow Conspiracy (1997),Thriller
988,1056,Jude (1996),Drama
989,1057,Everyone Says I Love You (1996),Comedy|Musical|Romance
990,1058,Bitter Sugar (Azucar Amargo) (1996),Drama
991,1059,William Shakespeare's Romeo and Juliet (1996),Drama|Romance
992,1060,Swingers (1996),Comedy|Drama
993,1061,Sleepers (1996),Crime|Drama
994,1062,"Sunchaser, The (1996)",Drama
995,1063,Johns (1996),Drama
996,1064,Aladdin and the King of Thieves (1996),Animation|Children's|Comedy
997,1066,Shall We Dance? (1937),Comedy|Musical|Romance
998,1067,"Damsel in Distress, A (1937)",Comedy|Musical|Romance
999,1068,Crossfire (1947),Crime|Film-Noir
1000,1069,"Murder, My Sweet (1944)",Film-Noir|Thriller
1001,1070,Macao (1952),Adventure
1002,1071,For the Moment (1994),Romance|War
1003,1073,Willy Wonka and the Chocolate Factory (1971),Adventure|Children's|Comedy|Fantasy
1004,1076,"Innocents, The (1961)",Thriller
1005,1077,Sleeper (1973),Comedy|Sci-Fi
1006,1078,Bananas (1971),Comedy|War
1007,1079,"Fish Called Wanda, A (1988)",Comedy
1008,1080,Monty Python's Life of Brian (1979),Comedy
1009,1081,Victor/Victoria (1982),Comedy|Musical
1010,1082,"Candidate, The (1972)",Drama
1011,1083,"Great Race, The (1965)",Comedy|Musical
1012,1084,Bonnie and Clyde (1967),Crime|Drama
1013,1085,"Old Man and the Sea, The (1958)",Adventure|Drama
1014,1086,Dial M for Murder (1954),Mystery|Thriller
1015,1087,Madame Butterfly (1995),Musical
1016,1088,Dirty Dancing (1987),Musical|Romance
1017,1089,Reservoir Dogs (1992),Crime|Thriller
1018,1090,Platoon (1986),Drama|War
1019,1091,Weekend at Bernie's (1989),Comedy
1020,1092,Basic Instinct (1992),Mystery|Thriller
1021,1093,"Doors, The (1991)",Drama|Musical
1022,1094,"Crying Game, The (1992)",Drama|Romance|War
1023,1095,Glengarry Glen Ross (1992),Drama
1024,1096,Sophie's Choice (1982),Drama
1025,1097,E.T. the Extra-Terrestrial (1982),Children's|Drama|Fantasy|Sci-Fi
1026,1098,"Search for One-eye Jimmy, The (1996)",Comedy
1027,1099,"Christmas Carol, A (1938)",Drama
1028,1100,Days of Thunder (1990),Action|Romance
1029,1101,Top Gun (1986),Action|Romance
1030,1102,American Strays (1996),Action
1031,1103,Rebel Without a Cause (1955),Drama
1032,1104,"Streetcar Named Desire, A (1951)",Drama
1033,1105,Children of the Corn IV: The Gathering (1996),Horror
1034,1107,Loser (1991),Comedy
1035,1111,Microcosmos (Microcosmos: Le peuple de l'herbe) (1996),Documentary
1036,1112,Palookaville (1996),Action|Drama
1037,1113,"Associate, The (1996)",Comedy
1038,1114,"Funeral, The (1996)",Drama
1039,1115,Sleepover (1995),Comedy|Drama
1040,1116,"Single Girl, A (La Fille Seule) (1995)",Drama
1041,1117,"Eighth Day, The (Le Huitième jour ) (1996)",Drama
1042,1118,Tashunga (1995),Adventure|Western
1043,1119,Drunks (1997),Drama
1044,1120,"People vs. Larry Flynt, The (1996)",Drama
1045,1121,Glory Daze (1996),Drama
1046,1123,"Perfect Candidate, A (1996)",Documentary
1047,1124,On Golden Pond (1981),Drama
1048,1125,"Return of the Pink Panther, The (1974)",Comedy
1049,1126,Drop Dead Fred (1991),Comedy|Fantasy
1050,1127,"Abyss, The (1989)",Action|Adventure|Sci-Fi|Thriller
1051,1128,"Fog, The (1980)",Horror
1052,1129,Escape from New York (1981),Action|Adventure|Sci-Fi|Thriller
1053,1130,"Howling, The (1980)",Horror
1054,1131,Jean de Florette (1986),Drama
1055,1132,Manon of the Spring (Manon des sources) (1986),Drama
1056,1133,Talking About Sex (1994),Comedy|Drama
1057,1134,Johnny 100 Pesos (1993),Action|Drama
1058,1135,Private Benjamin (1980),Comedy
1059,1136,Monty Python and the Holy Grail (1974),Comedy
1060,1138,Dadetown (1995),Documentary
1061,1139,Everything Relative (1996),Drama
1062,1142,Get Over It (1996),Drama
1063,1144,"Line King: Al Hirschfeld, The (1996)",Documentary
1064,1145,Snowriders (1996),Documentary
1065,1147,When We Were Kings (1996),Documentary
1066,1148,"Wrong Trousers, The (1993)",Animation|Comedy
1067,1149,JLG/JLG - autoportrait de décembre (1994),Documentary|Drama
1068,1150,"Return of Martin Guerre, The (Retour de Martin Guerre, Le) (1982)",Drama
1069,1151,Faust (1994),Animation|Comedy|Thriller
1070,1152,He Walked by Night (1948),Crime|Film-Noir|Thriller
1071,1153,Raw Deal (1948),Film-Noir
1072,1154,T-Men (1947),Film-Noir
1073,1160,Six of a Kind (1934),Comedy
1074,1161,"Tin Drum, The (Blechtrommel, Die) (1979)",Drama
1075,1162,"Ruling Class, The (1972)",Comedy
1076,1163,Mina Tannenbaum (1994),Drama
1077,1164,Two or Three Things I Know About Her (1966),Drama
1078,1165,"Bloody Child, The (1996)",Drama|Thriller
1079,1167,Dear God (1996),Comedy
1080,1168,Bad Moon (1996),Horror
1081,1169,American Dream (1990),Documentary
1082,1170,Best of the Best 3: No Turning Back (1995),Action
1083,1171,Bob Roberts (1992),Comedy
1084,1172,Cinema Paradiso (1988),Comedy|Drama|Romance
1085,1173,"Cook the Thief His Wife & Her Lover, The (1989)",Drama
1086,1174,Grosse Fatigue (1994),Comedy
1087,1175,Delicatessen (1991),Comedy|Sci-Fi
1088,1176,"Double Life of Veronique, The (La Double Vie de Véronique) (1991)",Drama
1089,1177,Enchanted April (1991),Drama
1090,1178,Paths of Glory (1957),Drama|War
1091,1179,"Grifters, The (1990)",Crime|Drama|Film-Noir
1092,1180,Hear My Song (1991),Comedy
1093,1181,"Shooter, The (1995)",Action
1094,1183,"English Patient, The (1996)",Drama|Romance|War
1095,1184,Mediterraneo (1991),Comedy|War
1096,1185,My Left Foot (1989),Drama
1097,1186,"Sex, Lies, and Videotape (1989)",Drama
1098,1187,Passion Fish (1992),Drama
1099,1188,Strictly Ballroom (1992),Comedy|Romance
1100,1189,"Thin Blue Line, The (1988)",Documentary
1101,1190,Tie Me Up! Tie Me Down! (1990),Drama
1102,1191,Madonna: Truth or Dare (1991),Documentary
1103,1192,Paris Is Burning (1990),Documentary
1104,1193,One Flew Over the Cuckoo's Nest (1975),Drama
1105,1194,Up in Smoke (1978),Comedy
1106,1196,Star Wars: Episode V - The Empire Strikes Back (1980),Action|Adventure|Drama|Sci-Fi|War
1107,1197,"Princess Bride, The (1987)",Action|Adventure|Comedy|Romance
1108,1198,Raiders of the Lost Ark (1981),Action|Adventure
1109,1199,Brazil (1985),Sci-Fi
1110,1200,Aliens (1986),Action|Sci-Fi|Thriller|War
1111,1201,"Good, The Bad and The Ugly, The (1966)",Action|Western
1112,1202,Withnail and I (1987),Comedy
1113,1203,12 Angry Men (1957),Drama
1114,1204,Lawrence of Arabia (1962),Adventure|War
1115,1205,"Transformers: The Movie, The (1986)",Action|Animation|Children's|Sci-Fi|Thriller|War
1116,1206,"Clockwork Orange, A (1971)",Sci-Fi
1117,1207,To Kill a Mockingbird (1962),Drama
1118,1208,Apocalypse Now (1979),Drama|War
1119,1209,Once Upon a Time in the West (1969),Western
1120,1210,Star Wars: Episode VI - Return of the Jedi (1983),Action|Adventure|Romance|Sci-Fi|War
1121,1211,Wings of Desire (Der Himmel über Berlin) (1987),Comedy|Drama|Romance
1122,1212,"Third Man, The (1949)",Mystery|Thriller
1123,1213,GoodFellas (1990),Crime|Drama
1124,1214,Alien (1979),Action|Horror|Sci-Fi|Thriller
1125,1215,Army of Darkness (1993),Action|Adventure|Comedy|Horror|Sci-Fi
1126,1216,"Big Blue, The (Le Grand Bleu) (1988)",Adventure|Romance
1127,1217,Ran (1985),Drama|War
1128,1218,"Killer, The (Die xue shuang xiong) (1989)",Action|Thriller
1129,1219,Psycho (1960),Horror|Thriller
1130,1220,"Blues Brothers, The (1980)",Action|Comedy|Musical
1131,1221,"Godfather: Part II, The (1974)",Action|Crime|Drama
1132,1222,Full Metal Jacket (1987),Action|Drama|War
1133,1223,"Grand Day Out, A (1992)",Animation|Comedy
1134,1224,Henry V (1989),Drama|War
1135,1225,Amadeus (1984),Drama
1136,1226,"Quiet Man, The (1952)",Comedy|Romance
1137,1227,Once Upon a Time in America (1984),Crime|Drama|Thriller
1138,1228,Raging Bull (1980),Drama
1139,1230,Annie Hall (1977),Comedy|Romance
1140,1231,"Right Stuff, The (1983)",Drama
1141,1232,Stalker (1979),Mystery|Sci-Fi
1142,1233,"Boat, The (Das Boot) (1981)",Action|Drama|War
1143,1234,"Sting, The (1973)",Comedy|Crime
1144,1235,Harold and Maude (1971),Comedy
1145,1236,Trust (1990),Comedy|Drama
1146,1237,"Seventh Seal, The (Sjunde inseglet, Det) (1957)",Drama
1147,1238,Local Hero (1983),Comedy
1148,1240,"Terminator, The (1984)",Action|Sci-Fi|Thriller
1149,1241,Braindead (1992),Comedy|Horror
1150,1242,Glory (1989),Action|Drama|War
1151,1243,Rosencrantz and Guildenstern Are Dead (1990),Comedy|Drama
1152,1244,Manhattan (1979),Comedy|Drama|Romance
1153,1245,Miller's Crossing (1990),Drama
1154,1246,Dead Poets Society (1989),Drama
1155,1247,"Graduate, The (1967)",Drama|Romance
1156,1248,Touch of Evil (1958),Crime|Film-Noir|Thriller
1157,1249,Nikita (La Femme Nikita) (1990),Thriller
1158,1250,"Bridge on the River Kwai, The (1957)",Drama|War
1159,1251,8 1/2 (1963),Drama
1160,1252,Chinatown (1974),Film-Noir|Mystery|Thriller
1161,1253,"Day the Earth Stood Still, The (1951)",Drama|Sci-Fi
1162,1254,"Treasure of the Sierra Madre, The (1948)",Adventure
1163,1255,Bad Taste (1987),Comedy|Horror
1164,1256,Duck Soup (1933),Comedy|War
1165,1257,Better Off Dead... (1985),Comedy
1166,1258,"Shining, The (1980)",Horror
1167,1259,Stand by Me (1986),Adventure|Comedy|Drama
1168,1260,M (1931),Crime|Film-Noir|Thriller
1169,1261,Evil Dead II (Dead By Dawn) (1987),Action|Adventure|Comedy|Horror
1170,1262,"Great Escape, The (1963)",Adventure|War
1171,1263,"Deer Hunter, The (1978)",Drama|War
1172,1264,Diva (1981),Action|Drama|Mystery|Romance|Thriller
1173,1265,Groundhog Day (1993),Comedy|Romance
1174,1266,Unforgiven (1992),Western
1175,1267,"Manchurian Candidate, The (1962)",Film-Noir|Thriller
1176,1268,Pump Up the Volume (1990),Drama
1177,1269,Arsenic and Old Lace (1944),Comedy|Mystery|Thriller
1178,1270,Back to the Future (1985),Comedy|Sci-Fi
1179,1271,Fried Green Tomatoes (1991),Drama
1180,1272,Patton (1970),Drama|War
1181,1273,Down by Law (1986),Comedy|Drama
1182,1274,Akira (1988),Adventure|Animation|Sci-Fi|Thriller
1183,1275,Highlander (1986),Action|Adventure
1184,1276,Cool Hand Luke (1967),Comedy|Drama
1185,1277,Cyrano de Bergerac (1990),Action|Drama|Romance
1186,1278,Young Frankenstein (1974),Comedy|Horror
1187,1279,Night on Earth (1991),Comedy|Drama
1188,1280,Raise the Red Lantern (1991),Drama
1189,1281,"Great Dictator, The (1940)",Comedy
1190,1282,Fantasia (1940),Animation|Children's|Musical
1191,1283,High Noon (1952),Western
1192,1284,"Big Sleep, The (1946)",Film-Noir|Mystery
1193,1285,Heathers (1989),Comedy
1194,1286,Somewhere in Time (1980),Drama|Romance
1195,1287,Ben-Hur (1959),Action|Adventure|Drama
1196,1288,This Is Spinal Tap (1984),Comedy|Drama|Musical
1197,1289,Koyaanisqatsi (1983),Documentary|War
1198,1290,Some Kind of Wonderful (1987),Drama|Romance
1199,1291,Indiana Jones and the Last Crusade (1989),Action|Adventure
1200,1292,Being There (1979),Comedy
1201,1293,Gandhi (1982),Drama
1202,1294,M*A*S*H (1970),Comedy|War
1203,1295,"Unbearable Lightness of Being, The (1988)",Drama
1204,1296,"Room with a View, A (1986)",Drama|Romance
1205,1297,Real Genius (1985),Comedy
1206,1298,Pink Floyd - The Wall (1982),Drama|Musical|War
1207,1299,"Killing Fields, The (1984)",Drama|War
1208,1300,My Life as a Dog (Mitt liv som hund) (1985),Drama
1209,1301,Forbidden Planet (1956),Sci-Fi
1210,1302,Field of Dreams (1989),Drama
1211,1303,"Man Who Would Be King, The (1975)",Adventure
1212,1304,Butch Cassidy and the Sundance Kid (1969),Action|Comedy|Western
1213,1305,"Paris, Texas (1984)",Drama
1214,1306,Until the End of the World (Bis ans Ende der Welt) (1991),Drama|Sci-Fi
1215,1307,When Harry Met Sally... (1989),Comedy|Romance
1216,1310,Hype! (1996),Documentary
1217,1311,Santa with Muscles (1996),Comedy
1218,1312,Female Perversions (1996),Drama
1219,1313,Mad Dog Time (1996),Crime
1220,1315,Paris Was a Woman (1995),Documentary
1221,1316,Anna (1996),Drama
1222,1317,I'm Not Rappaport (1996),Comedy
1223,1320,Alien³ (1992),Action|Horror|Sci-Fi|Thriller
1224,1321,"American Werewolf in London, An (1981)",Horror
1225,1322,Amityville 1992: It's About Time (1992),Horror
1226,1323,Amityville 3-D (1983),Horror
1227,1324,Amityville: Dollhouse (1996),Horror
1228,1325,Amityville: A New Generation (1993),Horror
1229,1326,Amityville II: The Possession (1982),Horror
1230,1327,"Amityville Horror, The (1979)",Horror
1231,1328,"Amityville Curse, The (1990)",Horror
1232,1329,Blood For Dracula (Andy Warhol's Dracula) (1974),Horror
1233,1330,April Fool's Day (1986),Comedy|Horror
1234,1331,Audrey Rose (1977),Horror
1235,1332,"Believers, The (1987)",Horror|Thriller
1236,1333,"Birds, The (1963)",Horror
1237,1334,"Blob, The (1958)",Horror|Sci-Fi
1238,1335,Blood Beach (1981),Action|Horror
1239,1336,Body Parts (1991),Horror
1240,1337,"Body Snatcher, The (1945)",Horror
1241,1339,Bram Stoker's Dracula (1992),Horror|Romance
1242,1340,Bride of Frankenstein (1935),Horror
1243,1341,Burnt Offerings (1976),Horror
1244,1342,Candyman (1992),Horror
1245,1343,Cape Fear (1991),Thriller
1246,1344,Cape Fear (1962),Film-Noir|Thriller
1247,1345,Carrie (1976),Horror
1248,1346,Cat People (1982),Horror
1249,1347,"Nightmare on Elm Street, A (1984)",Horror
1250,1348,"Nosferatu (Nosferatu, eine Symphonie des Grauens) (1922)",Horror
1251,1349,Nosferatu a Venezia (1986),Horror
1252,1350,"Omen, The (1976)",Horror
1253,1351,Blood & Wine (1997),Drama
1254,1352,Albino Alligator (1996),Crime|Thriller
1255,1353,"Mirror Has Two Faces, The (1996)",Comedy|Romance
1256,1354,Breaking the Waves (1996),Drama
1257,1355,Nightwatch (1997),Horror|Thriller
1258,1356,Star Trek: First Contact (1996),Action|Adventure|Sci-Fi
1259,1357,Shine (1996),Drama|Romance
1260,1358,Sling Blade (1996),Drama|Thriller
1261,1359,Jingle All the Way (1996),Adventure|Children's|Comedy
1262,1360,Identification of a Woman (Identificazione di una donna) (1982),Drama
1263,1361,Paradise Lost: The Child Murders at Robin Hood Hills (1996),Documentary
1264,1362,"Garden of Finzi-Contini, The (Giardino dei Finzi-Contini, Il) (1970)",Drama
1265,1363,"Preacher's Wife, The (1996)",Drama
1266,1364,Zero Kelvin (Kjærlighetens kjøtere) (1995),Action
1267,1365,Ridicule (1996),Drama
1268,1366,"Crucible, The (1996)",Drama
1269,1367,101 Dalmatians (1996),Children's|Comedy
1270,1369,I Can't Sleep (J'ai pas sommeil) (1994),Drama|Thriller
1271,1370,Die Hard 2 (1990),Action|Thriller
1272,1371,Star Trek: The Motion Picture (1979),Action|Adventure|Sci-Fi
1273,1372,Star Trek VI: The Undiscovered Country (1991),Action|Adventure|Sci-Fi
1274,1373,Star Trek V: The Final Frontier (1989),Action|Adventure|Sci-Fi
1275,1374,Star Trek: The Wrath of Khan (1982),Action|Adventure|Sci-Fi
1276,1375,Star Trek III: The Search for Spock (1984),Action|Adventure|Sci-Fi
1277,1376,Star Trek IV: The Voyage Home (1986),Action|Adventure|Sci-Fi
1278,1377,Batman Returns (1992),Action|Adventure|Comedy|Crime
1279,1378,Young Guns (1988),Action|Comedy|Western
1280,1379,Young Guns II (1990),Action|Comedy|Western
1281,1380,Grease (1978),Comedy|Musical|Romance
1282,1381,Grease 2 (1982),Comedy|Musical|Romance
1283,1382,Marked for Death (1990),Action|Drama
1284,1383,Adrenalin: Fear the Rush (1996),Action|Sci-Fi
1285,1384,"Substance of Fire, The (1996)",Drama
1286,1385,Under Siege (1992),Action
1287,1386,Terror in a Texas Town (1958),Western
1288,1387,Jaws (1975),Action|Horror
1289,1388,Jaws 2 (1978),Action|Horror
1290,1389,Jaws 3-D (1983),Action|Horror
1291,1390,My Fellow Americans (1996),Comedy
1292,1391,Mars Attacks! (1996),Action|Comedy|Sci-Fi|War
1293,1392,Citizen Ruth (1996),Comedy|Drama
1294,1393,Jerry Maguire (1996),Drama|Romance
1295,1394,Raising Arizona (1987),Comedy
1296,1395,Tin Men (1987),Comedy|Drama
1297,1396,Sneakers (1992),Crime|Drama|Sci-Fi
1298,1397,Bastard Out of Carolina (1996),Drama
1299,1398,In Love and War (1996),Romance|War
1300,1399,Marvin's Room (1996),Drama
1301,1401,Ghosts of Mississippi (1996),Drama
1302,1404,Night Falls on Manhattan (1997),Crime|Drama
1303,1405,Beavis and Butt-head Do America (1996),Animation|Comedy
1304,1406,"Cérémonie, La (1995)",Drama
1305,1407,Scream (1996),Horror|Thriller
1306,1408,"Last of the Mohicans, The (1992)",Action|Romance|War
1307,1409,Michael (1996),Comedy|Romance
1308,1410,"Evening Star, The (1996)",Comedy|Drama
1309,1411,Hamlet (1996),Drama
1310,1412,Some Mother's Son (1996),Drama
1311,1413,"Whole Wide World, The (1996)",Drama
1312,1414,Mother (1996),Comedy
1313,1415,"Thieves (Voleurs, Les) (1996)",Crime|Drama|Romance
1314,1416,Evita (1996),Drama|Musical
1315,1417,"Portrait of a Lady, The (1996)",Drama
1316,1419,Walkabout (1971),Drama
1317,1420,Message to Love: The Isle of Wight Festival (1996),Documentary
1318,1421,Grateful Dead (1995),Documentary
1319,1422,Murder at 1600 (1997),Mystery|Thriller
1320,1423,Hearts and Minds (1996),Drama
1321,1425,Fierce Creatures (1997),Comedy
1322,1426,Zeus and Roxanne (1997),Children's
1323,1427,Turbulence (1997),Thriller
1324,1428,Angel Baby (1995),Drama
1325,1429,Jackie Chan's First Strike (1996),Action
1326,1430,Underworld (1997),Thriller
1327,1431,Beverly Hills Ninja (1997),Action|Comedy
1328,1432,Metro (1997),Action
1329,1433,"Machine, The (1994)",Comedy|Horror
1330,1434,"Stranger, The (1994)",Action
1331,1436,Falling in Love Again (1980),Comedy
1332,1437,"Cement Garden, The (1993)",Drama
1333,1438,Dante's Peak (1997),Action|Thriller
1334,1439,Meet Wally Sparks (1997),Comedy
1335,1440,Amos & Andrew (1993),Comedy
1336,1441,Benny & Joon (1993),Comedy|Romance
1337,1442,Prefontaine (1997),Drama
1338,1444,Guantanamera (1994),Comedy
1339,1445,McHale's Navy (1997),Comedy|War
1340,1446,Kolya (1996),Comedy
1341,1447,Gridlock'd (1997),Crime
1342,1449,Waiting for Guffman (1996),Comedy
1343,1450,Prisoner of the Mountains (Kavkazsky Plennik) (1996),War
1344,1453,"Beautician and the Beast, The (1997)",Comedy|Romance
1345,1454,SubUrbia (1997),Comedy
1346,1455,Hotel de Love (1996),Comedy|Romance
1347,1456,"Pest, The (1997)",Comedy
1348,1457,Fools Rush In (1997),Comedy|Romance
1349,1458,Touch (1997),Romance
1350,1459,Absolute Power (1997),Mystery|Thriller
1351,1460,That Darn Cat! (1997),Children's|Comedy|Mystery
1352,1461,Vegas Vacation (1997),Comedy
1353,1463,That Old Feeling (1997),Comedy|Romance
1354,1464,Lost Highway (1997),Mystery
1355,1465,Rosewood (1997),Drama
1356,1466,Donnie Brasco (1997),Crime|Drama
1357,1468,Booty Call (1997),Comedy|Romance
1358,1470,Rhyme & Reason (1997),Documentary
1359,1471,Boys Life 2 (1997),Drama
1360,1472,City of Industry (1997),Crime|Thriller
1361,1473,Best Men (1997),Action|Comedy|Crime|Drama
1362,1474,Jungle2Jungle (a.k.a. Jungle 2 Jungle) (1997),Children's|Comedy
1363,1475,Kama Sutra: A Tale of Love (1996),Romance
1364,1476,Private Parts (1997),Comedy|Drama
1365,1477,Love Jones (1997),Romance
1366,1479,"Saint, The (1997)",Action|Romance|Thriller
1367,1480,Smilla's Sense of Snow (1997),Action|Drama|Thriller
1368,1482,"Van, The (1996)",Comedy|Drama
1369,1483,Crash (1996),Drama|Thriller
1370,1484,"Daytrippers, The (1996)",Mystery
1371,1485,Liar Liar (1997),Comedy
1372,1486,"Quiet Room, The (1996)",Drama
1373,1487,Selena (1997),Drama|Musical
1374,1488,"Devil's Own, The (1997)",Action|Drama|Thriller|War
1375,1489,Cats Don't Dance (1997),Animation|Children's|Musical
1376,1490,B*A*P*S (1997),Comedy
1377,1493,Love and Other Catastrophes (1996),Romance
1378,1494,"Sixth Man, The (1997)",Comedy
1379,1495,Turbo: A Power Rangers Movie (1997),Action|Adventure|Children's
1380,1496,Anna Karenina (1997),Drama|Romance
1381,1497,Double Team (1997),Action
1382,1498,Inventing the Abbotts (1997),Drama|Romance
1383,1499,Anaconda (1997),Action|Adventure|Thriller
1384,1500,Grosse Pointe Blank (1997),Comedy|Crime
1385,1501,Keys to Tulsa (1997),Crime
1386,1502,Kissed (1996),Romance
1387,1503,8 Heads in a Duffel Bag (1997),Comedy
1388,1504,Hollow Reed (1996),Drama
1389,1507,Paradise Road (1997),Drama|War
1390,1508,Traveller (1997),Drama
1391,1509,All Over Me (1997),Drama
1392,1510,"Brother's Kiss, A (1997)",Drama
1393,1511,A Chef in Love (1996),Comedy
1394,1513,Romy and Michele's High School Reunion (1997),Comedy
1395,1514,Temptress Moon (Feng Yue) (1996),Romance
1396,1515,Volcano (1997),Drama|Thriller
1397,1516,Children of the Revolution (1996),Comedy
1398,1517,Austin Powers: International Man of Mystery (1997),Comedy
1399,1518,Breakdown (1997),Action|Thriller
1400,1519,Broken English (1996),Drama
1401,1520,Commandments (1997),Romance
1402,1522,Ripe (1996),Drama
1403,1523,"Truth or Consequences, N.M. (1997)",Action|Crime|Romance
1404,1525,Warriors of Virtue (1997),Action|Adventure|Children's|Fantasy
1405,1526,Fathers' Day (1997),Comedy
1406,1527,"Fifth Element, The (1997)",Action|Sci-Fi
1407,1528,Intimate Relations (1996),Comedy
1408,1529,Nowhere (1997),Drama
1409,1531,Losing Chase (1996),Drama
1410,1532,Sprung (1997),Comedy
1411,1533,"Promise, The (La Promesse) (1996)",Drama
1412,1534,"Bonheur, Le (1965)",Drama
1413,1535,Love! Valour! Compassion! (1997),Drama|Romance
1414,1537,Shall We Dance? (Shall We Dansu?) (1996),Comedy
1415,1538,"Second Jungle Book: Mowgli & Baloo, The (1997)",Adventure|Children's
1416,1539,Twin Town (1997),Comedy|Crime
1417,1541,Addicted to Love (1997),Comedy|Romance
1418,1542,Brassed Off (1996),Comedy|Drama|Romance
1419,1543,"Designated Mourner, The (1997)",Drama
1420,1544,"Lost World: Jurassic Park, The (1997)",Action|Adventure|Sci-Fi|Thriller
1421,1545,Ponette (1996),Drama
1422,1546,Schizopolis (1996),Comedy
1423,1547,Shiloh (1997),Children's|Drama
1424,1548,"War at Home, The (1996)",Drama
1425,1549,Rough Magic (1995),Drama|Romance
1426,1550,Trial and Error (1997),Comedy|Romance
1427,1551,Buddy (1997),Adventure|Children's|Drama
1428,1552,Con Air (1997),Action|Adventure|Thriller
1429,1553,Late Bloomers (1996),Comedy
1430,1554,"Pillow Book, The (1995)",Drama|Romance
1431,1555,"To Have, or Not (1995)",Drama
1432,1556,Speed 2: Cruise Control (1997),Action|Romance|Thriller
1433,1558,Sudden Manhattan (1996),Comedy
1434,1561,Wedding Bell Blues (1996),Comedy
1435,1562,Batman & Robin (1997),Action|Adventure|Crime
1436,1563,Dream With the Fishes (1997),Drama
1437,1564,Roseanna's Grave (For Roseanna) (1997),Comedy|Romance
1438,1565,Head Above Water (1996),Comedy|Thriller
1439,1566,Hercules (1997),Adventure|Animation|Children's|Comedy|Musical
1440,1567,"Last Time I Committed Suicide, The (1997)",Drama
1441,1569,My Best Friend's Wedding (1997),Comedy|Romance
1442,1570,Tetsuo II: Body Hammer (1992),Sci-Fi
1443,1571,When the Cats Away (Chacun cherche son chat) (1996),Comedy|Romance
1444,1572,Contempt (Le Mépris) (1963),Drama
1445,1573,Face/Off (1997),Action|Sci-Fi|Thriller
1446,1574,Fall (1997),Romance
1447,1575,Gabbeh (1996),Drama
1448,1579,For Ever Mozart (1996),Drama
1449,1580,Men in Black (1997),Action|Adventure|Comedy|Sci-Fi
1450,1581,Out to Sea (1997),Comedy
1451,1582,Wild America (1997),Adventure|Children's
1452,1583,"Simple Wish, A (1997)",Children's|Fantasy
1453,1584,Contact (1997),Drama|Sci-Fi
1454,1585,Love Serenade (1996),Comedy
1455,1586,G.I. Jane (1997),Action|Drama|War
1456,1587,Conan the Barbarian (1982),Action|Adventure
1457,1588,George of the Jungle (1997),Children's|Comedy
1458,1589,Cop Land (1997),Crime|Drama|Mystery
1459,1590,Event Horizon (1997),Action|Mystery|Sci-Fi|Thriller
1460,1591,Spawn (1997),Action|Adventure|Sci-Fi|Thriller
1461,1592,Air Bud (1997),Children's|Comedy
1462,1593,Picture Perfect (1997),Comedy|Romance
1463,1594,In the Company of Men (1997),Drama
1464,1595,Free Willy 3: The Rescue (1997),Adventure|Children's|Drama
1465,1596,Career Girls (1997),Drama
1466,1597,Conspiracy Theory (1997),Action|Mystery|Romance|Thriller
1467,1598,Desperate Measures (1998),Crime|Drama|Thriller
1468,1599,Steel (1997),Action
1469,1600,She's So Lovely (1997),Drama|Romance
1470,1601,Hoodlum (1997),Crime|Drama|Film-Noir
1471,1602,Leave It to Beaver (1997),Comedy
1472,1603,Mimic (1997),Sci-Fi|Thriller
1473,1604,Money Talks (1997),Action|Comedy
1474,1605,Excess Baggage (1997),Adventure|Romance
1475,1606,Kull the Conqueror (1997),Action|Adventure
1476,1608,Air Force One (1997),Action|Thriller
1477,1609,187 (1997),Drama
1478,1610,"Hunt for Red October, The (1990)",Action|Thriller
1479,1611,My Own Private Idaho (1991),Drama
1480,1612,"Kiss Me, Guido (1997)",Comedy
1481,1613,Star Maps (1997),Drama
1482,1614,In & Out (1997),Comedy
1483,1615,"Edge, The (1997)",Adventure|Thriller
1484,1616,"Peacemaker, The (1997)",Action|Thriller|War
1485,1617,L.A. Confidential (1997),Crime|Film-Noir|Mystery|Thriller
1486,1619,Seven Years in Tibet (1997),Drama|War
1487,1620,Kiss the Girls (1997),Crime|Drama|Thriller
1488,1621,Soul Food (1997),Drama
1489,1622,Kicked in the Head (1997),Comedy|Drama
1490,1623,Wishmaster (1997),Horror
1491,1624,"Thousand Acres, A (1997)",Drama
1492,1625,"Game, The (1997)",Mystery|Thriller
1493,1626,Fire Down Below (1997),Action|Drama|Thriller
1494,1627,U Turn (1997),Action|Crime|Mystery
1495,1629,"MatchMaker, The (1997)",Comedy|Romance
1496,1630,"Lay of the Land, The (1997)",Comedy|Drama
1497,1631,"Assignment, The (1997)",Thriller
1498,1632,"Smile Like Yours, A (1997)",Comedy|Romance
1499,1633,Ulee's Gold (1997),Drama
1500,1635,"Ice Storm, The (1997)",Drama
1501,1636,Stag (1997),Action|Thriller
1502,1639,Chasing Amy (1997),Drama|Romance
1503,1640,How to Be a Player (1997),Comedy
1504,1641,"Full Monty, The (1997)",Comedy
1505,1642,Indian Summer (a.k.a. Alive & Kicking) (1996),Comedy|Drama
1506,1643,"Mrs. Brown (Her Majesty, Mrs. Brown) (1997)",Drama|Romance
1507,1644,I Know What You Did Last Summer (1997),Horror|Mystery|Thriller
1508,1645,"Devil's Advocate, The (1997)",Crime|Horror|Mystery|Thriller
1509,1646,Rocket Man (1997),Comedy
1510,1647,Playing God (1997),Crime|Thriller
1511,1648,"House of Yes, The (1997)",Comedy|Drama|Thriller
1512,1649,"Fast, Cheap & Out of Control (1997)",Documentary
1513,1650,Washington Square (1997),Drama
1514,1651,Telling Lies in America (1997),Drama
1515,1652,Year of the Horse (1997),Documentary
1516,1653,Gattaca (1997),Drama|Sci-Fi|Thriller
1517,1654,FairyTale: A True Story (1997),Children's|Drama|Fantasy
1518,1655,Phantoms (1998),Horror
1519,1656,Swept from the Sea (1997),Romance
1520,1657,Wonderland (1997),Documentary
1521,1658,"Life Less Ordinary, A (1997)",Romance|Thriller
1522,1659,Hurricane Streets (1998),Drama
1523,1660,Eve's Bayou (1997),Drama
1524,1661,Switchback (1997),Thriller
1525,1662,Gang Related (1997),Crime
1526,1663,Stripes (1981),Comedy
1527,1664,Nénette et Boni (1996),Drama
1528,1665,Bean (1997),Comedy
1529,1666,Hugo Pool (1997),Romance
1530,1667,Mad City (1997),Action|Drama
1531,1668,One Night Stand (1997),Drama
1532,1669,"Tango Lesson, The (1997)",Romance
1533,1670,Welcome To Sarajevo (1997),Drama|War
1534,1671,Deceiver (1997),Crime
1535,1672,"Rainmaker, The (1997)",Drama
1536,1673,Boogie Nights (1997),Drama
1537,1674,Witness (1985),Drama|Romance|Thriller
1538,1675,Incognito (1997),Crime|Thriller
1539,1676,Starship Troopers (1997),Action|Adventure|Sci-Fi|War
1540,1677,Critical Care (1997),Comedy
1541,1678,"Joy Luck Club, The (1993)",Drama
1542,1679,Chairman of the Board (1998),Comedy
1543,1680,Sliding Doors (1998),Drama|Romance
1544,1681,Mortal Kombat: Annihilation (1997),Action|Adventure
1545,1682,"Truman Show, The (1998)",Drama
1546,1683,"Wings of the Dove, The (1997)",Drama|Romance|Thriller
1547,1684,Mrs. Dalloway (1997),Romance
1548,1685,"I Love You, I Love You Not (1996)",Romance
1549,1686,Red Corner (1997),Crime|Thriller
1550,1687,"Jackal, The (1997)",Action|Thriller
1551,1688,Anastasia (1997),Animation|Children's|Musical
1552,1689,"Man Who Knew Too Little, The (1997)",Comedy|Mystery
1553,1690,Alien: Resurrection (1997),Action|Horror|Sci-Fi
1554,1692,Alien Escape (1995),Horror|Sci-Fi
1555,1693,Amistad (1997),Drama
1556,1694,"Apostle, The (1997)",Drama
1557,1695,Artemisia (1997),Drama
1558,1696,Bent (1997),Drama|War
1559,1699,"Butcher Boy, The (1998)",Drama
1560,1701,Deconstructing Harry (1997),Comedy|Drama
1561,1702,Flubber (1997),Children's|Comedy|Fantasy
1562,1703,For Richer or Poorer (1997),Comedy
1563,1704,Good Will Hunting (1997),Drama
1564,1707,Home Alone 3 (1997),Children's|Comedy
1565,1709,Legal Deceit (1997),Thriller
1566,1711,Midnight in the Garden of Good and Evil (1997),Comedy|Crime|Drama|Mystery
1567,1713,Mouse Hunt (1997),Children's|Comedy
1568,1714,Never Met Picasso (1996),Romance
1569,1715,Office Killer (1997),Thriller
1570,1717,Scream 2 (1997),Horror|Thriller
1571,1718,Stranger in the House (1997),Thriller
1572,1719,"Sweet Hereafter, The (1997)",Drama
1573,1720,Time Tracers (1995),Action|Adventure|Sci-Fi
1574,1721,Titanic (1997),Drama|Romance
1575,1722,Tomorrow Never Dies (1997),Action|Romance|Thriller
1576,1724,Full Speed (1996),Drama
1577,1725,"Education of Little Tree, The (1997)",Drama
1578,1726,"Postman, The (1997)",Drama
1579,1727,"Horse Whisperer, The (1998)",Drama
1580,1728,"Winter Guest, The (1997)",Drama
1581,1729,Jackie Brown (1997),Crime|Drama
1582,1730,Kundun (1997),Drama
1583,1731,Mr. Magoo (1997),Comedy
1584,1732,"Big Lebowski, The (1998)",Comedy|Crime|Mystery|Thriller
1585,1733,Afterglow (1997),Drama|Romance
1586,1734,My Life in Pink (Ma vie en rose) (1997),Comedy|Drama
1587,1735,Great Expectations (1998),Drama|Romance
1588,1739,3 Ninjas: High Noon On Mega Mountain (1998),Action|Children's
1589,1741,"Midaq Alley (Callejón de los milagros, El) (1995)",Drama
1590,1743,Arguing the World (1996),Documentary
1591,1744,Firestorm (1998),Action|Adventure|Thriller
1592,1746,Senseless (1998),Comedy
1593,1747,Wag the Dog (1997),Comedy|Drama
1594,1748,Dark City (1998),Film-Noir|Sci-Fi|Thriller
1595,1749,"Leading Man, The (1996)",Romance
1596,1750,Star Kid (1997),Adventure|Children's|Fantasy|Sci-Fi
1597,1752,Hard Rain (1998),Action|Thriller
1598,1753,Half Baked (1998),Comedy
1599,1754,Fallen (1998),Action|Mystery|Thriller
1600,1755,Shooting Fish (1997),Romance
1601,1756,"Prophecy II, The (1998)",Horror
1602,1758,Dangerous Beauty (1998),Drama
1603,1759,Four Days in September (1997),Drama
1604,1760,Spice World (1997),Comedy|Musical
1605,1762,Deep Rising (1998),Action|Horror|Sci-Fi
1606,1764,Tainted (1998),Comedy|Thriller
1607,1767,Music From Another Room (1998),Drama|Romance
1608,1769,"Replacement Killers, The (1998)",Action|Thriller
1609,1770,B. Monkey (1998),Romance|Thriller
1610,1771,Night Flier (1997),Horror
1611,1772,Blues Brothers 2000 (1998),Action|Comedy|Musical
1612,1773,Tokyo Fist (1995),Action|Drama
1613,1777,"Wedding Singer, The (1998)",Comedy|Romance
1614,1779,Sphere (1998),Adventure|Sci-Fi|Thriller
1615,1780,Ayn Rand: A Sense of Life (1997),Documentary
1616,1782,Little City (1998),Comedy|Romance
1617,1783,Palmetto (1998),Film-Noir|Mystery|Thriller
1618,1784,As Good As It Gets (1997),Comedy|Drama
1619,1785,King of New York (1990),Action|Crime
1620,1787,"Paralyzing Fear: The Story of Polio in America, A (1998)",Documentary
1621,1788,Men With Guns (1997),Action|Drama
1622,1791,Twilight (1998),Crime|Drama
1623,1792,U.S. Marshalls (1998),Action|Thriller
1624,1793,Welcome to Woop-Woop (1997),Comedy
1625,1794,Love and Death on Long Island (1997),Comedy|Drama
1626,1795,"Callejón de los milagros, El (1995)",Drama
1627,1796,In God's Hands (1998),Action|Drama
1628,1797,Everest (1998),Documentary
1629,1798,Hush (1998),Thriller
1630,1799,Suicide Kings (1997),Crime|Drama
1631,1801,"Man in the Iron Mask, The (1998)",Action|Drama|Romance
1632,1804,"Newton Boys, The (1998)",Crime|Drama
1633,1805,Wild Things (1998),Crime|Drama|Mystery|Thriller
1634,1806,Paulie (1998),Adventure|Children's|Comedy
1635,1807,"Cool Dry Place, A (1998)",Drama
1636,1809,Hana-bi (1997),Comedy|Crime|Drama
1637,1810,Primary Colors (1998),Drama
1638,1811,"Niagara, Niagara (1997)",Drama
1639,1812,Wide Awake (1998),Children's|Comedy|Drama
1640,1814,"Price Above Rubies, A (1998)",Drama
1641,1815,Eden (1997),Drama
1642,1816,Two Girls and a Guy (1997),Comedy|Drama
1643,1817,No Looking Back (1998),Comedy|Drama|Romance
1644,1820,"Proposition, The (1998)",Drama
1645,1821,"Object of My Affection, The (1998)",Comedy|Romance
1646,1822,Meet the Deedles (1998),Children's|Comedy
1647,1824,Homegrown (1998),Comedy|Thriller
1648,1825,"Player's Club, The (1998)",Action|Drama
1649,1826,Barney's Great Adventure (1998),Adventure|Children's
1650,1827,"Big One, The (1997)",Comedy|Documentary
1651,1829,Chinese Box (1997),Drama|Romance
1652,1830,Follow the Bitch (1998),Comedy
1653,1831,Lost in Space (1998),Action|Sci-Fi|Thriller
1654,1832,Heaven's Burning (1997),Action|Drama
1655,1833,Mercury Rising (1998),Action|Drama|Thriller
1656,1834,"Spanish Prisoner, The (1997)",Drama|Thriller
1657,1835,City of Angels (1998),Romance
1658,1836,"Last Days of Disco, The (1998)",Drama
1659,1837,"Odd Couple II, The (1998)",Comedy
1660,1839,My Giant (1998),Comedy
1661,1840,He Got Game (1998),Drama
1662,1841,"Gingerbread Man, The (1998)",Drama|Thriller
1663,1842,Illtown (1996),Crime|Drama
1664,1843,Slappy and the Stinkers (1998),Children's|Comedy
1665,1844,Live Flesh (1997),Drama
1666,1845,Zero Effect (1998),Comedy|Thriller
1667,1846,Nil By Mouth (1997),Drama
1668,1848,"Borrowers, The (1997)",Adventure|Children's|Comedy|Fantasy
1669,1849,Prince Valiant (1997),Adventure
1670,1850,"I Love You, Don't Touch Me! (1998)",Drama|Romance
1671,1851,Leather Jacket Love Story (1997),Drama|Romance
1672,1852,Love Walked In (1998),Drama|Thriller
1673,1853,"Alan Smithee Film: Burn Hollywood Burn, An (1997)",Comedy
1674,1854,Kissing a Fool (1998),Comedy|Romance
1675,1855,Krippendorf's Tribe (1998),Comedy
1676,1856,Kurt & Courtney (1998),Documentary|Musical
1677,1857,"Real Blonde, The (1997)",Comedy
1678,1858,Mr. Nice Guy (1997),Action|Comedy
1679,1859,Taste of Cherry (1997),Drama
1680,1860,Character (Karakter) (1997),Drama
1681,1861,Junk Mail (1997),Comedy|Thriller
1682,1862,Species II (1998),Horror|Sci-Fi
1683,1863,Major League: Back to the Minors (1998),Comedy
1684,1864,Sour Grapes (1998),Comedy
1685,1865,Wild Man Blues (1998),Documentary
1686,1866,"Big Hit, The (1998)",Action|Comedy
1687,1867,Tarzan and the Lost City (1998),Action|Adventure
1688,1868,"Truce, The (1996)",Drama|War
1689,1869,Black Dog (1998),Action|Thriller
1690,1870,"Dancer, Texas Pop. 81 (1998)",Comedy|Drama
1691,1871,"Friend of the Deceased, A (1997)",Comedy|Drama
1692,1872,Go Now (1995),Drama
1693,1873,"Misérables, Les (1998)",Drama
1694,1874,Still Breathing (1997),Comedy|Romance
1695,1875,Clockwatchers (1997),Comedy
1696,1876,Deep Impact (1998),Action|Drama|Sci-Fi|Thriller
1697,1877,Little Men (1998),Drama
1698,1878,Woo (1998),Comedy|Romance
1699,1879,"Hanging Garden, The (1997)",Drama
1700,1880,Lawn Dogs (1997),Drama
1701,1881,Quest for Camelot (1998),Adventure|Animation|Children's|Fantasy
1702,1882,Godzilla (1998),Action|Sci-Fi
1703,1883,Bulworth (1998),Comedy
1704,1884,Fear and Loathing in Las Vegas (1998),Comedy|Drama
1705,1885,"Opposite of Sex, The (1998)",Comedy|Drama
1706,1886,I Got the Hook Up (1998),Comedy
1707,1887,Almost Heroes (1998),Adventure|Comedy
1708,1888,Hope Floats (1998),Comedy|Drama|Romance
1709,1889,Insomnia (1997),Thriller
1710,1890,Little Boy Blue (1997),Drama
1711,1891,"Ugly, The (1997)",Horror|Thriller
1712,1892,"Perfect Murder, A (1998)",Mystery|Thriller
1713,1893,Beyond Silence (1996),Drama
1714,1894,Six Days Seven Nights (1998),Adventure|Comedy|Romance
1715,1895,Can't Hardly Wait (1998),Comedy|Drama|Romance
1716,1896,Cousin Bette (1998),Comedy
1717,1897,High Art (1998),Drama|Romance
1718,1898,"Land Girls, The (1998)",Drama|War
1719,1899,Passion in the Desert (1998),Adventure|Drama
1720,1900,"Children of Heaven, The (Bacheha-Ye Aseman) (1997)",Drama
1721,1901,Dear Jesse (1997),Documentary
1722,1902,Dream for an Insomniac (1996),Drama|Romance
1723,1903,Hav Plenty (1997),Comedy
1724,1904,Henry Fool (1997),Comedy|Drama
1725,1905,Marie Baie Des Anges (1997),Drama
1726,1906,Mr. Jealousy (1997),Comedy|Romance
1727,1907,Mulan (1998),Animation|Children's
1728,1908,Resurrection Man (1998),Drama|Thriller
1729,1909,"X-Files: Fight the Future, The (1998)",Mystery|Sci-Fi|Thriller
1730,1910,I Went Down (1997),Action|Comedy|Crime
1731,1911,Doctor Dolittle (1998),Comedy
1732,1912,Out of Sight (1998),Action|Crime|Romance
1733,1913,Picnic at Hanging Rock (1975),Drama|Mystery
1734,1914,Smoke Signals (1998),Comedy|Drama
1735,1915,Voyage to the Beginning of the World (1997),Drama
1736,1916,Buffalo 66 (1998),Action|Comedy|Drama
1737,1917,Armageddon (1998),Action|Adventure|Sci-Fi|Thriller
1738,1918,Lethal Weapon 4 (1998),Action|Comedy|Crime|Drama
1739,1919,Madeline (1998),Children's|Comedy
1740,1920,Small Soldiers (1998),Animation|Children's|Fantasy|War
1741,1921,Pi (1998),Sci-Fi|Thriller
1742,1922,Whatever (1998),Drama
1743,1923,There's Something About Mary (1998),Comedy
1744,1924,Plan 9 from Outer Space (1958),Horror|Sci-Fi
1745,1925,Wings (1927),Drama|Romance|War
1746,1926,"Broadway Melody, The (1929)",Musical
1747,1927,All Quiet on the Western Front (1930),War
1748,1928,Cimarron (1931),Western
1749,1929,Grand Hotel (1932),Drama
1750,1930,Cavalcade (1933),Drama
1751,1931,Mutiny on the Bounty (1935),Adventure
1752,1932,"Great Ziegfeld, The (1936)",Musical
1753,1933,"Life of Émile Zola, The (1937)",Drama
1754,1934,You Can't Take It With You (1938),Comedy
1755,1935,How Green Was My Valley (1941),Drama
1756,1936,Mrs. Miniver (1942),Drama|War
1757,1937,Going My Way (1944),Comedy
1758,1938,"Lost Weekend, The (1945)",Drama
1759,1939,"Best Years of Our Lives, The (1946)",Drama|War
1760,1940,Gentleman's Agreement (1947),Drama
1761,1941,Hamlet (1948),Drama
1762,1942,All the King's Men (1949),Drama
1763,1943,"Greatest Show on Earth, The (1952)",Drama
1764,1944,From Here to Eternity (1953),Drama|Romance|War
1765,1945,On the Waterfront (1954),Crime|Drama
1766,1946,Marty (1955),Drama|Romance
1767,1947,West Side Story (1961),Musical|Romance
1768,1948,Tom Jones (1963),Comedy
1769,1949,"Man for All Seasons, A (1966)",Drama
1770,1950,In the Heat of the Night (1967),Drama|Mystery
1771,1951,Oliver! (1968),Musical
1772,1952,Midnight Cowboy (1969),Drama
1773,1953,"French Connection, The (1971)",Action|Crime|Drama|Thriller
1774,1954,Rocky (1976),Action|Drama
1775,1955,Kramer Vs. Kramer (1979),Drama
1776,1956,Ordinary People (1980),Drama
1777,1957,Chariots of Fire (1981),Drama
1778,1958,Terms of Endearment (1983),Comedy|Drama
1779,1959,Out of Africa (1985),Drama|Romance
1780,1960,"Last Emperor, The (1987)",Drama|War
1781,1961,Rain Man (1988),Drama
1782,1962,Driving Miss Daisy (1989),Drama
1783,1963,Take the Money and Run (1969),Comedy
1784,1964,Klute (1971),Drama|Mystery
1785,1965,Repo Man (1984),Comedy|Sci-Fi
1786,1966,Metropolitan (1990),Comedy
1787,1967,Labyrinth (1986),Adventure|Children's|Fantasy
1788,1968,"Breakfast Club, The (1985)",Comedy|Drama
1789,1969,"Nightmare on Elm Street Part 2: Freddy's Revenge, A (1985)",Horror
1790,1970,"Nightmare on Elm Street 3: Dream Warriors, A (1987)",Horror
1791,1971,"Nightmare on Elm Street 4: The Dream Master, A (1988)",Horror
1792,1972,"Nightmare on Elm Street 5: The Dream Child, A (1989)",Horror
1793,1973,Freddy's Dead: The Final Nightmare (1991),Horror
1794,1974,Friday the 13th (1980),Horror
1795,1975,Friday the 13th Part 2 (1981),Horror
1796,1976,Friday the 13th Part 3: 3D (1982),Horror
1797,1977,Friday the 13th: The Final Chapter (1984),Horror
1798,1978,Friday the 13th Part V: A New Beginning (1985),Horror
1799,1979,Friday the 13th Part VI: Jason Lives (1986),Horror
1800,1980,Friday the 13th Part VII: The New Blood (1988),Horror
1801,1981,Friday the 13th Part VIII: Jason Takes Manhattan (1989),Horror
1802,1982,Halloween (1978),Horror
1803,1983,Halloween II (1981),Horror
1804,1984,Halloween III: Season of the Witch (1983),Horror
1805,1985,Halloween 4: The Return of Michael Myers (1988),Horror
1806,1986,Halloween 5: The Revenge of Michael Myers (1989),Horror
1807,1987,Prom Night (1980),Horror
1808,1988,Hello Mary Lou: Prom Night II (1987),Horror
1809,1989,Prom Night III: The Last Kiss (1989),Horror
1810,1990,Prom Night IV: Deliver Us From Evil (1992),Horror
1811,1991,Child's Play (1988),Horror
1812,1992,Child's Play 2 (1990),Horror
1813,1993,Child's Play 3 (1992),Horror
1814,1994,Poltergeist (1982),Horror|Thriller
1815,1995,Poltergeist II: The Other Side (1986),Horror|Thriller
1816,1996,Poltergeist III (1988),Horror|Thriller
1817,1997,"Exorcist, The (1973)",Horror
1818,1998,Exorcist II: The Heretic (1977),Horror
1819,1999,"Exorcist III, The (1990)",Horror
1820,2000,Lethal Weapon (1987),Action|Comedy|Crime|Drama
1821,2001,Lethal Weapon 2 (1989),Action|Comedy|Crime|Drama
1822,2002,Lethal Weapon 3 (1992),Action|Comedy|Crime|Drama
1823,2003,Gremlins (1984),Comedy|Horror
1824,2004,Gremlins 2: The New Batch (1990),Comedy|Horror
1825,2005,"Goonies, The (1985)",Adventure|Children's|Fantasy
1826,2006,"Mask of Zorro, The (1998)",Action|Adventure|Romance
1827,2007,Polish Wedding (1998),Comedy
1828,2008,"This World, Then the Fireworks (1996)",Crime|Drama|Film-Noir
1829,2009,Soylent Green (1973),Sci-Fi|Thriller
1830,2010,Metropolis (1926),Sci-Fi
1831,2011,Back to the Future Part II (1989),Comedy|Sci-Fi
1832,2012,Back to the Future Part III (1990),Comedy|Sci-Fi|Western
1833,2013,"Poseidon Adventure, The (1972)",Action|Adventure
1834,2014,Freaky Friday (1977),Children's|Comedy
1835,2015,"Absent Minded Professor, The (1961)",Children's|Comedy|Fantasy
1836,2016,"Apple Dumpling Gang Rides Again, The (1979)",Children's|Comedy|Western
1837,2017,Babes in Toyland (1961),Children's|Fantasy|Musical
1838,2018,Bambi (1942),Animation|Children's
1839,2019,Seven Samurai (The Magnificent Seven) (Shichinin no samurai) (1954),Action|Drama
1840,2020,Dangerous Liaisons (1988),Drama|Romance
1841,2021,Dune (1984),Fantasy|Sci-Fi
1842,2022,"Last Temptation of Christ, The (1988)",Drama
1843,2023,"Godfather: Part III, The (1990)",Action|Crime|Drama
1844,2024,"Rapture, The (1991)",Drama|Mystery
1845,2025,Lolita (1997),Drama|Romance
1846,2026,Disturbing Behavior (1998),Horror|Thriller
1847,2027,Mafia! (1998),Comedy|Crime
1848,2028,Saving Private Ryan (1998),Action|Drama|War
1849,2029,Billy's Hollywood Screen Kiss (1997),Comedy|Romance
1850,2031,"$1,000,000 Duck (1971)",Children's|Comedy
1851,2032,"Barefoot Executive, The (1971)",Children's|Comedy
1852,2033,"Black Cauldron, The (1985)",Animation|Children's
1853,2034,"Black Hole, The (1979)",Sci-Fi
1854,2035,Blackbeard's Ghost (1968),Children's|Comedy
1855,2036,Blank Check (1994),Children's|Comedy
1856,2037,Candleshoe (1977),Adventure|Children's|Comedy
1857,2038,"Cat from Outer Space, The (1978)",Children's|Comedy|Sci-Fi
1858,2039,Cheetah (1989),Adventure|Children's
1859,2040,"Computer Wore Tennis Shoes, The (1970)",Children's|Comedy
1860,2041,Condorman (1981),Action|Adventure|Children's|Comedy
1861,2042,D2: The Mighty Ducks (1994),Children's|Comedy
1862,2043,Darby O'Gill and the Little People (1959),Adventure|Children's|Fantasy
1863,2044,"Devil and Max Devlin, The (1981)",Comedy
1864,2045,"Far Off Place, A (1993)",Adventure|Children's|Drama|Romance
1865,2046,Flight of the Navigator (1986),Adventure|Children's|Sci-Fi
1866,2047,"Gnome-Mobile, The (1967)",Children's
1867,2048,"Great Mouse Detective, The (1986)",Animation|Children's
1868,2049,"Happiest Millionaire, The (1967)",Comedy|Musical
1869,2050,Herbie Goes Bananas (1980),Adventure|Children's|Comedy
1870,2051,Herbie Goes to Monte Carlo (1977),Adventure|Children's|Comedy
1871,2052,Hocus Pocus (1993),Children's|Comedy
1872,2053,"Honey, I Blew Up the Kid (1992)",Children's|Comedy|Sci-Fi
1873,2054,"Honey, I Shrunk the Kids (1989)",Adventure|Children's|Comedy|Fantasy|Sci-Fi
1874,2055,Hot Lead and Cold Feet (1978),Comedy|Western
1875,2056,In Search of the Castaways (1962),Adventure|Children's
1876,2057,"Incredible Journey, The (1963)",Adventure|Children's
1877,2058,"Negotiator, The (1998)",Action|Thriller
1878,2059,"Parent Trap, The (1998)",Children's|Drama
1879,2060,BASEketball (1998),Comedy
1880,2061,Full Tilt Boogie (1997),Documentary
1881,2062,"Governess, The (1998)",Drama|Romance
1882,2063,Seventh Heaven (Le Septième ciel) (1997),Drama|Romance
1883,2064,Roger & Me (1989),Comedy|Documentary
1884,2065,"Purple Rose of Cairo, The (1985)",Comedy|Drama|Romance
1885,2066,Out of the Past (1947),Film-Noir
1886,2067,Doctor Zhivago (1965),Drama|Romance|War
1887,2068,Fanny and Alexander (1982),Drama
1888,2069,"Trip to Bountiful, The (1985)",Drama
1889,2070,Tender Mercies (1983),Drama
1890,2071,And the Band Played On (1993),Drama
1891,2072,"'burbs, The (1989)",Comedy
1892,2073,Fandango (1985),Comedy
1893,2074,"Night Porter, The (Il Portiere di notte) (1974)",Drama
1894,2075,Mephisto (1981),Drama|War
1895,2076,Blue Velvet (1986),Drama|Mystery
1896,2077,"Journey of Natty Gann, The (1985)",Adventure|Children's
1897,2078,"Jungle Book, The (1967)",Animation|Children's|Comedy|Musical
1898,2079,Kidnapped (1960),Children's|Drama
1899,2080,Lady and the Tramp (1955),Animation|Children's|Comedy|Musical|Romance
1900,2081,"Little Mermaid, The (1989)",Animation|Children's|Comedy|Musical|Romance
1901,2082,"Mighty Ducks, The (1992)",Children's|Comedy
1902,2083,"Muppet Christmas Carol, The (1992)",Children's|Musical
1903,2084,Newsies (1992),Children's|Musical
1904,2085,101 Dalmatians (1961),Animation|Children's
1905,2086,One Magic Christmas (1985),Drama|Fantasy
1906,2087,Peter Pan (1953),Animation|Children's|Fantasy|Musical
1907,2088,Popeye (1980),Adventure|Comedy|Musical
1908,2089,"Rescuers Down Under, The (1990)",Animation|Children's
1909,2090,"Rescuers, The (1977)",Animation|Children's
1910,2091,Return from Witch Mountain (1978),Children's|Sci-Fi
1911,2092,"Return of Jafar, The (1993)",Animation|Children's|Musical
1912,2093,Return to Oz (1985),Adventure|Children's|Fantasy|Sci-Fi
1913,2094,"Rocketeer, The (1991)",Action|Adventure|Sci-Fi
1914,2095,"Shaggy D.A., The (1976)",Children's|Comedy
1915,2096,Sleeping Beauty (1959),Animation|Children's|Musical
1916,2097,Something Wicked This Way Comes (1983),Children's|Horror
1917,2098,Son of Flubber (1963),Children's|Comedy
1918,2099,Song of the South (1946),Adventure|Animation|Children's|Musical
1919,2100,Splash (1984),Comedy|Fantasy|Romance
1920,2101,Squanto: A Warrior's Tale (1994),Adventure|Drama
1921,2102,Steamboat Willie (1940),Animation|Children's|Comedy|Musical
1922,2103,Tall Tale (1994),Adventure|Children's
1923,2104,Tex (1982),Drama
1924,2105,Tron (1982),Action|Adventure|Fantasy|Sci-Fi
1925,2106,Swing Kids (1993),Drama|War
1926,2107,Halloween: H20 (1998),Horror|Thriller
1927,2108,L.A. Story (1991),Comedy|Romance
1928,2109,"Jerk, The (1979)",Comedy
1929,2110,Dead Men Don't Wear Plaid (1982),Comedy|Crime|Thriller
1930,2111,"Man with Two Brains, The (1983)",Comedy
1931,2112,Grand Canyon (1991),Crime|Drama
1932,2113,Graveyard Shift (1990),Horror|Thriller
1933,2114,"Outsiders, The (1983)",Drama
1934,2115,Indiana Jones and the Temple of Doom (1984),Action|Adventure
1935,2116,"Lord of the Rings, The (1978)",Adventure|Animation|Children's|Sci-Fi
1936,2117,Nineteen Eighty-Four (1984),Drama|Sci-Fi
1937,2118,"Dead Zone, The (1983)",Horror|Thriller
1938,2119,Maximum Overdrive (1986),Horror
1939,2120,Needful Things (1993),Drama|Horror
1940,2121,Cujo (1983),Horror|Thriller
1941,2122,Children of the Corn (1984),Horror|Thriller
1942,2123,All Dogs Go to Heaven (1989),Animation|Children's
1943,2124,"Addams Family, The (1991)",Comedy
1944,2125,Ever After: A Cinderella Story (1998),Drama|Romance
1945,2126,Snake Eyes (1998),Action|Crime|Mystery|Thriller
1946,2127,"First Love, Last Rites (1997)",Drama|Romance
1947,2128,Safe Men (1998),Comedy
1948,2129,"Saltmen of Tibet, The (1997)",Documentary
1949,2130,Atlantic City (1980),Crime|Drama|Romance
1950,2131,Autumn Sonata (Höstsonaten ) (1978),Drama
1951,2132,Who's Afraid of Virginia Woolf? (1966),Drama
1952,2133,Adventures in Babysitting (1987),Adventure|Comedy
1953,2134,Weird Science (1985),Comedy
1954,2135,Doctor Dolittle (1967),Adventure|Musical
1955,2136,"Nutty Professor, The (1963)",Comedy
1956,2137,Charlotte's Web (1973),Animation|Children's
1957,2138,Watership Down (1978),Animation|Children's|Drama|Fantasy
1958,2139,"Secret of NIMH, The (1982)",Animation|Children's
1959,2140,"Dark Crystal, The (1982)",Children's|Fantasy|Sci-Fi
1960,2141,"American Tail, An (1986)",Animation|Children's|Comedy
1961,2142,"American Tail: Fievel Goes West, An (1991)",Animation|Children's|Comedy
1962,2143,Legend (1985),Adventure|Fantasy|Romance
1963,2144,Sixteen Candles (1984),Comedy
1964,2145,Pretty in Pink (1986),Comedy|Drama|Romance
1965,2146,St. Elmo's Fire (1985),Drama|Romance
1966,2147,"Clan of the Cave Bear, The (1986)",Drama
1967,2148,House (1986),Comedy|Horror
1968,2149,House II: The Second Story (1987),Comedy|Horror
1969,2150,"Gods Must Be Crazy, The (1980)",Comedy
1970,2151,"Gods Must Be Crazy II, The (1989)",Comedy
1971,2152,Air Bud: Golden Receiver (1998),Children's|Comedy
1972,2153,"Avengers, The (1998)",Action|Adventure
1973,2154,How Stella Got Her Groove Back (1998),Drama|Romance
1974,2155,"Slums of Beverly Hills, The (1998)",Comedy
1975,2156,"Best Man, The (Il Testimone dello sposo) (1997)",Comedy|Drama
1976,2157,"Chambermaid on the Titanic, The (1998)",Romance
1977,2158,"Henry: Portrait of a Serial Killer, Part 2 (1996)",Crime|Horror
1978,2159,Henry: Portrait of a Serial Killer (1990),Crime|Horror
1979,2160,Rosemary's Baby (1968),Horror|Thriller
1980,2161,"NeverEnding Story, The (1984)",Adventure|Children's|Fantasy
1981,2162,"NeverEnding Story II: The Next Chapter, The (1990)",Adventure|Children's|Fantasy
1982,2163,Attack of the Killer Tomatoes! (1980),Comedy|Horror
1983,2164,Surf Nazis Must Die (1987),Drama
1984,2165,Your Friends and Neighbors (1998),Drama
1985,2166,Return to Paradise (1998),Drama|Romance
1986,2167,Blade (1998),Action|Adventure|Horror
1987,2168,Dance with Me (1998),Drama|Romance
1988,2169,Dead Man on Campus (1998),Comedy
1989,2170,Wrongfully Accused (1998),Action|Comedy
1990,2171,"Next Stop, Wonderland (1998)",Comedy|Drama|Romance
1991,2172,"Strike! (a.k.a. All I Wanna Do, The Hairy Bird) (1998)",Comedy
1992,2173,"Navigator: A Mediaeval Odyssey, The (1988)",Adventure|Fantasy|Sci-Fi
1993,2174,Beetlejuice (1988),Comedy|Fantasy
1994,2175,Déjà Vu (1997),Drama|Romance
1995,2176,Rope (1948),Thriller
1996,2177,Family Plot (1976),Comedy|Thriller
1997,2178,Frenzy (1972),Thriller
1998,2179,Topaz (1969),Thriller
1999,2180,Torn Curtain (1966),Thriller
2000,2181,Marnie (1964),Thriller
2001,2182,"Wrong Man, The (1956)",Drama|Film-Noir|Thriller
2002,2183,"Man Who Knew Too Much, The (1956)",Thriller
2003,2184,"Trouble with Harry, The (1955)",Mystery|Thriller
2004,2185,I Confess (1953),Thriller
2005,2186,Strangers on a Train (1951),Film-Noir|Thriller
2006,2187,Stage Fright (1950),Mystery|Thriller
2007,2188,54 (1998),Drama
2008,2189,I Married A Strange Person (1997),Animation
2009,2190,Why Do Fools Fall In Love? (1998),Drama
2010,2191,"Merry War, A (1997)",Comedy
2011,2192,See the Sea (Regarde la mer) (1997),Drama
2012,2193,Willow (1988),Action|Adventure|Fantasy
2013,2194,"Untouchables, The (1987)",Action|Crime|Drama
2014,2195,Dirty Work (1998),Comedy
2015,2196,Knock Off (1998),Action
2016,2197,Firelight (1997),Drama
2017,2198,Modulations (1998),Documentary
2018,2200,Under Capricorn (1949),Drama
2019,2201,"Paradine Case, The (1947)",Drama
2020,2202,Lifeboat (1944),Drama|Thriller|War
2021,2203,Shadow of a Doubt (1943),Film-Noir|Thriller
2022,2204,Saboteur (1942),Thriller
2023,2205,Mr. & Mrs. Smith (1941),Comedy
2024,2206,Suspicion (1941),Mystery|Thriller
2025,2207,Jamaica Inn (1939),Drama
2026,2208,"Lady Vanishes, The (1938)",Comedy|Mystery|Romance|Thriller
2027,2209,Young and Innocent (1937),Crime|Thriller
2028,2210,Sabotage (1936),Thriller
2029,2211,Secret Agent (1936),Thriller
2030,2212,"Man Who Knew Too Much, The (1934)",Thriller
2031,2213,Waltzes from Vienna (1933),Comedy|Musical
2032,2214,Number Seventeen (1932),Thriller
2033,2215,Rich and Strange (1932),Comedy|Romance
2034,2217,Elstree Calling (1930),Comedy|Musical
2035,2218,Juno and Paycock (1930),Drama
2036,2219,Murder! (1930),Mystery|Thriller
2037,2221,Blackmail (1929),Thriller
2038,2223,"Farmer's Wife, The (1928)",Comedy
2039,2226,"Ring, The (1927)",Drama
2040,2227,"Lodger, The (1926)",Thriller
2041,2231,Rounders (1998),Crime|Drama
2042,2232,Cube (1997),Sci-Fi|Thriller
2043,2233,Digging to China (1998),Drama
2044,2234,Let's Talk About Sex (1998),Drama
2045,2235,One Man's Hero (1999),Drama|War
2046,2236,Simon Birch (1998),Drama
2047,2237,Without Limits (1998),Drama
2048,2238,Seven Beauties (Pasqualino Settebellezze) (1976),Comedy|Drama
2049,2239,Swept Away (Travolti da un insolito destino nell'azzurro mare d'Agosto) (1975),Comedy|Drama
2050,2240,My Bodyguard (1980),Drama
2051,2241,Class (1983),Comedy
2052,2242,"Grandview, U.S.A. (1984)",Drama
2053,2243,Broadcast News (1987),Comedy|Drama|Romance
2054,2244,"Allnighter, The (1987)",Comedy|Romance
2055,2245,Working Girl (1988),Comedy|Drama
2056,2246,Stars and Bars (1988),Comedy
2057,2247,Married to the Mob (1988),Comedy
2058,2248,Say Anything... (1989),Comedy|Drama|Romance
2059,2249,My Blue Heaven (1990),Comedy
2060,2250,Men Don't Leave (1990),Drama
2061,2251,"Cabinet of Dr. Ramirez, The (1991)",Comedy
2062,2252,Hero (1992),Comedy|Drama
2063,2253,Toys (1992),Action|Comedy|Fantasy
2064,2254,Choices (1981),Drama
2065,2255,Young Doctors in Love (1982),Comedy
2066,2256,Parasite (1982),Horror|Sci-Fi
2067,2257,No Small Affair (1984),Comedy|Romance
2068,2258,Master Ninja I (1984),Action
2069,2259,Blame It on Rio (1984),Comedy|Romance
2070,2260,Wisdom (1986),Action|Crime
2071,2261,One Crazy Summer (1986),Comedy
2072,2262,About Last Night... (1986),Comedy|Drama|Romance
2073,2263,"Seventh Sign, The (1988)",Thriller
2074,2264,We're No Angels (1989),Drama
2075,2265,Nothing But Trouble (1991),Adventure|Comedy
2076,2266,"Butcher's Wife, The (1991)",Comedy|Romance
2077,2267,Mortal Thoughts (1991),Mystery|Thriller
2078,2268,"Few Good Men, A (1992)",Crime|Drama
2079,2269,Indecent Proposal (1993),Drama
2080,2271,Permanent Midnight (1998),Drama
2081,2272,One True Thing (1998),Drama
2082,2273,Rush Hour (1998),Action|Thriller
2083,2275,Six-String Samurai (1998),Action|Adventure|Sci-Fi
2084,2276,"Soldier's Daughter Never Cries, A (1998)",Drama
2085,2277,Somewhere in the City (1997),Drama
2086,2278,Ronin (1998),Action|Crime|Thriller
2087,2279,Urban Legend (1998),Horror|Thriller
2088,2280,Clay Pigeons (1998),Crime
2089,2281,Monument Ave. (1998),Crime
2090,2282,Pecker (1998),Comedy|Drama
2091,2283,"Sheltering Sky, The (1990)",Drama
2092,2284,Bandit Queen (1994),Drama
2093,2285,If.... (1968),Drama
2094,2286,"Fiendish Plot of Dr. Fu Manchu, The (1980)",Comedy
2095,2287,Them! (1954),Sci-Fi|Thriller|War
2096,2288,"Thing, The (1982)",Action|Horror|Sci-Fi|Thriller
2097,2289,"Player, The (1992)",Comedy|Drama
2098,2290,Stardust Memories (1980),Comedy|Drama
2099,2291,Edward Scissorhands (1990),Drama|Romance
2100,2292,Overnight Delivery (1996),Romance
2101,2293,Shadrach (1998),Drama
2102,2294,Antz (1998),Animation|Children's
2103,2295,"Impostors, The (1998)",Comedy
2104,2296,"Night at the Roxbury, A (1998)",Comedy
2105,2297,What Dreams May Come (1998),Drama|Romance
2106,2298,Strangeland (1998),Thriller
2107,2299,"Battle of the Sexes, The (1959)",Comedy
2108,2300,"Producers, The (1968)",Comedy|Musical
2109,2301,History of the World: Part I (1981),Comedy
2110,2302,My Cousin Vinny (1992),Comedy
2111,2303,Nashville (1975),Drama|Musical
2112,2304,Love Is the Devil (1998),Drama
2113,2305,Slam (1998),Drama
2114,2306,Holy Man (1998),Comedy
2115,2307,One Tough Cop (1998),Action|Drama
2116,2308,Detroit 9000 (1973),Action|Crime
2117,2309,"Inheritors, The (Die Siebtelbauern) (1998)",Drama
2118,2310,"Mighty, The (1998)",Drama
2119,2311,2010 (1984),Mystery|Sci-Fi
2120,2312,Children of a Lesser God (1986),Drama
2121,2313,"Elephant Man, The (1980)",Drama
2122,2314,Beloved (1998),Drama
2123,2315,Bride of Chucky (1998),Horror|Thriller
2124,2316,Practical Magic (1998),Drama|Romance
2125,2317,"Alarmist, The (1997)",Comedy
2126,2318,Happiness (1998),Comedy
2127,2320,Apt Pupil (1998),Drama|Thriller
2128,2321,Pleasantville (1998),Comedy
2129,2322,Soldier (1998),Action|Adventure|Sci-Fi|Thriller|War
2130,2323,"Cruise, The (1998)",Documentary
2131,2324,Life Is Beautiful (La Vita è bella) (1997),Comedy|Drama
2132,2325,Orgazmo (1997),Comedy
2133,2326,Shattered Image (1998),Drama|Thriller
2134,2327,Tales from the Darkside: The Movie (1990),Horror
2135,2328,Vampires (1998),Horror
2136,2329,American History X (1998),Drama
2137,2330,Hands on a Hard Body (1996),Documentary
2138,2331,Living Out Loud (1998),Comedy|Romance
2139,2332,Belly (1998),Crime|Drama
2140,2333,Gods and Monsters (1998),Drama
2141,2334,"Siege, The (1998)",Action|Thriller
2142,2335,"Waterboy, The (1998)",Comedy
2143,2336,Elizabeth (1998),Drama
2144,2337,Velvet Goldmine (1998),Drama
2145,2338,I Still Know What You Did Last Summer (1998),Horror|Mystery|Thriller
2146,2339,I'll Be Home For Christmas (1998),Comedy|Romance
2147,2340,Meet Joe Black (1998),Romance
2148,2341,Dancing at Lughnasa (1998),Drama
2149,2342,Hard Core Logo (1996),Comedy
2150,2343,"Naked Man, The (1998)",Drama
2151,2344,Runaway Train (1985),Action|Adventure|Drama|Thriller
2152,2345,Desert Bloom (1986),Drama
2153,2346,"Stepford Wives, The (1975)",Sci-Fi|Thriller
2154,2347,"Pope of Greenwich Village, The (1984)",Action
2155,2348,Sid and Nancy (1986),Drama
2156,2349,Mona Lisa (1986),Comedy|Thriller
2157,2350,Heart Condition (1990),Comedy
2158,2351,Nights of Cabiria (Le Notti di Cabiria) (1957),Drama
2159,2352,"Big Chill, The (1983)",Comedy|Drama
2160,2353,Enemy of the State (1998),Action|Thriller
2161,2354,"Rugrats Movie, The (1998)",Animation|Children's|Comedy
2162,2355,"Bug's Life, A (1998)",Animation|Children's|Comedy
2163,2356,Celebrity (1998),Comedy
2164,2357,Central Station (Central do Brasil) (1998),Drama
2165,2358,Savior (1998),Drama
2166,2359,Waking Ned Devine (1998),Comedy
2167,2360,"Celebration, The (Festen) (1998)",Drama
2168,2361,Pink Flamingos (1972),Comedy
2169,2362,Glen or Glenda (1953),Drama
2170,2363,Godzilla (Gojira) (1954),Action|Sci-Fi
2171,2364,Godzilla (Gojira) (1984),Action|Sci-Fi
2172,2365,King Kong vs. Godzilla (Kingukongu tai Gojira) (1962),Action|Sci-Fi
2173,2366,King Kong (1933),Action|Adventure|Horror
2174,2367,King Kong (1976),Action|Adventure|Horror
2175,2368,King Kong Lives (1986),Action|Adventure|Horror
2176,2369,Desperately Seeking Susan (1985),Comedy|Romance
2177,2370,"Emerald Forest, The (1985)",Action|Adventure|Drama
2178,2371,Fletch (1985),Comedy
2179,2372,Fletch Lives (1989),Comedy
2180,2373,Red Sonja (1985),Action|Adventure
2181,2374,Gung Ho (1986),Comedy|Drama
2182,2375,"Money Pit, The (1986)",Comedy
2183,2376,"View to a Kill, A (1985)",Action
2184,2377,Lifeforce (1985),Horror|Sci-Fi
2185,2378,Police Academy (1984),Comedy
2186,2379,Police Academy 2: Their First Assignment (1985),Comedy
2187,2380,Police Academy 3: Back in Training (1986),Comedy
2188,2381,Police Academy 4: Citizens on Patrol (1987),Comedy
2189,2382,Police Academy 5: Assignment: Miami Beach (1988),Comedy
2190,2383,Police Academy 6: City Under Siege (1989),Comedy
2191,2384,Babe: Pig in the City (1998),Children's|Comedy
2192,2385,Home Fries (1998),Comedy|Romance
2193,2386,Jerry Springer: Ringmaster (1998),Drama
2194,2387,Very Bad Things (1998),Comedy|Crime
2195,2388,Steam: The Turkish Bath (Hamam) (1997),Drama|Romance
2196,2389,Psycho (1998),Crime|Horror|Thriller
2197,2390,Little Voice (1998),Comedy
2198,2391,"Simple Plan, A (1998)",Crime|Thriller
2199,2392,Jack Frost (1998),Comedy|Drama
2200,2393,Star Trek: Insurrection (1998),Action|Sci-Fi
2201,2394,"Prince of Egypt, The (1998)",Animation|Musical
2202,2395,Rushmore (1998),Comedy
2203,2396,Shakespeare in Love (1998),Comedy|Romance
2204,2397,Mass Appeal (1984),Drama
2205,2398,Miracle on 34th Street (1947),Drama
2206,2399,Santa Claus: The Movie (1985),Adventure|Children's|Fantasy
2207,2400,Prancer (1989),Children's|Drama
2208,2401,Pale Rider (1985),Western
2209,2402,Rambo: First Blood Part II (1985),Action|War
2210,2403,First Blood (1982),Action
2211,2404,Rambo III (1988),Action|War
2212,2405,"Jewel of the Nile, The (1985)",Action|Adventure|Comedy|Romance
2213,2406,Romancing the Stone (1984),Action|Adventure|Comedy|Romance
2214,2407,Cocoon (1985),Comedy|Sci-Fi
2215,2408,Cocoon: The Return (1988),Comedy|Sci-Fi
2216,2409,Rocky II (1979),Action|Drama
2217,2410,Rocky III (1982),Action|Drama
2218,2411,Rocky IV (1985),Action|Drama
2219,2412,Rocky V (1990),Action|Drama
2220,2413,Clue (1985),Comedy|Mystery
2221,2414,Young Sherlock Holmes (1985),Action|Adventure|Mystery
2222,2415,Violets Are Blue... (1986),Drama|Romance
2223,2416,Back to School (1986),Comedy
2224,2417,Heartburn (1986),Comedy|Drama
2225,2418,Nothing in Common (1986),Comedy
2226,2419,Extremities (1986),Drama|Thriller
2227,2420,"Karate Kid, The (1984)",Drama
2228,2421,"Karate Kid, Part II, The (1986)",Action|Adventure|Drama
2229,2422,"Karate Kid III, The (1989)",Action|Adventure|Drama
2230,2423,Christmas Vacation (1989),Comedy
2231,2424,You've Got Mail (1998),Comedy|Romance
2232,2425,"General, The (1998)",Crime
2233,2426,"Theory of Flight, The (1998)",Comedy|Drama|Romance
2234,2427,"Thin Red Line, The (1998)",Action|Drama|War
2235,2428,"Faculty, The (1998)",Horror|Sci-Fi
2236,2429,Mighty Joe Young (1998),Adventure|Children's|Drama
2237,2430,Mighty Joe Young (1949),Adventure|Children's|Drama
2238,2431,Patch Adams (1998),Comedy|Drama
2239,2432,Stepmom (1998),Drama
2240,2433,"Civil Action, A (1998)",Drama
2241,2434,Down in the Delta (1998),Drama
2242,2435,Hurlyburly (1998),Drama
2243,2436,Tea with Mussolini (1999),Comedy
2244,2437,Wilde (1997),Drama
2245,2438,Outside Ozona (1998),Drama|Thriller
2246,2439,Affliction (1997),Drama
2247,2440,Another Day in Paradise (1998),Drama
2248,2441,"Hi-Lo Country, The (1998)",Drama|Western
2249,2442,Hilary and Jackie (1998),Drama
2250,2443,Playing by Heart (1998),Drama|Romance
2251,2444,24 7: Twenty Four Seven (1997),Comedy|Drama
2252,2445,At First Sight (1999),Drama
2253,2446,In Dreams (1999),Thriller
2254,2447,Varsity Blues (1999),Comedy|Drama
2255,2448,Virus (1999),Horror|Sci-Fi
2256,2449,"Garbage Pail Kids Movie, The (1987)",Adventure|Children's
2257,2450,Howard the Duck (1986),Adventure|Children's|Sci-Fi
2258,2451,"Gate, The (1987)",Horror
2259,2452,"Gate II: Trespassers, The (1990)",Horror
2260,2453,"Boy Who Could Fly, The (1986)",Drama|Fantasy
2261,2454,"Fly, The (1958)",Horror|Sci-Fi
2262,2455,"Fly, The (1986)",Horror|Sci-Fi
2263,2456,"Fly II, The (1989)",Horror|Sci-Fi
2264,2457,Running Scared (1986),Action|Comedy
2265,2458,Armed and Dangerous (1986),Comedy|Crime
2266,2459,"Texas Chainsaw Massacre, The (1974)",Horror
2267,2460,"Texas Chainsaw Massacre 2, The (1986)",Horror
2268,2461,Leatherface: Texas Chainsaw Massacre III (1990),Horror
2269,2462,"Return of the Texas Chainsaw Massacre, The (1994)",Horror
2270,2463,Ruthless People (1986),Comedy
2271,2464,Trick or Treat (1986),Horror
2272,2465,Deadly Friend (1986),Horror
2273,2466,Belizaire the Cajun (1986),Drama
2274,2467,"Name of the Rose, The (1986)",Mystery
2275,2468,Jumpin' Jack Flash (1986),Action|Comedy|Romance|Thriller
2276,2469,Peggy Sue Got Married (1986),Comedy|Romance
2277,2470,Crocodile Dundee (1986),Adventure|Comedy
2278,2471,Crocodile Dundee II (1988),Adventure|Comedy
2279,2472,Tough Guys (1986),Comedy
2280,2473,Soul Man (1986),Comedy
2281,2474,"Color of Money, The (1986)",Drama
2282,2475,52 Pick-Up (1986),Action|Mystery|Thriller
2283,2476,Heartbreak Ridge (1986),Action|War
2284,2477,Firewalker (1986),Adventure
2285,2478,Three Amigos! (1986),Comedy|Western
2286,2479,Gloria (1999),Drama|Thriller
2287,2480,Dry Cleaning (Nettoyage à sec) (1997),Drama
2288,2481,My Name Is Joe (1998),Drama|Romance
2289,2482,Still Crazy (1998),Comedy|Romance
2290,2483,"Day of the Beast, The (El Día de la bestia) (1995)",Comedy|Horror|Thriller
2291,2484,Tinseltown (1998),Comedy
2292,2485,She's All That (1999),Comedy|Romance
2293,2486,24-hour Woman (1998),Drama
2294,2487,"Blood, Guts, Bullets and Octane (1998)",Action|Comedy
2295,2488,Peeping Tom (1960),Drama|Horror|Thriller
2296,2490,Payback (1999),Action|Thriller
2297,2491,Simply Irresistible (1999),Comedy|Romance
2298,2492,20 Dates (1998),Comedy
2299,2493,"Harmonists, The (1997)",Drama
2300,2494,"Last Days, The (1998)",Documentary
2301,2495,"Fantastic Planet, The (La Planète sauvage) (1973)",Animation|Sci-Fi
2302,2496,Blast from the Past (1999),Comedy|Romance
2303,2497,Message in a Bottle (1999),Romance
2304,2498,My Favorite Martian (1999),Comedy|Sci-Fi
2305,2499,God Said 'Ha!' (1998),Comedy
2306,2500,Jawbreaker (1999),Comedy
2307,2501,October Sky (1999),Drama
2308,2502,Office Space (1999),Comedy|Romance
2309,2503,"Apple, The (Sib) (1998)",Drama
2310,2504,200 Cigarettes (1999),Comedy|Drama
2311,2505,8MM (1999),Thriller
2312,2506,"Other Sister, The (1999)",Comedy|Drama|Romance
2313,2507,Breakfast of Champions (1999),Comedy
2314,2509,Eight Days a Week (1997),Comedy
2315,2510,Just the Ticket (1999),Comedy|Romance
2316,2511,"Long Goodbye, The (1973)",Crime
2317,2512,"Ballad of Narayama, The (Narayama Bushiko) (1982)",Drama
2318,2513,Pet Sematary (1989),Horror
2319,2514,Pet Sematary II (1992),Horror
2320,2515,Children of the Corn II: The Final Sacrifice (1993),Horror
2321,2516,Children of the Corn III (1994),Horror
2322,2517,Christine (1983),Horror
2323,2518,Night Shift (1982),Comedy
2324,2519,House on Haunted Hill (1958),Horror
2325,2520,Airport (1970),Drama
2326,2521,Airport 1975 (1974),Drama
2327,2522,Airport '77 (1977),Drama
2328,2523,Rollercoaster (1977),Drama|Thriller
2329,2524,"Towering Inferno, The (1974)",Action|Drama
2330,2525,Alligator (1980),Action|Horror|Sci-Fi
2331,2526,Meteor (1979),Sci-Fi
2332,2527,Westworld (1973),Action|Sci-Fi|Thriller|Western
2333,2528,Logan's Run (1976),Action|Adventure|Sci-Fi
2334,2529,Planet of the Apes (1968),Action|Sci-Fi
2335,2530,Beneath the Planet of the Apes (1970),Action|Sci-Fi
2336,2531,Battle for the Planet of the Apes (1973),Action|Sci-Fi
2337,2532,Conquest of the Planet of the Apes (1972),Action|Sci-Fi
2338,2533,Escape from the Planet of the Apes (1971),Action|Sci-Fi
2339,2534,Avalanche (1978),Action
2340,2535,Earthquake (1974),Action
2341,2536,"Concorde: Airport '79, The (1979)",Drama
2342,2537,Beyond the Poseidon Adventure (1979),Adventure
2343,2538,Dancemaker (1998),Documentary
2344,2539,Analyze This (1999),Comedy
2345,2540,"Corruptor, The (1999)",Action|Crime|Drama|Thriller
2346,2541,Cruel Intentions (1999),Drama
2347,2542,"Lock, Stock & Two Smoking Barrels (1998)",Comedy|Crime|Thriller
2348,2543,Six Ways to Sunday (1997),Comedy
2349,2544,"School of Flesh, The (L' École de la chair) (1998)",Drama
2350,2545,Relax... It's Just Sex (1998),Comedy
2351,2546,"Deep End of the Ocean, The (1999)",Drama
2352,2548,"Rage: Carrie 2, The (1999)",Horror
2353,2549,Wing Commander (1999),Action|Sci-Fi
2354,2550,"Haunting, The (1963)",Horror|Thriller
2355,2551,Dead Ringers (1988),Drama|Thriller
2356,2552,My Boyfriend's Back (1993),Comedy
2357,2553,Village of the Damned (1960),Horror|Sci-Fi|Thriller
2358,2554,Children of the Damned (1963),Horror|Sci-Fi|Thriller
2359,2555,Baby Geniuses (1999),Comedy
2360,2556,Telling You (1998),Comedy|Drama|Romance
2361,2557,I Stand Alone (Seul contre tous) (1998),Drama
2362,2558,Forces of Nature (1999),Comedy|Romance
2363,2559,"King and I, The (1999)",Animation|Children's
2364,2560,Ravenous (1999),Drama|Horror
2365,2561,True Crime (1999),Crime|Thriller
2366,2562,Bandits (1997),Drama
2367,2563,Beauty (1998),Drama
2368,2565,"King and I, The (1956)",Musical
2369,2566,Doug's 1st Movie (1999),Animation|Children's
2370,2567,EDtv (1999),Comedy
2371,2568,"Mod Squad, The (1999)",Action|Crime
2372,2569,Among Giants (1998),Drama|Romance
2373,2570,"Walk on the Moon, A (1999)",Drama|Romance
2374,2571,"Matrix, The (1999)",Action|Sci-Fi|Thriller
2375,2572,10 Things I Hate About You (1999),Comedy|Romance
2376,2573,Tango (1998),Drama
2377,2574,"Out-of-Towners, The (1999)",Comedy
2378,2575,"Dreamlife of Angels, The (La Vie rêvée des anges) (1998)",Drama
2379,2576,"Love, etc. (1996)",Drama
2380,2577,Metroland (1997),Comedy|Drama
2381,2578,"Sticky Fingers of Time, The (1997)",Sci-Fi
2382,2579,Following (1998),Drama
2383,2580,Go (1999),Crime
2384,2581,Never Been Kissed (1999),Comedy|Romance
2385,2582,Twin Dragons (Shuang long hui) (1992),Action|Comedy
2386,2583,Cookie's Fortune (1999),Mystery
2387,2584,Foolish (1999),Comedy
2388,2585,"Lovers of the Arctic Circle, The (Los Amantes del Círculo Polar) (1998)",Drama|Romance
2389,2586,"Goodbye, Lover (1999)",Comedy|Crime|Thriller
2390,2587,Life (1999),Comedy
2391,2589,Friends & Lovers (1999),Comedy|Drama|Romance
2392,2590,Hideous Kinky (1998),Drama
2393,2591,Jeanne and the Perfect Guy (Jeanne et le garçon formidable) (1998),Comedy|Romance
2394,2592,"Joyriders, The (1999)",Drama
2395,2593,"Monster, The (Il Mostro) (1994)",Comedy
2396,2594,Open Your Eyes (Abre los ojos) (1997),Drama|Romance|Sci-Fi
2397,2596,SLC Punk! (1998),Comedy|Drama
2398,2597,Lost & Found (1999),Comedy|Romance
2399,2598,Pushing Tin (1999),Comedy
2400,2599,Election (1999),Comedy
2401,2600,eXistenZ (1999),Action|Sci-Fi|Thriller
2402,2602,Mighty Peking Man (Hsing hsing wang) (1977),Adventure|Sci-Fi
2403,2605,Entrapment (1999),Crime|Thriller
2404,2606,Idle Hands (1999),Comedy|Horror
2405,2607,Get Real (1998),Drama
2406,2608,Heaven (1998),Thriller
2407,2609,"King of Masks, The (Bian Lian) (1996)",Drama
2408,2610,Three Seasons (1999),Drama
2409,2611,"Winslow Boy, The (1998)",Drama
2410,2612,Mildred Pierce (1945),Drama
2411,2613,Night of the Comet (1984),Action|Horror|Sci-Fi
2412,2614,Chopping Mall (a.k.a. Killbots) (1986),Action|Horror|Sci-Fi
2413,2615,My Science Project (1985),Adventure|Sci-Fi
2414,2616,Dick Tracy (1990),Action|Crime
2415,2617,"Mummy, The (1999)",Action|Adventure|Horror|Thriller
2416,2618,"Castle, The (1997)",Comedy
2417,2619,Mascara (1999),Drama
2418,2620,This Is My Father (1998),Drama|Romance
2419,2621,Xiu Xiu: The Sent-Down Girl (Tian yu) (1998),Drama|Romance
2420,2622,"Midsummer Night's Dream, A (1999)",Comedy|Fantasy
2421,2623,Trippin' (1999),Comedy
2422,2624,After Life (1998),Drama
2423,2625,Black Mask (Hak hap) (1996),Action
2424,2626,Edge of Seventeen (1998),Comedy|Drama|Romance
2425,2627,Endurance (1998),Documentary|Drama
2426,2628,Star Wars: Episode I - The Phantom Menace (1999),Action|Adventure|Fantasy|Sci-Fi
2427,2629,"Love Letter, The (1999)",Comedy|Romance
2428,2630,Besieged (L' Assedio) (1998),Drama
2429,2631,Frogs for Snakes (1998),Comedy|Film-Noir|Thriller
2430,2632,"Saragossa Manuscript, The (Rekopis znaleziony w Saragossie) (1965)",Drama
2431,2633,"Mummy, The (1932)",Horror|Romance
2432,2634,"Mummy, The (1959)",Horror
2433,2635,"Mummy's Curse, The (1944)",Horror
2434,2636,"Mummy's Ghost, The (1944)",Horror
2435,2637,"Mummy's Hand, The (1940)",Horror
2436,2638,"Mummy's Tomb, The (1942)",Horror
2437,2639,Mommie Dearest (1981),Drama
2438,2640,Superman (1978),Action|Adventure|Sci-Fi
2439,2641,Superman II (1980),Action|Adventure|Sci-Fi
2440,2642,Superman III (1983),Action|Adventure|Sci-Fi
2441,2643,Superman IV: The Quest for Peace (1987),Action|Adventure|Sci-Fi
2442,2644,Dracula (1931),Horror
2443,2645,Dracula (1958),Horror
2444,2646,House of Dracula (1945),Horror
2445,2647,House of Frankenstein (1944),Horror
2446,2648,Frankenstein (1931),Horror
2447,2649,Son of Frankenstein (1939),Horror
2448,2650,"Ghost of Frankenstein, The (1942)",Horror
2449,2651,Frankenstein Meets the Wolf Man (1943),Horror
2450,2652,"Curse of Frankenstein, The (1957)",Horror
2451,2653,Son of Dracula (1943),Horror
2452,2654,"Wolf Man, The (1941)",Horror
2453,2655,Howling II: Your Sister Is a Werewolf (1985),Horror
2454,2656,Tarantula (1955),Horror|Sci-Fi
2455,2657,"Rocky Horror Picture Show, The (1975)",Comedy|Horror|Musical|Sci-Fi
2456,2658,"Flying Saucer, The (1950)",Sci-Fi
2457,2659,It Came from Hollywood (1982),Comedy|Documentary
2458,2660,"Thing From Another World, The (1951)",Sci-Fi
2459,2661,It Came from Outer Space (1953),Sci-Fi
2460,2662,"War of the Worlds, The (1953)",Action|Sci-Fi|War
2461,2663,It Came from Beneath the Sea (1955),Sci-Fi
2462,2664,Invasion of the Body Snatchers (1956),Horror|Sci-Fi
2463,2665,Earth Vs. the Flying Saucers (1956),Sci-Fi
2464,2666,It Conquered the World (1956),Sci-Fi
2465,2667,"Mole People, The (1956)",Sci-Fi
2466,2668,Swamp Thing (1982),Horror|Sci-Fi
2467,2669,Pork Chop Hill (1959),War
2468,2670,"Run Silent, Run Deep (1958)",War
2469,2671,Notting Hill (1999),Comedy|Romance
2470,2672,"Thirteenth Floor, The (1999)",Drama|Sci-Fi|Thriller
2471,2673,Eternity and a Day (Mia eoniotita ke mia mera ) (1998),Drama
2472,2674,"Loss of Sexual Innocence, The (1999)",Drama
2473,2675,Twice Upon a Yesterday (1998),Comedy|Drama|Romance
2474,2676,Instinct (1999),Drama|Thriller
2475,2677,Buena Vista Social Club (1999),Documentary
2476,2678,Desert Blue (1999),Drama
2477,2679,Finding North (1999),Drama|Romance
2478,2681,Free Enterprise (1998),Comedy|Romance|Sci-Fi
2479,2682,Limbo (1999),Drama
2480,2683,Austin Powers: The Spy Who Shagged Me (1999),Comedy
2481,2685,"Red Dwarf, The (Le Nain rouge) (1998)",Comedy|Drama
2482,2686,"Red Violin, The (Le Violon rouge) (1998)",Drama|Mystery
2483,2687,Tarzan (1999),Animation|Children's
2484,2688,"General's Daughter, The (1999)",Drama|Thriller
2485,2689,Get Bruce (1999),Documentary
2486,2690,"Ideal Husband, An (1999)",Comedy
2487,2691,"Legend of 1900, The (Leggenda del pianista sull'oceano) (1998)",Drama
2488,2692,Run Lola Run (Lola rennt) (1998),Action|Crime|Romance
2489,2693,Trekkies (1997),Documentary
2490,2694,Big Daddy (1999),Comedy
2491,2695,"Boys, The (1997)",Drama
2492,2696,"Dinner Game, The (Le Dîner de cons) (1998)",Comedy
2493,2697,My Son the Fanatic (1998),Comedy|Drama|Romance
2494,2699,Arachnophobia (1990),Action|Comedy|Sci-Fi|Thriller
2495,2700,"South Park: Bigger, Longer and Uncut (1999)",Animation|Comedy
2496,2701,Wild Wild West (1999),Action|Sci-Fi|Western
2497,2702,Summer of Sam (1999),Drama
2498,2703,Broken Vessels (1998),Drama
2499,2704,"Lovers on the Bridge, The (Les Amants du Pont-Neuf) (1991)",Drama|Romance
2500,2705,"Late August, Early September (Fin août, début septembre) (1998)",Drama
2501,2706,American Pie (1999),Comedy
2502,2707,Arlington Road (1999),Thriller
2503,2708,"Autumn Tale, An (Conte d'automne) (1998)",Romance
2504,2709,Muppets From Space (1999),Children's|Comedy
2505,2710,"Blair Witch Project, The (1999)",Horror
2506,2711,My Life So Far (1999),Drama
2507,2712,Eyes Wide Shut (1999),Drama
2508,2713,Lake Placid (1999),Horror|Thriller
2509,2714,"Wood, The (1999)",Drama
2510,2715,"Velocity of Gary, The (1998)",Comedy|Romance
2511,2716,Ghostbusters (1984),Comedy|Horror
2512,2717,Ghostbusters II (1989),Comedy|Horror
2513,2718,Drop Dead Gorgeous (1999),Comedy
2514,2719,"Haunting, The (1999)",Horror|Thriller
2515,2720,Inspector Gadget (1999),Action|Adventure|Children's|Comedy
2516,2721,Trick (1999),Romance
2517,2722,Deep Blue Sea (1999),Action|Sci-Fi|Thriller
2518,2723,Mystery Men (1999),Action|Adventure|Comedy
2519,2724,Runaway Bride (1999),Comedy|Romance
2520,2725,Twin Falls Idaho (1999),Drama
2521,2726,"Killing, The (1956)",Crime|Film-Noir
2522,2727,Killer's Kiss (1955),Film-Noir
2523,2728,Spartacus (1960),Drama
2524,2729,Lolita (1962),Drama
2525,2730,Barry Lyndon (1975),Drama
2526,2731,"400 Blows, The (Les Quatre cents coups) (1959)",Drama
2527,2732,Jules and Jim (Jules et Jim) (1961),Drama
2528,2733,Vibes (1988),Adventure|Comedy
2529,2734,"Mosquito Coast, The (1986)",Drama
2530,2735,"Golden Child, The (1986)",Action|Adventure|Comedy
2531,2736,Brighton Beach Memoirs (1986),Comedy
2532,2737,Assassination (1987),Action
2533,2738,Crimes of the Heart (1986),Comedy|Drama
2534,2739,"Color Purple, The (1985)",Drama
2535,2740,"Kindred, The (1986)",Horror
2536,2741,No Mercy (1986),Action|Thriller
2537,2742,Ménage (Tenue de soirée) (1986),Comedy|Drama
2538,2743,Native Son (1986),Drama
2539,2744,Otello (1986),Drama
2540,2745,"Mission, The (1986)",Drama
2541,2746,Little Shop of Horrors (1986),Comedy|Horror|Musical
2542,2747,"Little Shop of Horrors, The (1960)",Comedy|Horror
2543,2748,Allan Quartermain and the Lost City of Gold (1987),Action|Adventure
2544,2749,"Morning After, The (1986)",Drama|Mystery
2545,2750,Radio Days (1987),Comedy|Drama
2546,2751,From the Hip (1987),Comedy
2547,2752,Outrageous Fortune (1987),Comedy|Mystery
2548,2753,"Bedroom Window, The (1987)",Thriller
2549,2754,Deadtime Stories (1987),Horror
2550,2755,Light of Day (1987),Drama
2551,2756,Wanted: Dead or Alive (1987),Action
2552,2757,Frances (1982),Drama
2553,2758,Plenty (1985),Drama
2554,2759,Dick (1999),Comedy
2555,2760,"Gambler, The (A Játékos) (1997)",Drama
2556,2761,"Iron Giant, The (1999)",Animation|Children's
2557,2762,"Sixth Sense, The (1999)",Thriller
2558,2763,"Thomas Crown Affair, The (1999)",Action|Thriller
2559,2764,"Thomas Crown Affair, The (1968)",Crime|Drama|Thriller
2560,2765,"Acid House, The (1998)",Comedy|Drama
2561,2766,"Adventures of Sebastian Cole, The (1998)",Comedy|Drama
2562,2767,Illuminata (1998),Comedy
2563,2768,Stiff Upper Lips (1998),Comedy
2564,2769,"Yards, The (1999)",Crime|Mystery
2565,2770,Bowfinger (1999),Comedy
2566,2771,Brokedown Palace (1999),Drama
2567,2772,Detroit Rock City (1999),Comedy
2568,2773,Alice and Martin (Alice et Martin) (1998),Drama
2569,2774,Better Than Chocolate (1999),Comedy|Romance
2570,2775,Head On (1998),Drama
2571,2776,"Marcello Mastroianni: I Remember Yes, I Remember (1997)",Documentary
2572,2777,Cobra (1925),Drama
2573,2778,Never Talk to Strangers (1995),Thriller
2574,2779,Heaven Can Wait (1978),Comedy
2575,2780,"Raven, The (1963)",Comedy|Horror
2576,2781,"Tingler, The (1959)",Horror
2577,2782,Pit and the Pendulum (1961),Horror
2578,2783,"Tomb of Ligeia, The (1965)",Horror
2579,2784,"Masque of the Red Death, The (1964)",Horror
2580,2785,Tales of Terror (1962),Horror
2581,2786,Haunted Honeymoon (1986),Comedy
2582,2787,Cat's Eye (1985),Horror
2583,2788,And Now for Something Completely Different (1971),Comedy
2584,2789,Damien: Omen II (1978),Horror
2585,2790,"Final Conflict, The (a.k.a. Omen III: The Final Conflict) (1981)",Horror
2586,2791,Airplane! (1980),Comedy
2587,2792,Airplane II: The Sequel (1982),Comedy
2588,2793,"American Werewolf in Paris, An (1997)",Comedy|Horror
2589,2794,European Vacation (1985),Comedy
2590,2795,Vacation (1983),Comedy
2591,2796,Funny Farm (1988),Comedy
2592,2797,Big (1988),Comedy|Fantasy
2593,2798,Problem Child (1990),Comedy
2594,2799,Problem Child 2 (1991),Comedy
2595,2800,Little Nemo: Adventures in Slumberland (1992),Animation|Children's
2596,2801,Oscar and Lucinda (a.k.a. Oscar & Lucinda) (1997),Drama|Romance
2597,2802,Tequila Sunrise (1988),Action|Romance|Thriller
2598,2803,"Pelican Brief, The (1993)",Thriller
2599,2804,"Christmas Story, A (1983)",Comedy|Drama
2600,2805,Mickey Blue Eyes (1999),Comedy|Romance
2601,2806,Teaching Mrs. Tingle (1999),Comedy|Thriller
2602,2807,Universal Soldier: The Return (1999),Action|Sci-Fi
2603,2808,Universal Soldier (1992),Action|Sci-Fi
2604,2809,Love Stinks (1999),Comedy
2605,2810,Perfect Blue (1997),Animation|Mystery
2606,2811,With Friends Like These... (1998),Comedy
2607,2812,In Too Deep (1999),Action|Thriller
2608,2813,"Source, The (1999)",Documentary
2609,2814,"Bat, The (1959)",Horror
2610,2815,Iron Eagle (1986),Action|War
2611,2816,Iron Eagle II (1988),Action|War
2612,2817,Aces: Iron Eagle III (1992),Action|War
2613,2818,Iron Eagle IV (1995),Action|War
2614,2819,Three Days of the Condor (1975),Thriller
2615,2820,Hamlet (1964),Drama
2616,2821,Male and Female (1919),Adventure|Drama
2617,2822,Medicine Man (1992),Adventure|Romance
2618,2823,"Spiders, The (Die Spinnen, 1. Teil: Der Goldene See) (1919)",Action|Drama
2619,2824,On the Ropes (1999),Documentary
2620,2825,Rosie (1998),Drama
2621,2826,"13th Warrior, The (1999)",Action|Horror|Thriller
2622,2827,"Astronaut's Wife, The (1999)",Sci-Fi|Thriller
2623,2828,Dudley Do-Right (1999),Children's|Comedy
2624,2829,"Muse, The (1999)",Comedy|Drama
2625,2830,Cabaret Balkan (Bure Baruta) (1998),Drama
2626,2831,"Dog of Flanders, A (1999)",Drama
2627,2833,Lucie Aubrac (1997),Romance|War
2628,2834,"Very Thought of You, The (1998)",Comedy|Romance
2629,2835,Chill Factor (1999),Action|Thriller
2630,2836,Outside Providence (1999),Comedy
2631,2837,Bedrooms & Hallways (1998),Comedy|Romance
2632,2839,West Beirut (West Beyrouth) (1998),Drama
2633,2840,Stigmata (1999),Thriller
2634,2841,Stir of Echoes (1999),Thriller
2635,2842,Best Laid Plans (1999),Crime|Drama
2636,2843,"Black Cat, White Cat (Crna macka, beli macor) (1998)",Comedy|Romance
2637,2844,"Minus Man, The (1999)",Drama|Mystery
2638,2845,White Boys (1999),Drama
2639,2846,"Adventures of Milo and Otis, The (1986)",Children's
2640,2847,Only Angels Have Wings (1939),Drama
2641,2848,Othello (1952),Drama
2642,2849,Queens Logic (1991),Comedy|Drama
2643,2850,Public Access (1993),Drama|Thriller
2644,2851,Saturn 3 (1979),Adventure|Sci-Fi|Thriller
2645,2852,"Soldier's Story, A (1984)",Drama
2646,2853,"Communion (a.k.a. Alice, Sweet Alice/Holy Terror) (1977)",Horror
2647,2854,Don't Look in the Basement! (1973),Horror
2648,2855,Nightmares (1983),Horror
2649,2856,I Saw What You Did (1965),Thriller
2650,2857,Yellow Submarine (1968),Animation|Musical
2651,2858,American Beauty (1999),Comedy|Drama
2652,2859,Stop Making Sense (1984),Documentary
2653,2860,Blue Streak (1999),Comedy
2654,2861,For Love of the Game (1999),Comedy|Drama
2655,2862,Caligula (1980),Drama
2656,2863,"Hard Day's Night, A (1964)",Comedy|Musical
2657,2864,Splendor (1999),Comedy
2658,2865,Sugar Town (1999),Comedy
2659,2866,"Buddy Holly Story, The (1978)",Drama
2660,2867,Fright Night (1985),Comedy|Horror
2661,2868,Fright Night Part II (1989),Horror
2662,2869,"Separation, The (La Séparation) (1994)",Drama
2663,2870,Barefoot in the Park (1967),Comedy
2664,2871,Deliverance (1972),Adventure|Thriller
2665,2872,Excalibur (1981),Action|Drama|Fantasy|Romance
2666,2873,Lulu on the Bridge (1998),Drama|Mystery|Romance
2667,2874,"Pajama Game, The (1957)",Comedy
2668,2875,Sommersby (1993),Drama|Mystery|Romance
2669,2876,Thumbelina (1994),Animation|Children's
2670,2877,Tommy (1975),Drama|Musical
2671,2878,Hell Night (1981),Horror
2672,2879,Operation Condor (Feiying gaiwak) (1990),Action|Adventure|Comedy
2673,2880,Operation Condor 2 (Longxiong hudi) (1990),Action|Adventure|Comedy
2674,2881,Double Jeopardy (1999),Action|Thriller
2675,2882,Jakob the Liar (1999),Drama
2676,2883,Mumford (1999),Comedy
2677,2884,Dog Park (1998),Comedy|Romance
2678,2885,Guinevere (1999),Drama|Romance
2679,2886,"Adventures of Elmo in Grouchland, The (1999)",Children's|Comedy
2680,2887,Simon Sez (1999),Drama
2681,2888,Drive Me Crazy (1999),Comedy|Romance
2682,2889,"Mystery, Alaska (1999)",Comedy
2683,2890,Three Kings (1999),Drama|War
2684,2891,"Happy, Texas (1999)",Comedy
2685,2892,New Rose Hotel (1998),Action|Drama
2686,2893,Plunkett & MaCleane (1999),Action|Drama
2687,2894,Romance (1999),Drama|Romance
2688,2895,Napoleon and Samantha (1972),Adventure
2689,2896,Alvarez Kelly (1966),Western
2690,2897,And the Ship Sails On (E la nave va) (1984),Comedy|War
2691,2898,"Dark Half, The (1993)",Horror|Mystery
2692,2899,Gulliver's Travels (1939),Adventure|Animation|Children's
2693,2900,Monkey Shines (1988),Horror|Sci-Fi
2694,2901,Phantasm (1979),Horror|Sci-Fi
2695,2902,Psycho II (1983),Horror|Thriller
2696,2903,Psycho III (1986),Horror|Thriller
2697,2904,Rain (1932),Drama
2698,2905,Sanjuro (1962),Action|Adventure
2699,2906,Random Hearts (1999),Drama|Romance
2700,2907,Superstar (1999),Comedy
2701,2908,Boys Don't Cry (1999),Drama
2702,2909,"Five Wives, Three Secretaries and Me (1998)",Documentary
2703,2911,"Grandfather, The (El Abuelo) (1998)",Drama
2704,2912,"Limey, The (1999)",Action|Crime|Drama
2705,2913,"Mating Habits of the Earthbound Human, The (1998)",Comedy
2706,2914,Molly (1999),Comedy|Drama
2707,2915,Risky Business (1983),Comedy
2708,2916,Total Recall (1990),Action|Adventure|Sci-Fi|Thriller
2709,2917,Body Heat (1981),Crime|Thriller
2710,2918,Ferris Bueller's Day Off (1986),Comedy
2711,2919,Year of Living Dangerously (1982),Drama|Romance
2712,2920,Children of Paradise (Les enfants du paradis) (1945),Drama|Romance
2713,2921,High Plains Drifter (1972),Western
2714,2922,Hang 'em High (1967),Western
2715,2923,Citizen's Band (a.k.a. Handle with Care) (1977),Comedy
2716,2924,Drunken Master (Zui quan) (1979),Action|Comedy
2717,2925,"Conformist, The (Il Conformista) (1970)",Drama
2718,2926,Hairspray (1988),Comedy|Drama
2719,2927,Brief Encounter (1946),Drama|Romance
2720,2928,"Razor's Edge, The (1984)",Drama
2721,2929,Reds (1981),Drama
2722,2930,Return with Honor (1998),Documentary
2723,2931,Time of the Gypsies (Dom za vesanje) (1989),Drama
2724,2932,Days of Heaven (1978),Drama
2725,2933,"Fire Within, The (Le Feu Follet) (1963)",Drama
2726,2934,"Love Bewitched, A (El Amor Brujo) (1986)",Musical
2727,2935,"Lady Eve, The (1941)",Comedy|Romance
2728,2936,Sullivan's Travels (1942),Comedy
2729,2937,"Palm Beach Story, The (1942)",Comedy
2730,2938,Man Facing Southeast (Hombre Mirando al Sudeste) (1986),Drama
2731,2939,Niagara (1953),Drama|Thriller
2732,2940,Gilda (1946),Film-Noir
2733,2941,South Pacific (1958),Musical|Romance|War
2734,2942,Flashdance (1983),Drama|Romance
2735,2943,Indochine (1992),Drama|Romance
2736,2944,"Dirty Dozen, The (1967)",Action|War
2737,2945,Mike's Murder (1984),Mystery
2738,2946,Help! (1965),Comedy|Musical
2739,2947,Goldfinger (1964),Action
2740,2948,From Russia with Love (1963),Action
2741,2949,Dr. No (1962),Action
2742,2950,"Blue Lagoon, The (1980)",Adventure|Drama|Romance
2743,2951,"Fistful of Dollars, A (1964)",Action|Western
2744,2952,"Hard 8 (a.k.a. Sydney, a.k.a. Hard Eight) (1996)",Crime|Thriller
2745,2953,Home Alone 2: Lost in New York (1992),Children's|Comedy
2746,2955,Penitentiary II (1982),Drama
2747,2956,Someone to Watch Over Me (1987),Action|Crime|Thriller
2748,2959,Fight Club (1999),Drama
2749,2960,Beefcake (1999),Drama
2750,2961,"Story of Us, The (1999)",Comedy|Drama
2751,2962,Fever Pitch (1997),Comedy|Romance
2752,2963,Joe the King (1999),Crime|Drama
2753,2964,Julien Donkey-Boy (1999),Drama
2754,2965,"Omega Code, The (1999)",Action
2755,2966,"Straight Story, The (1999)",Drama
2756,2967,"Bad Seed, The (1956)",Drama|Thriller
2757,2968,Time Bandits (1981),Adventure|Fantasy|Sci-Fi
2758,2969,"Man and a Woman, A (Un Homme et une Femme) (1966)",Drama|Romance
2759,2970,Fitzcarraldo (1982),Adventure|Drama
2760,2971,All That Jazz (1979),Musical
2761,2972,Red Sorghum (Hong Gao Liang) (1987),Drama|War
2762,2973,Crimes and Misdemeanors (1989),Comedy
2763,2974,Bats (1999),Horror|Thriller
2764,2975,"Best Man, The (1999)",Drama
2765,2976,Bringing Out the Dead (1999),Drama|Horror
2766,2977,Crazy in Alabama (1999),Comedy|Drama
2767,2978,Three to Tango (1999),Comedy|Romance
2768,2979,Body Shots (1999),Drama
2769,2981,"Brother, Can You Spare a Dime? (1975)",Documentary
2770,2982,"Guardian, The (1990)",Horror|Thriller
2771,2983,"Ipcress File, The (1965)",Thriller
2772,2984,On Any Sunday (1971),Documentary
2773,2985,Robocop (1987),Action|Crime|Sci-Fi
2774,2986,Robocop 2 (1990),Action|Crime|Sci-Fi
2775,2987,Who Framed Roger Rabbit? (1988),Adventure|Animation|Film-Noir
2776,2988,Melvin and Howard (1980),Drama
2777,2989,For Your Eyes Only (1981),Action
2778,2990,Licence to Kill (1989),Action
2779,2991,Live and Let Die (1973),Action
2780,2992,Rawhead Rex (1986),Horror|Thriller
2781,2993,Thunderball (1965),Action
2782,2994,"City, The (1998)",Drama
2783,2995,"House on Haunted Hill, The (1999)",Horror
2784,2996,Music of the Heart (1999),Drama
2785,2997,Being John Malkovich (1999),Comedy
2786,2998,Dreaming of Joseph Lees (1998),Romance
2787,2999,Man of the Century (1999),Comedy
2788,3000,"Princess Mononoke, The (Mononoke Hime) (1997)",Action|Adventure|Animation
2789,3001,"Suburbans, The (1999)",Drama
2790,3002,My Best Fiend (Mein liebster Feind) (1999),Documentary
2791,3003,Train of Life (Train De Vie) (1998),Comedy|Drama
2792,3004,"Bachelor, The (1999)",Comedy|Romance
2793,3005,"Bone Collector, The (1999)",Thriller
2794,3006,"Insider, The (1999)",Drama
2795,3007,American Movie (1999),Documentary
2796,3008,Last Night (1998),Thriller
2797,3010,Rosetta (1999),Drama
2798,3011,"They Shoot Horses, Don't They? (1969)",Drama
2799,3012,Battling Butler (1926),Comedy
2800,3013,Bride of Re-Animator (1990),Comedy|Horror
2801,3014,Bustin' Loose (1981),Comedy
2802,3015,Coma (1978),Thriller
2803,3016,Creepshow (1982),Horror
2804,3017,Creepshow 2 (1987),Horror
2805,3018,Re-Animator (1985),Horror
2806,3019,Drugstore Cowboy (1989),Crime|Drama
2807,3020,Falling Down (1993),Action|Drama
2808,3021,"Funhouse, The (1981)",Horror
2809,3022,"General, The (1927)",Comedy
2810,3024,Piranha (1978),Horror|Sci-Fi
2811,3025,Rough Night in Jericho (1967),Western
2812,3026,Slaughterhouse (1987),Horror
2813,3027,Slaughterhouse 2 (1988),Horror
2814,3028,"Taming of the Shrew, The (1967)",Comedy
2815,3029,Nighthawks (1981),Action|Drama
2816,3030,Yojimbo (1961),Comedy|Drama|Western
2817,3031,Repossessed (1990),Comedy
2818,3032,"Omega Man, The (1971)",Sci-Fi
2819,3033,Spaceballs (1987),Comedy|Sci-Fi
2820,3034,Robin Hood (1973),Animation|Children's
2821,3035,Mister Roberts (1955),Comedy|Drama|War
2822,3036,Quest for Fire (1981),Adventure
2823,3037,Little Big Man (1970),Comedy|Drama|Western
2824,3038,"Face in the Crowd, A (1957)",Drama
2825,3039,Trading Places (1983),Comedy
2826,3040,Meatballs (1979),Comedy
2827,3041,Meatballs Part II (1984),Comedy
2828,3042,Meatballs III (1987),Comedy
2829,3043,Meatballs 4 (1992),Comedy
2830,3044,Dead Again (1991),Mystery|Romance|Thriller
2831,3045,Peter's Friends (1992),Comedy|Drama
2832,3046,"Incredibly True Adventure of Two Girls in Love, The (1995)",Comedy|Romance
2833,3047,Experience Preferred... But Not Essential (1982),Drama
2834,3048,Under the Rainbow (1981),Comedy
2835,3049,How I Won the War (1967),Comedy|War
2836,3050,Light It Up (1999),Drama
2837,3051,Anywhere But Here (1999),Drama
2838,3052,Dogma (1999),Comedy
2839,3053,"Messenger: The Story of Joan of Arc, The (1999)",Drama|War
2840,3054,Pokémon: The First Movie (1998),Animation|Children's
2841,3055,Felicia's Journey (1999),Thriller
2842,3056,Oxygen (1999),Thriller
2843,3057,Where's Marlowe? (1999),Comedy
2844,3058,"Ape, The (1940)",Horror|Sci-Fi
2845,3060,"Commitments, The (1991)",Comedy|Drama
2846,3061,Holiday Inn (1942),Comedy|Musical
2847,3062,"Longest Day, The (1962)",Action|Drama|War
2848,3063,Poison Ivy (1992),Thriller
2849,3064,Poison Ivy: New Seduction (1997),Thriller
2850,3065,Ten Benny (1997),Drama
2851,3066,Tora! Tora! Tora! (1970),War
2852,3067,Women on the Verge of a Nervous Breakdown (1988),Comedy|Drama
2853,3068,"Verdict, The (1982)",Drama
2854,3069,"Effect of Gamma Rays on Man-in-the-Moon Marigolds, The (1972)",Drama
2855,3070,"Adventures of Buckaroo Bonzai Across the 8th Dimension, The (1984)",Adventure|Comedy|Sci-Fi
2856,3071,Stand and Deliver (1987),Drama
2857,3072,Moonstruck (1987),Comedy
2858,3073,"Sandpiper, The (1965)",Drama|Romance
2859,3074,Jeremiah Johnson (1972),Western
2860,3075,Repulsion (1965),Thriller
2861,3076,Irma la Douce (1963),Comedy
2862,3077,42 Up (1998),Documentary
2863,3078,Liberty Heights (1999),Drama
2864,3079,Mansfield Park (1999),Drama
2865,3081,Sleepy Hollow (1999),Horror|Romance
2866,3082,"World Is Not Enough, The (1999)",Action|Thriller
2867,3083,All About My Mother (Todo Sobre Mi Madre) (1999),Comedy|Drama
2868,3084,Home Page (1999),Documentary
2869,3085,"Living Dead Girl, The (La Morte Vivante) (1982)",Horror
2870,3086,March of the Wooden Soldiers (a.k.a. Laurel & Hardy in Toyland) (1934),Comedy
2871,3087,Scrooged (1988),Comedy
2872,3088,Harvey (1950),Comedy
2873,3089,"Bicycle Thief, The (Ladri di biciclette) (1948)",Drama
2874,3090,Matewan (1987),Drama
2875,3091,Kagemusha (1980),Drama|War
2876,3092,Chushingura (1962),Drama
2877,3093,McCabe & Mrs. Miller (1971),Drama|Western
2878,3094,Maurice (1987),Drama|Romance
2879,3095,"Grapes of Wrath, The (1940)",Drama
2880,3096,My Man Godfrey (1957),Comedy
2881,3097,"Shop Around the Corner, The (1940)",Comedy|Romance
2882,3098,"Natural, The (1984)",Drama
2883,3099,Shampoo (1975),Comedy|Romance
2884,3100,"River Runs Through It, A (1992)",Drama
2885,3101,Fatal Attraction (1987),Thriller
2886,3102,Jagged Edge (1985),Thriller
2887,3103,Stanley & Iris (1990),Drama|Romance
2888,3104,Midnight Run (1988),Action|Adventure|Comedy|Crime
2889,3105,Awakenings (1990),Drama
2890,3106,Come See the Paradise (1990),Drama|Romance
2891,3107,Backdraft (1991),Action|Drama
2892,3108,"Fisher King, The (1991)",Comedy|Drama|Romance
2893,3109,"River, The (1984)",Drama
2894,3110,Country (1984),Drama
2895,3111,Places in the Heart (1984),Drama
2896,3112,'Night Mother (1986),Drama
2897,3113,End of Days (1999),Action|Thriller
2898,3114,Toy Story 2 (1999),Animation|Children's|Comedy
2899,3115,Flawless (1999),Drama
2900,3116,Miss Julie (1999),Drama
2901,3117,Ride with the Devil (1999),Drama|Romance|War
2902,3118,Tumbleweeds (1999),Drama
2903,3119,Bay of Blood (Reazione a catena) (1971),Horror
2904,3120,"Distinguished Gentleman, The (1992)",Comedy
2905,3121,"Hitch-Hiker, The (1953)",Film-Noir
2906,3122,Santa Fe Trail (1940),Drama|Romance|Western
2907,3123,Spring Fever USA (a.k.a. Lauderdale) (1989),Comedy
2908,3124,Agnes Browne (1999),Comedy|Drama
2909,3125,"End of the Affair, The (1999)",Drama
2910,3126,"End of the Affair, The (1955)",Drama
2911,3127,Holy Smoke (1999),Drama
2912,3128,"Map of the World, A (1999)",Drama
2913,3129,Sweet and Lowdown (1999),Comedy|Drama
2914,3130,Bonfire of the Vanities (1990),Comedy
2915,3131,Broadway Damage (1997),Comedy
2916,3132,Daddy Long Legs (1919),Comedy
2917,3133,Go West (1925),Comedy
2918,3134,"Grand Illusion (Grande illusion, La) (1937)",Drama|War
2919,3135,"Great Santini, The (1979)",Drama
2920,3136,"James Dean Story, The (1957)",Documentary
2921,3137,"Sea Wolves, The (1980)",Action|War
2922,3138,Stealing Home (1988),Drama
2923,3139,Tarzan the Fearless (1933),Action|Adventure
2924,3140,"Three Ages, The (1923)",Comedy
2925,3141,"Two Jakes, The (1990)",Drama
2926,3142,U2: Rattle and Hum (1988),Documentary|Musical
2927,3143,Hell in the Pacific (1968),Drama|War
2928,3144,"Glass Bottom Boat, The (1966)",Comedy|Romance
2929,3145,"Cradle Will Rock, The (1999)",Drama
2930,3146,Deuce Bigalow: Male Gigolo (1999),Comedy
2931,3147,"Green Mile, The (1999)",Drama|Thriller
2932,3148,"Cider House Rules, The (1999)",Drama
2933,3149,Diamonds (1999),Mystery
2934,3150,"War Zone, The (1999)",Drama
2935,3151,"Bat Whispers, The (1930)",Crime|Drama|Mystery
2936,3152,"Last Picture Show, The (1971)",Drama
2937,3153,"7th Voyage of Sinbad, The (1958)",Action|Adventure|Fantasy
2938,3154,Blood on the Sun (1945),Drama|War
2939,3155,Anna and the King (1999),Drama|Romance
2940,3156,Bicentennial Man (1999),Comedy|Drama|Sci-Fi
2941,3157,Stuart Little (1999),Children's|Comedy
2942,3158,"Emperor and the Assassin, The (Jing ke ci qin wang) (1999)",Drama
2943,3159,Fantasia 2000 (1999),Animation|Children's|Musical
2944,3160,Magnolia (1999),Drama
2945,3161,Onegin (1999),Drama
2946,3162,Simpatico (1999),Comedy|Drama
2947,3163,Topsy-Turvy (1999),Drama
2948,3164,"Alley Cats, The (1968)",Drama
2949,3165,Boiling Point (1993),Action|Drama
2950,3166,Brenda Starr (1989),Adventure
2951,3167,Carnal Knowledge (1971),Drama
2952,3168,Easy Rider (1969),Adventure|Drama
2953,3169,"Falcon and the Snowman, The (1984)",Drama
2954,3171,Room at the Top (1959),Drama
2955,3172,Ulysses (Ulisse) (1954),Adventure
2956,3173,Any Given Sunday (1999),Drama
2957,3174,Man on the Moon (1999),Comedy|Drama
2958,3175,Galaxy Quest (1999),Adventure|Comedy|Sci-Fi
2959,3176,"Talented Mr. Ripley, The (1999)",Drama|Mystery|Thriller
2960,3177,Next Friday (1999),Comedy
2961,3178,"Hurricane, The (1999)",Drama
2962,3179,Angela's Ashes (1999),Drama
2963,3180,Play it to the Bone (1999),Comedy|Drama
2964,3181,Titus (1999),Drama
2965,3182,Mr. Death: The Rise and Fall of Fred A. Leuchter Jr. (1999),Documentary
2966,3183,"Third Miracle, The (1999)",Drama
2967,3184,Montana (1998),Action|Comedy|Crime|Drama
2968,3185,Snow Falling on Cedars (1999),Drama
2969,3186,"Girl, Interrupted (1999)",Drama
2970,3187,Trans (1998),Drama
2971,3188,"Life and Times of Hank Greenberg, The (1998)",Documentary
2972,3189,My Dog Skip (1999),Comedy
2973,3190,Supernova (2000),Adventure|Sci-Fi
2974,3192,"Terrorist, The (Malli) (1998)",Drama
2975,3194,"Way We Were, The (1973)",Drama
2976,3196,Stalag 17 (1953),Drama|War
2977,3197,"Presidio, The (1988)",Action
2978,3198,Papillon (1973),Drama
2979,3199,Pal Joey (1957),Comedy|Musical|Romance
2980,3200,"Last Detail, The (1973)",Comedy|Drama
2981,3201,Five Easy Pieces (1970),Drama
2982,3202,Even Dwarfs Started Small (Auch Zwerge haben klein angefangen) (1971),Drama
2983,3203,Dead Calm (1989),Thriller
2984,3204,"Boys from Brazil, The (1978)",Thriller
2985,3205,Black Sunday (La Maschera Del Demonio) (1960),Horror
2986,3206,Against All Odds (1984),Romance
2987,3207,"Snows of Kilimanjaro, The (1952)",Adventure
2988,3208,Loaded Weapon 1 (1993),Action|Comedy
2989,3209,"Loves of Carmen, The (1948)",Drama
2990,3210,Fast Times at Ridgemont High (1982),Comedy
2991,3211,"Cry in the Dark, A (1988)",Drama
2992,3212,Born to Win (1971),Drama
2993,3213,Batman: Mask of the Phantasm (1993),Animation|Children's
2994,3214,American Flyers (1985),Drama
2995,3215,Voyage of the Damned (1976),Drama
2996,3216,Vampyros Lesbos (Las Vampiras) (1970),Horror
2997,3217,"Star Is Born, A (1937)",Drama
2998,3218,Poison (1991),Drama
2999,3219,Pacific Heights (1990),Thriller
3000,3220,Night Tide (1961),Drama
3001,3221,"Draughtsman's Contract, The (1982)",Drama
3002,3222,Carmen (1984),Drama
3003,3223,"Zed & Two Noughts, A (1985)",Drama
3004,3224,Woman in the Dunes (Suna no onna) (1964),Drama
3005,3225,Down to You (2000),Comedy|Romance
3006,3228,Wirey Spindell (1999),Comedy
3007,3229,Another Man's Poison (1952),Crime|Drama
3008,3230,"Odessa File, The (1974)",Thriller
3009,3232,Seven Chances (1925),Comedy
3010,3233,Smashing Time (1967),Comedy
3011,3235,Where the Buffalo Roam (1980),Comedy
3012,3236,Zachariah (1971),Western
3013,3237,Kestrel's Eye (Falkens öga) (1998),Documentary
3014,3238,Eye of the Beholder (1999),Thriller
3015,3239,Isn't She Great? (2000),Comedy
3016,3240,"Big Tease, The (1999)",Comedy
3017,3241,"Cup, The (Phörpa) (1999)",Comedy
3018,3242,Santitos (1997),Comedy
3019,3243,Encino Man (1992),Comedy
3020,3244,"Goodbye Girl, The (1977)",Comedy|Romance
3021,3245,I Am Cuba (Soy Cuba/Ya Kuba) (1964),Drama
3022,3246,Malcolm X (1992),Drama
3023,3247,Sister Act (1992),Comedy|Crime
3024,3248,Sister Act 2: Back in the Habit (1993),Comedy
3025,3249,"Hand That Rocks the Cradle, The (1992)",Thriller
3026,3250,Alive (1993),Drama
3027,3251,Agnes of God (1985),Drama|Mystery
3028,3252,Scent of a Woman (1992),Drama
3029,3253,Wayne's World (1992),Comedy
3030,3254,Wayne's World 2 (1993),Comedy
3031,3255,"League of Their Own, A (1992)",Comedy|Drama
3032,3256,Patriot Games (1992),Action|Thriller
3033,3257,"Bodyguard, The (1992)",Action|Drama|Romance|Thriller
3034,3258,Death Becomes Her (1992),Comedy
3035,3259,Far and Away (1992),Drama|Romance
3036,3260,Howards End (1992),Drama
3037,3261,Singles (1992),Comedy|Drama|Romance
3038,3262,Twin Peaks: Fire Walk with Me (1992),Drama|Mystery
3039,3263,White Men Can't Jump (1992),Comedy
3040,3264,Buffy the Vampire Slayer (1992),Comedy|Horror
3041,3265,Hard-Boiled (Lashou shentan) (1992),Action|Crime
3042,3266,Man Bites Dog (C'est arrivé près de chez vous) (1992),Action|Comedy|Crime|Drama
3043,3267,"Mariachi, El (1992)",Action|Thriller
3044,3268,Stop! Or My Mom Will Shoot (1992),Action|Comedy
3045,3269,Forever Young (1992),Adventure|Romance|Sci-Fi
3046,3270,"Cutting Edge, The (1992)",Drama
3047,3271,Of Mice and Men (1992),Drama
3048,3272,Bad Lieutenant (1992),Crime|Drama
3049,3273,Scream 3 (2000),Horror|Mystery|Thriller
3050,3274,Single White Female (1992),Action
3051,3275,"Boondock Saints, The (1999)",Action|Comedy
3052,3276,Gun Shy (2000),Comedy
3053,3277,Beloved/Friend (Amigo/Amado) (1999),Drama
3054,3280,"Baby, The (1973)",Horror
3055,3281,"Brandon Teena Story, The (1998)",Documentary
3056,3282,Different for Girls (1996),Comedy
3057,3283,Minnie and Moskowitz (1971),Action
3058,3284,They Might Be Giants (1971),Comedy|Romance
3059,3285,"Beach, The (2000)",Adventure|Drama
3060,3286,Snow Day (2000),Comedy
3061,3287,"Tigger Movie, The (2000)",Animation|Children's
3062,3288,Cotton Mary (1999),Drama
3063,3289,Not One Less (Yi ge dou bu neng shao) (1999),Drama
3064,3290,Soft Toilet Seats (1999),Comedy
3065,3291,Trois (2000),Thriller
3066,3292,"Big Combo, The (1955)",Film-Noir
3067,3293,Conceiving Ada (1997),Drama|Sci-Fi
3068,3294,Eaten Alive (1976),Horror
3069,3295,Raining Stones (1993),Drama
3070,3296,To Sir with Love (1967),Drama
3071,3297,With Byrd at the South Pole (1930),Documentary
3072,3298,Boiler Room (2000),Drama
3073,3299,Hanging Up (2000),Comedy|Drama
3074,3300,Pitch Black (2000),Action|Sci-Fi
3075,3301,"Whole Nine Yards, The (2000)",Comedy|Crime
3076,3302,Beautiful People (1999),Comedy
3077,3303,Black Tar Heroin: The Dark End of the Street (1999),Documentary
3078,3304,Blue Collar (1978),Crime|Drama
3079,3305,Bluebeard (1944),Film-Noir|Horror
3080,3306,"Circus, The (1928)",Comedy
3081,3307,City Lights (1931),Comedy|Drama|Romance
3082,3308,"Flamingo Kid, The (1984)",Comedy|Drama
3083,3309,"Dog's Life, A (1920)",Comedy
3084,3310,"Kid, The (1921)",Action
3085,3311,"Man from Laramie, The (1955)",Western
3086,3312,"McCullochs, The (1975)",Drama
3087,3313,Class Reunion (1982),Comedy
3088,3314,"Big Trees, The (1952)",Action|Drama
3089,3315,Happy Go Lovely (1951),Musical
3090,3316,Reindeer Games (2000),Action|Thriller
3091,3317,Wonder Boys (2000),Comedy|Drama
3092,3318,Deterrence (1998),Thriller
3093,3319,Judy Berlin (1999),Drama
3094,3320,Mifune (Mifunes sidste sang) (1999),Comedy|Romance
3095,3321,"Waiting Game, The (2000)",Comedy
3096,3322,3 Strikes (2000),Comedy
3097,3323,Chain of Fools (2000),Comedy|Crime
3098,3324,Drowning Mona (2000),Comedy
3099,3325,"Next Best Thing, The (2000)",Comedy|Drama
3100,3326,What Planet Are You From? (2000),Comedy|Sci-Fi
3101,3327,Beyond the Mat (2000),Documentary
3102,3328,Ghost Dog: The Way of the Samurai (1999),Crime|Drama
3103,3329,"Year My Voice Broke, The (1987)",Drama
3104,3330,Splendor in the Grass (1961),Drama
3105,3331,My Tutor (1983),Drama
3106,3333,"Killing of Sister George, The (1968)",Drama
3107,3334,Key Largo (1948),Crime|Drama|Film-Noir|Thriller
3108,3335,Jail Bait (1954),Crime|Drama
3109,3336,It Happened Here (1961),Drama
3110,3337,I'll Never Forget What's 'is Name (1967),Comedy|Drama
3111,3338,For All Mankind (1989),Documentary
3112,3339,Cross of Iron (1977),War
3113,3340,Bride of the Monster (1956),Horror|Sci-Fi
3114,3341,Born Yesterday (1950),Comedy
3115,3342,Birdy (1984),Drama|War
3116,3343,And God Created Woman (1988),Comedy|Drama|Romance
3117,3344,Blood Feast (1963),Horror
3118,3345,"Charlie, the Lonesome Cougar (1967)",Adventure|Children's
3119,3346,Color Me Blood Red (1965),Horror
3120,3347,Never Cry Wolf (1983),Drama
3121,3349,"Perils of Pauline, The (1947)",Comedy
3122,3350,"Raisin in the Sun, A (1961)",Drama
3123,3351,Two Thousand Maniacs! (1964),Horror
3124,3352,Brown's Requiem (1998),Drama
3125,3353,"Closer You Get, The (2000)",Comedy|Romance
3126,3354,Mission to Mars (2000),Sci-Fi
3127,3355,"Ninth Gate, The (2000)",Thriller
3128,3357,East-West (Est-ouest) (1999),Drama|Romance
3129,3358,Defending Your Life (1991),Comedy|Romance
3130,3359,Breaking Away (1979),Drama
3131,3360,Hoosiers (1986),Drama
3132,3361,Bull Durham (1988),Comedy
3133,3362,Dog Day Afternoon (1975),Comedy|Crime|Drama
3134,3363,American Graffiti (1973),Comedy|Drama
3135,3364,"Asphalt Jungle, The (1950)",Crime|Film-Noir
3136,3365,"Searchers, The (1956)",Western
3137,3366,Where Eagles Dare (1969),Action|Adventure|War
3138,3367,"Devil's Brigade, The (1968)",War
3139,3368,"Big Country, The (1958)",Romance|Western
3140,3370,Betrayed (1988),Drama|Thriller
3141,3371,Bound for Glory (1976),Drama
3142,3372,"Bridge at Remagen, The (1969)",Action|War
3143,3373,Buck and the Preacher (1972),Western
3144,3374,Daughters of the Dust (1992),Drama
3145,3375,Destination Moon (1950),Sci-Fi
3146,3376,"Fantastic Night, The (La Nuit Fantastique) (1949)",Romance
3147,3377,Hangmen Also Die (1943),Drama|War
3148,3378,"Ogre, The (Der Unhold) (1996)",Drama
3149,3379,On the Beach (1959),Drama
3150,3380,Railroaded! (1947),Film-Noir
3151,3381,Slaves to the Underground (1997),Comedy|Drama
3152,3382,Song of Freedom (1936),Drama
3153,3384,"Taking of Pelham One Two Three, The (1974)",Action
3154,3385,Volunteers (1985),Comedy
3155,3386,JFK (1991),Drama|Mystery
3156,3387,Who's Harry Crumb? (1989),Comedy
3157,3388,Harry and the Hendersons (1987),Comedy
3158,3389,Let's Get Harry (1986),Action|Adventure
3159,3390,Shanghai Surprise (1986),Adventure
3160,3391,Who's That Girl? (1987),Comedy
3161,3392,She-Devil (1989),Comedy
3162,3393,Date with an Angel (1987),Comedy|Fantasy
3163,3394,Blind Date (1987),Comedy|Romance
3164,3395,Nadine (1987),Comedy
3165,3396,"Muppet Movie, The (1979)",Children's|Comedy
3166,3397,"Great Muppet Caper, The (1981)",Children's|Comedy
3167,3398,"Muppets Take Manhattan, The (1984)",Children's|Comedy
3168,3399,Sesame Street Presents Follow That Bird (1985),Children's|Comedy
3169,3400,We're Back! A Dinosaur's Story (1993),Animation|Children's
3170,3401,Baby... Secret of the Lost Legend (1985),Adventure|Sci-Fi
3171,3402,Turtle Diary (1985),Drama
3172,3403,Raise the Titanic (1980),Drama|Thriller
3173,3404,Titanic (1953),Action|Drama
3174,3405,"Night to Remember, A (1958)",Action|Drama
3175,3406,Captain Horatio Hornblower (1951),Action|Adventure|War
3176,3407,"Carriers Are Waiting, The (Les Convoyeurs Attendent) (1999)",Comedy|Drama
3177,3408,Erin Brockovich (2000),Drama
3178,3409,Final Destination (2000),Drama|Thriller
3179,3410,Soft Fruit (1999),Comedy|Drama
3180,3412,"Bear, The (1988)",Adventure
3181,3413,Impact (1949),Crime|Drama
3182,3414,Love Is a Many-Splendored Thing (1955),Romance
3183,3415,"Mirror, The (Zerkalo) (1975)",Drama
3184,3416,"Trial, The (Le Procès) (1963)",Drama
3185,3417,"Crimson Pirate, The (1952)",Adventure|Comedy|Sci-Fi
3186,3418,Thelma & Louise (1991),Action|Drama
3187,3419,Something for Everyone (1970),Comedy|Crime
3188,3420,...And Justice for All (1979),Drama|Thriller
3189,3421,Animal House (1978),Comedy
3190,3422,She's Gotta Have It (1986),Comedy|Romance
3191,3423,School Daze (1988),Drama
3192,3424,Do the Right Thing (1989),Comedy|Drama
3193,3425,Mo' Better Blues (1990),Drama
3194,3426,Jungle Fever (1991),Drama|Romance
3195,3427,Coogan's Bluff (1968),Crime
3196,3428,"Champ, The (1979)",Drama
3197,3429,Creature Comforts (1990),Animation|Comedy
3198,3430,Death Wish (1974),Action|Drama
3199,3431,Death Wish II (1982),Action|Drama
3200,3432,Death Wish 3 (1985),Action|Drama
3201,3433,Death Wish 4: The Crackdown (1987),Action|Drama
3202,3434,Death Wish V: The Face of Death (1994),Action|Drama
3203,3435,Double Indemnity (1944),Crime|Film-Noir
3204,3436,Dying Young (1991),Drama|Romance
3205,3437,Cool as Ice (1991),Drama
3206,3438,Teenage Mutant Ninja Turtles (1990),Action|Children's|Fantasy
3207,3439,Teenage Mutant Ninja Turtles II: The Secret of the Ooze (1991),Action|Children's|Fantasy
3208,3440,Teenage Mutant Ninja Turtles III (1993),Action|Children's|Fantasy
3209,3441,Red Dawn (1984),Action|War
3210,3442,Band of the Hand (1986),Action
3211,3443,Born American (1986),Action|Drama|Thriller
3212,3444,Bloodsport (1988),Action
3213,3445,Eyes of Laura Mars (1978),Mystery|Thriller
3214,3446,Funny Bones (1995),Comedy
3215,3447,"Good Earth, The (1937)",Drama
3216,3448,"Good Morning, Vietnam (1987)",Comedy|Drama|War
3217,3449,"Good Mother, The (1988)",Drama
3218,3450,Grumpy Old Men (1993),Comedy
3219,3451,Guess Who's Coming to Dinner (1967),Comedy|Drama
3220,3452,Romeo Must Die (2000),Action|Romance
3221,3453,Here on Earth (2000),Drama|Romance
3222,3454,Whatever It Takes (2000),Comedy|Romance
3223,3456,"Color of Paradise, The (Rang-e Khoda) (1999)",Drama
3224,3457,Waking the Dead (1999),Drama
3225,3458,Blood and Sand (Sangre y Arena) (1989),Drama|Romance
3226,3459,Gothic (1986),Drama|Horror
3227,3460,Hillbillys in a Haunted House (1967),Comedy
3228,3461,Lord of the Flies (1963),Adventure|Drama|Thriller
3229,3462,Modern Times (1936),Comedy
3230,3463,Last Resort (1994),Comedy
3231,3464,Solar Crisis (1993),Sci-Fi|Thriller
3232,3465,That's Life! (1986),Drama
3233,3466,Heart and Souls (1993),Comedy|Fantasy
3234,3467,Hud (1963),Drama|Western
3235,3468,"Hustler, The (1961)",Drama
3236,3469,Inherit the Wind (1960),Drama
3237,3470,Dersu Uzala (1974),Adventure|Drama
3238,3471,Close Encounters of the Third Kind (1977),Drama|Sci-Fi
3239,3472,Horror Hotel (a.k.a. The City of the Dead) (1960),Horror
3240,3473,Jonah Who Will Be 25 in the Year 2000 (1976),Comedy
3241,3474,Retroactive (1997),Sci-Fi|Thriller
3242,3475,"Place in the Sun, A (1951)",Drama|Romance
3243,3476,Jacob's Ladder (1990),Horror|Mystery|Thriller
3244,3477,Empire Records (1995),Comedy|Drama
3245,3478,"Bamba, La (1987)",Drama
3246,3479,Ladyhawke (1985),Adventure|Fantasy|Romance
3247,3480,Lucas (1986),Drama
3248,3481,High Fidelity (2000),Comedy
3249,3482,Price of Glory (2000),Drama
3250,3483,"Road to El Dorado, The (2000)",Animation|Children's
3251,3484,"Skulls, The (2000)",Thriller
3252,3485,Autopsy (Macchie Solari) (1975),Horror
3253,3486,Devil Girl From Mars (1954),Sci-Fi
3254,3487,"Dorado, El (1967)",Western
3255,3488,"Hideous Sun Demon, The (1959)",Horror|Sci-Fi
3256,3489,Hook (1991),Adventure|Fantasy
3257,3490,Horror Express (1972),Horror
3258,3491,My Chauffeur (1986),Comedy
3259,3492,"Son of the Sheik, The (1926)",Adventure
3260,3493,Torso (Corpi Presentano Tracce di Violenza Carnale) (1973),Horror
3261,3494,True Grit (1969),Adventure|Western
3262,3495,Roadside Prophets (1992),Comedy|Drama
3263,3496,Madame Sousatzka (1988),Drama
3264,3497,Max Dugan Returns (1983),Comedy
3265,3498,Midnight Express (1978),Drama
3266,3499,Misery (1990),Horror
3267,3500,Mr. Saturday Night (1992),Comedy|Drama
3268,3501,Murphy's Romance (1985),Comedy|Romance
3269,3502,My Life (1993),Drama
3270,3503,Solaris (Solyaris) (1972),Drama|Sci-Fi
3271,3504,Network (1976),Comedy|Drama
3272,3505,No Way Out (1987),Thriller
3273,3506,North Dallas Forty (1979),Comedy|Drama
3274,3507,"Odd Couple, The (1968)",Comedy
3275,3508,"Outlaw Josey Wales, The (1976)",Western
3276,3509,Black and White (1999),Drama
3277,3510,Frequency (2000),Drama|Thriller
3278,3511,Ready to Rumble (2000),Comedy
3279,3512,Return to Me (2000),Drama|Romance
3280,3513,Rules of Engagement (2000),Drama|Thriller
3281,3514,Joe Gould's Secret (2000),Drama
3282,3515,Me Myself I (2000),Comedy
3283,3516,"Bell, Book and Candle (1958)",Comedy|Romance
3284,3517,"Bells, The (1926)",Crime|Drama
3285,3518,"End of Violence, The (1997)",Drama|Thriller
3286,3519,Force 10 from Navarone (1978),Action|War
3287,3520,How to Stuff a Wild Bikini (1965),Comedy
3288,3521,Mystery Train (1989),Comedy|Crime|Drama
3289,3522,Sacco and Vanzetti (Sacco e Vanzetti) (1971),Drama
3290,3523,Taffin (1988),Action|Thriller
3291,3524,Arthur (1981),Comedy|Romance
3292,3525,Bachelor Party (1984),Comedy
3293,3526,Parenthood (1989),Comedy|Drama
3294,3527,Predator (1987),Action|Sci-Fi|Thriller
3295,3528,"Prince of Tides, The (1991)",Drama|Romance
3296,3529,"Postman Always Rings Twice, The (1981)",Crime|Thriller
3297,3530,Smoking/No Smoking (1993),Comedy
3298,3531,All the Vermeers in New York (1990),Comedy|Drama|Romance
3299,3532,Freedom for Us (À nous la liberté ) (1931),Comedy
3300,3533,"Actor's Revenge, An (Yukinojo Henge) (1963)",Drama
3301,3534,28 Days (2000),Comedy
3302,3535,American Psycho (2000),Comedy|Horror|Thriller
3303,3536,Keeping the Faith (2000),Comedy|Romance
3304,3537,Where the Money Is (2000),Comedy|Drama
3305,3538,East is East (1999),Comedy
3306,3539,"Filth and the Fury, The (2000)",Documentary
3307,3540,Passion of Mind (1999),Romance|Thriller
3308,3542,Coming Apart (1969),Drama
3309,3543,Diner (1982),Comedy|Drama
3310,3544,Shakes the Clown (1991),Comedy
3311,3545,Cabaret (1972),Musical|War
3312,3546,What Ever Happened to Baby Jane? (1962),Drama|Thriller
3313,3547,Prick Up Your Ears (1987),Drama
3314,3548,Auntie Mame (1958),Comedy|Drama
3315,3549,Guys and Dolls (1955),Musical
3316,3550,"Hunger, The (1983)",Horror
3317,3551,Marathon Man (1976),Thriller
3318,3552,Caddyshack (1980),Comedy
3319,3553,Gossip (2000),Drama|Thriller
3320,3554,Love and Basketball (2000),Drama|Romance
3321,3555,U-571 (2000),Action|Thriller
3322,3556,"Virgin Suicides, The (1999)",Comedy|Drama
3323,3557,Jennifer 8 (1992),Thriller
3324,3559,Limelight (1952),Drama
3325,3562,Committed (2000),Comedy|Drama
3326,3563,"Crow: Salvation, The (2000)",Action|Horror
3327,3564,"Flintstones in Viva Rock Vegas, The (2000)",Children's|Comedy
3328,3565,Where the Heart Is (2000),Comedy|Drama
3329,3566,"Big Kahuna, The (2000)",Comedy|Drama
3330,3567,Bossa Nova (1999),Comedy
3331,3568,Smiling Fish and Goat on Fire (1999),Drama
3332,3569,"Idiots, The (Idioterne) (1998)",Comedy|Drama
3333,3570,"Last September, The (1999)",Drama
3334,3571,Time Code (2000),Drama
3335,3572,Carnosaur (1993),Horror|Sci-Fi
3336,3573,Carnosaur 2 (1995),Horror|Sci-Fi
3337,3574,Carnosaur 3: Primal Species (1996),Horror|Sci-Fi
3338,3575,Defying Gravity (1997),Drama
3339,3576,"Hidden, The (1987)",Action|Horror|Sci-Fi
3340,3577,Two Moon Juction (1988),Drama
3341,3578,Gladiator (2000),Action|Drama
3342,3579,I Dreamed of Africa (2000),Drama
3343,3580,Up at the Villa (2000),Drama
3344,3581,Human Traffic (1999),Drama
3345,3584,Breathless (1983),Action|Drama|Romance|Thriller
3346,3585,"Great Locomotive Chase, The (1956)",Adventure|War
3347,3586,"Idolmaker, The (1980)",Drama
3348,3587,Inferno (1980),Horror
3349,3588,"King of Marvin Gardens, The (1972)",Crime|Drama
3350,3590,"Lords of Flatbush, The (1974)",Comedy
3351,3591,Mr. Mom (1983),Comedy|Drama
3352,3592,Time Masters (Les Maîtres du Temps) (1982),Animation|Sci-Fi
3353,3593,Battlefield Earth (2000),Action|Sci-Fi
3354,3594,Center Stage (2000),Drama
3355,3595,Held Up (2000),Comedy
3356,3596,Screwed (2000),Comedy
3357,3597,Whipped (2000),Comedy
3358,3598,Hamlet (2000),Drama
3359,3599,Anchors Aweigh (1945),Comedy|Musical
3360,3600,Blue Hawaii (1961),Comedy|Musical
3361,3601,"Castaway Cowboy, The (1974)",Comedy|Western
3362,3602,G. I. Blues (1960),Musical
3363,3603,"Gay Deceivers, The (1969)",Comedy
3364,3604,Gypsy (1962),Musical
3365,3605,King Creole (1958),Drama|Musical
3366,3606,On the Town (1949),Musical
3367,3607,One Little Indian (1973),Comedy|Drama|Western
3368,3608,Pee-wee's Big Adventure (1985),Comedy
3369,3609,Regret to Inform (1998),Documentary
3370,3610,Roustabout (1964),Musical
3371,3611,Saludos Amigos (1943),Animation|Children's|Comedy
3372,3612,"Slipper and the Rose, The (1976)",Adventure|Musical|Romance
3373,3613,Things Change (1988),Comedy
3374,3614,Honeymoon in Vegas (1992),Comedy|Romance
3375,3615,Dinosaur (2000),Animation|Children's
3376,3616,Loser (2000),Comedy|Romance
3377,3617,Road Trip (2000),Comedy
3378,3618,Small Time Crooks (2000),Comedy
3379,3619,"Hollywood Knights, The (1980)",Comedy
3380,3620,"Myth of Fingerprints, The (1997)",Comedy|Drama
3381,3621,Possession (1981),Drama|Horror
3382,3622,"Twelve Chairs, The (1970)",Comedy
3383,3623,Mission: Impossible 2 (2000),Action|Thriller
3384,3624,Shanghai Noon (2000),Action
3385,3625,Better Living Through Circuitry (1999),Documentary
3386,3626,8 1/2 Women (1999),Comedy
3387,3627,Carnival of Souls (1962),Horror|Thriller
3388,3628,Flying Tigers (1942),Action|Drama|War
3389,3629,"Gold Rush, The (1925)",Comedy
3390,3631,It's in the Water (1998),Comedy
3391,3632,Monsieur Verdoux (1947),Comedy
3392,3633,On Her Majesty's Secret Service (1969),Action
3393,3634,Seven Days in May (1964),Thriller
3394,3635,"Spy Who Loved Me, The (1977)",Action
3395,3636,Those Who Love Me Can Take the Train (Ceux qui m'aiment prendront le train) (1998),Drama
3396,3637,Vagabond (Sans toit ni loi) (1985),Drama
3397,3638,Moonraker (1979),Action|Romance|Sci-Fi
3398,3639,"Man with the Golden Gun, The (1974)",Action
3399,3640,"King in New York, A (1957)",Comedy|Drama
3400,3641,"Woman of Paris, A (1923)",Drama
3401,3642,In Old California (1942),Western
3402,3643,"Fighting Seabees, The (1944)",Action|Drama|War
3403,3644,Dark Command (1940),Western
3404,3645,Cleo From 5 to 7 (Cléo de 5 à 7) (1962),Drama
3405,3646,Big Momma's House (2000),Comedy
3406,3647,Running Free (2000),Drama
3407,3648,"Abominable Snowman, The (1957)",Horror|Sci-Fi
3408,3649,American Gigolo (1980),Drama
3409,3651,"Blood Spattered Bride, The (La Novia Ensangrentada) (1972)",Horror
3410,3652,City of the Living Dead (Paura nella città dei morti viventi) (1980),Horror
3411,3653,"Endless Summer, The (1966)",Documentary
3412,3654,"Guns of Navarone, The (1961)",Action|Drama|War
3413,3655,Blow-Out (La Grande Bouffe) (1973),Drama
3414,3656,Lured (1947),Crime
3415,3657,Pandora and the Flying Dutchman (1951),Drama
3416,3658,Quatermass and the Pit (1967),Sci-Fi
3417,3659,Quatermass II (1957),Sci-Fi|Thriller
3418,3660,Puppet Master (1989),Horror|Sci-Fi|Thriller
3419,3661,Puppet Master II (1990),Horror|Sci-Fi|Thriller
3420,3662,Puppet Master III: Toulon's Revenge (1991),Horror|Sci-Fi|Thriller
3421,3663,Puppet Master 4 (1993),Horror|Sci-Fi|Thriller
3422,3664,Puppet Master 5: The Final Chapter (1994),Horror|Sci-Fi|Thriller
3423,3665,Curse of the Puppet Master (1998),Horror|Sci-Fi|Thriller
3424,3666,Retro Puppetmaster (1999),Horror|Sci-Fi|Thriller
3425,3667,Rent-A-Cop (1988),Action|Comedy
3426,3668,Romeo and Juliet (1968),Drama|Romance
3427,3669,Stay Tuned (1992),Comedy
3428,3670,"Story of G.I. Joe, The (1945)",War
3429,3671,Blazing Saddles (1974),Comedy|Western
3430,3672,Benji (1974),Adventure|Children's
3431,3673,Benji the Hunted (1987),Adventure|Children's
3432,3674,For the Love of Benji (1977),Adventure|Children's
3433,3675,White Christmas (1954),Musical
3434,3676,Eraserhead (1977),Drama|Horror
3435,3677,Baraka (1992),Documentary
3436,3678,"Man with the Golden Arm, The (1955)",Drama
3437,3679,"Decline of Western Civilization, The (1981)",Documentary
3438,3680,"Decline of Western Civilization Part II: The Metal Years, The (1988)",Documentary
3439,3681,For a Few Dollars More (1965),Western
3440,3682,Magnum Force (1973),Western
3441,3683,Blood Simple (1984),Drama|Film-Noir
3442,3684,"Fabulous Baker Boys, The (1989)",Drama|Romance
3443,3685,Prizzi's Honor (1985),Comedy|Drama|Romance
3444,3686,Flatliners (1990),Thriller
3445,3687,Light Years (1988),Sci-Fi
3446,3688,Porky's (1981),Comedy
3447,3689,Porky's II: The Next Day (1983),Comedy
3448,3690,Porky's Revenge (1985),Comedy
3449,3691,Private School (1983),Comedy
3450,3692,Class of Nuke 'Em High (1986),Comedy|Horror
3451,3693,"Toxic Avenger, The (1985)",Comedy|Horror
3452,3694,"Toxic Avenger, Part II, The (1989)",Comedy|Horror
3453,3695,"Toxic Avenger Part III: The Last Temptation of Toxie, The (1989)",Comedy|Horror
3454,3696,Night of the Creeps (1986),Comedy|Horror|Sci-Fi
3455,3697,Predator 2 (1990),Action|Sci-Fi|Thriller
3456,3698,"Running Man, The (1987)",Action|Adventure|Sci-Fi
3457,3699,Starman (1984),Adventure|Drama|Romance|Sci-Fi
3458,3700,"Brother from Another Planet, The (1984)",Drama|Sci-Fi
3459,3701,Alien Nation (1988),Crime|Drama|Sci-Fi
3460,3702,Mad Max (1979),Action|Sci-Fi
3461,3703,Mad Max 2 (a.k.a. The Road Warrior) (1981),Action|Sci-Fi
3462,3704,Mad Max Beyond Thunderdome (1985),Action|Sci-Fi
3463,3705,Bird on a Wire (1990),Action|Adventure|Romance|Thriller
3464,3706,Angel Heart (1987),Film-Noir|Mystery|Thriller
3465,3707,Nine 1/2 Weeks (1986),Drama
3466,3708,Firestarter (1984),Horror|Thriller
3467,3709,Sleepwalkers (1992),Horror
3468,3710,Action Jackson (1988),Action|Comedy
3469,3711,Sarafina! (1992),Drama
3470,3712,Soapdish (1991),Comedy
3471,3713,"Long Walk Home, The (1990)",Drama
3472,3714,Clara's Heart (1988),Drama
3473,3715,Burglar (1987),Comedy
3474,3716,Fatal Beauty (1987),Action|Crime
3475,3717,Gone in 60 Seconds (2000),Action|Crime
3476,3718,American Pimp (1999),Documentary
3477,3719,Love's Labour's Lost (2000),Comedy|Romance
3478,3720,Sunshine (1999),Drama
3479,3721,Trixie (1999),Comedy
3480,3722,Live Virgin (1999),Comedy
3481,3723,Hamlet (1990),Drama
3482,3724,Coming Home (1978),Drama|War
3483,3725,American Pop (1981),Animation|Musical
3484,3726,Assault on Precinct 13 (1976),Action|Thriller
3485,3727,Near Dark (1987),Comedy|Horror
3486,3728,One False Move (1991),Thriller
3487,3729,Shaft (1971),Action|Crime
3488,3730,"Conversation, The (1974)",Drama|Mystery
3489,3731,Cutter's Way (1981),Drama|Thriller
3490,3732,"Fury, The (1978)",Horror
3491,3733,"Paper Chase, The (1973)",Drama
3492,3734,Prince of the City (1981),Drama
3493,3735,Serpico (1973),Crime|Drama
3494,3736,"Big Carnival, The (1951)",Drama
3495,3737,Lonely Are the Brave (1962),Drama|Western
3496,3738,"Sugarland Express, The (1974)",Drama
3497,3739,Trouble in Paradise (1932),Comedy|Romance
3498,3740,Big Trouble in Little China (1986),Action|Comedy
3499,3741,Badlands (1973),Crime|Drama
3500,3742,"Battleship Potemkin, The (Bronenosets Potyomkin) (1925)",Drama|War
3501,3743,Boys and Girls (2000),Comedy|Romance
3502,3744,Shaft (2000),Action|Crime
3503,3745,Titan A.E. (2000),Adventure|Animation|Sci-Fi
3504,3746,Butterfly (La Lengua de las Mariposas) (2000),Drama|War
3505,3747,Jesus' Son (1999),Drama
3506,3748,"Match, The (1999)",Comedy|Romance
3507,3749,Time Regained (Le Temps Retrouvé) (1999),Drama
3508,3751,Chicken Run (2000),Animation|Children's|Comedy
3509,3752,"Me, Myself and Irene (2000)",Comedy
3510,3753,"Patriot, The (2000)",Action|Drama|War
3511,3754,"Adventures of Rocky and Bullwinkle, The (2000)",Animation|Children's|Comedy
3512,3755,"Perfect Storm, The (2000)",Action|Adventure|Thriller
3513,3756,"Golden Bowl, The (2000)",Drama
3514,3757,Asylum (1972),Horror
3515,3758,Communion (1989),Drama|Sci-Fi|Thriller
3516,3759,Fun and Fancy Free (1947),Animation|Children's|Musical
3517,3760,"Kentucky Fried Movie, The (1977)",Comedy
3518,3761,"Blood In, Blood Out (a.k.a. Bound by Honor) (1993)",Crime|Drama
3519,3762,Daughter of Dr. Jeckyll (1957),Horror
3520,3763,F/X (1986),Action|Crime|Thriller
3521,3764,F/X 2 (1992),Action|Crime|Thriller
3522,3765,"Hot Spot, The (1990)",Drama|Romance
3523,3766,Missing in Action (1984),Action|War
3524,3767,Missing in Action 2: The Beginning (1985),Action|War
3525,3768,Braddock: Missing in Action III (1988),Action|War
3526,3769,Thunderbolt and Lightfoot (1974),Action
3527,3770,Dreamscape (1984),Adventure|Crime|Sci-Fi|Thriller
3528,3771,"Golden Voyage of Sinbad, The (1974)",Action|Adventure
3529,3772,Hatchet For the Honeymoon (Rosso Segno Della Follia) (1969),Horror
3530,3773,House Party (1990),Comedy
3531,3774,House Party 2 (1991),Comedy
3532,3775,Make Mine Music (1946),Animation|Children's|Musical
3533,3776,Melody Time (1948),Animation|Children's|Musical
3534,3777,Nekromantik (1987),Comedy|Horror
3535,3778,On Our Merry Way (1948),Comedy|Drama
3536,3779,Project Moon Base (1953),Sci-Fi
3537,3780,Rocketship X-M (1950),Sci-Fi
3538,3781,Shaft in Africa (1973),Action|Crime
3539,3782,Shaft's Big Score! (1972),Action|Crime
3540,3783,Croupier (1998),Crime|Drama
3541,3784,"Kid, The (2000)",Comedy
3542,3785,Scary Movie (2000),Comedy|Horror
3543,3786,But I'm a Cheerleader (1999),Comedy
3544,3787,Shower (Xizhao) (1999),Comedy
3545,3788,Blowup (1966),Drama|Mystery
3546,3789,"Pawnbroker, The (1965)",Drama
3547,3790,Groove (2000),Drama
3548,3791,Footloose (1984),Drama
3549,3792,Duel in the Sun (1946),Western
3550,3793,X-Men (2000),Action|Sci-Fi
3551,3794,Chuck & Buck (2000),Comedy|Drama
3552,3795,"Five Senses, The (1999)",Drama
3553,3796,"Wisdom of Crocodiles, The (a.k.a. Immortality) (2000)",Romance|Thriller
3554,3797,"In Crowd, The (2000)",Thriller
3555,3798,What Lies Beneath (2000),Thriller
3556,3799,Pokémon the Movie 2000 (2000),Animation|Children's
3557,3800,Criminal Lovers (Les Amants Criminels) (1999),Drama|Romance
3558,3801,Anatomy of a Murder (1959),Drama|Mystery
3559,3802,Freejack (1992),Action|Sci-Fi
3560,3803,Greaser's Palace (1972),Drama
3561,3804,H.O.T.S. (1979),Comedy
3562,3805,Knightriders (1981),Action|Adventure|Drama
3563,3806,MacKenna's Gold (1969),Western
3564,3807,Sinbad and the Eye of the Tiger (1977),Action|Adventure
3565,3808,Two Women (La Ciociara) (1961),Drama|War
3566,3809,What About Bob? (1991),Comedy
3567,3810,White Sands (1992),Drama|Thriller
3568,3811,Breaker Morant (1980),Drama|War
3569,3812,Everything You Always Wanted to Know About Sex (1972),Comedy
3570,3813,Interiors (1978),Drama
3571,3814,Love and Death (1975),Comedy
3572,3816,"Official Story, The (La Historia Oficial) (1985)",Drama
3573,3817,"Other Side of Sunday, The (Søndagsengler) (1996)",Comedy|Drama
3574,3818,Pot O' Gold (1941),Comedy|Musical
3575,3819,Tampopo (1986),Comedy
3576,3820,Thomas and the Magic Railroad (2000),Children's
3577,3821,Nutty Professor II: The Klumps (2000),Comedy
3578,3822,"Girl on the Bridge, The (La Fille sur le Pont) (1999)",Drama|Romance
3579,3823,Wonderland (1999),Drama
3580,3824,Autumn in New York (2000),Drama|Romance
3581,3825,Coyote Ugly (2000),Drama
3582,3826,Hollow Man (2000),Horror|Sci-Fi|Thriller
3583,3827,Space Cowboys (2000),Action|Sci-Fi
3584,3828,Better Living (1998),Comedy
3585,3830,Psycho Beach Party (2000),Comedy|Horror|Thriller
3586,3831,Saving Grace (2000),Comedy
3587,3832,"Black Sabbath (Tre Volti Della Paura, I) (1963)",Horror
3588,3833,"Brain That Wouldn't Die, The (1962)",Horror|Sci-Fi
3589,3834,Bronco Billy (1980),Adventure|Drama|Romance
3590,3835,"Crush, The (1993)",Thriller
3591,3836,Kelly's Heroes (1970),Action|Comedy|War
3592,3837,Phantasm II (1988),Horror
3593,3838,Phantasm III: Lord of the Dead (1994),Horror
3594,3839,Phantasm IV: Oblivion (1998),Horror
3595,3840,Pumpkinhead (1988),Horror
3596,3841,Air America (1990),Action|Comedy
3597,3842,Make Them Die Slowly (Cannibal Ferox) (1980),Horror
3598,3843,Sleepaway Camp (1983),Horror
3599,3844,Steel Magnolias (1989),Drama
3600,3845,And God Created Woman (Et Dieu&#8230;Créa la Femme) (1956),Drama
3601,3846,Easy Money (1983),Comedy
3602,3847,"Ilsa, She Wolf of the SS (1974)",Horror
3603,3848,Silent Fall (1994),Drama|Thriller
3604,3849,"Spiral Staircase, The (1946)",Thriller
3605,3850,Whatever Happened to Aunt Alice? (1969),Crime|Thriller
3606,3851,I'm the One That I Want (2000),Comedy
3607,3852,"Tao of Steve, The (2000)",Comedy
3608,3853,"Tic Code, The (1998)",Drama
3609,3854,Aimée & Jaguar (1999),Drama|Romance
3610,3855,"Affair of Love, An (Une Liaison Pornographique) (1999)",Drama|Romance
3611,3857,Bless the Child (2000),Thriller
3612,3858,Cecil B. Demented (2000),Comedy
3613,3859,"Eyes of Tammy Faye, The (2000)",Documentary
3614,3860,"Opportunists, The (1999)",Crime
3615,3861,"Replacements, The (2000)",Comedy
3616,3862,About Adam (2000),Comedy
3617,3863,"Cell, The (2000)",Sci-Fi|Thriller
3618,3864,Godzilla 2000 (Gojira ni-sen mireniamu) (1999),Action|Adventure|Sci-Fi
3619,3865,"Original Kings of Comedy, The (2000)",Comedy|Documentary
3620,3866,Sunset Strip (2000),Comedy
3621,3867,All the Rage (a.k.a. It's the Rage) (1999),Drama
3622,3868,"Naked Gun: From the Files of Police Squad!, The (1988)",Comedy
3623,3869,"Naked Gun 2 1/2: The Smell of Fear, The (1991)",Comedy
3624,3870,Our Town (1940),Drama
3625,3871,Shane (1953),Drama|Western
3626,3872,"Suddenly, Last Summer (1959)",Drama
3627,3873,Cat Ballou (1965),Comedy|Western
3628,3874,"Couch in New York, A (1996)",Comedy|Romance
3629,3875,"Devil Rides Out, The (1968)",Horror
3630,3876,Jerry & Tom (1998),Drama
3631,3877,Supergirl (1984),Action|Adventure|Fantasy
3632,3878,X: The Unknown (1956),Sci-Fi
3633,3879,"Art of War, The (2000)",Action
3634,3880,"Ballad of Ramblin' Jack, The (2000)",Documentary
3635,3881,Bittersweet Motel (2000),Documentary
3636,3882,Bring It On (2000),Comedy
3637,3883,Catfish in Black Bean Sauce (2000),Comedy|Drama
3638,3884,"Crew, The (2000)",Comedy
3639,3885,Love & Sex (2000),Comedy|Romance
3640,3886,Steal This Movie! (2000),Drama
3641,3887,Went to Coney Island on a Mission From God... Be Back by Five (1998),Drama
3642,3888,Skipped Parts (2000),Drama|Romance
3643,3889,Highlander: Endgame (2000),Action|Adventure|Fantasy
3644,3890,Back Stage (2000),Documentary
3645,3891,Turn It Up (2000),Crime|Drama
3646,3892,Anatomy (Anatomie) (2000),Horror
3647,3893,Nurse Betty (2000),Comedy|Thriller
3648,3894,Solas (1999),Drama
3649,3895,"Watcher, The (2000)",Crime|Thriller
3650,3896,"Way of the Gun, The (2000)",Crime|Thriller
3651,3897,Almost Famous (2000),Comedy|Drama
3652,3898,Bait (2000),Action|Comedy
3653,3899,Circus (2000),Comedy
3654,3900,Crime and Punishment in Suburbia (2000),Comedy|Drama
3655,3901,Duets (2000),Comedy|Drama
3656,3902,Goya in Bordeaux (Goya en Bodeos) (1999),Drama
3657,3903,Urbania (2000),Drama
3658,3904,"Uninvited Guest, An (2000)",Drama
3659,3905,"Specials, The (2000)",Comedy
3660,3906,Under Suspicion (2000),Crime
3661,3908,Urban Legends: Final Cut (2000),Horror
3662,3909,Woman on Top (2000),Comedy|Romance
3663,3910,Dancer in the Dark (2000),Drama|Musical
3664,3911,Best in Show (2000),Comedy
3665,3912,Beautiful (2000),Comedy|Drama
3666,3913,Barenaked in America (1999),Documentary
3667,3914,"Broken Hearts Club, The (2000)",Drama
3668,3915,Girlfight (2000),Drama
3669,3916,Remember the Titans (2000),Drama
3670,3917,Hellraiser (1987),Horror
3671,3918,Hellbound: Hellraiser II (1988),Horror
3672,3919,Hellraiser III: Hell on Earth (1992),Horror
3673,3920,"Faraway, So Close (In Weiter Ferne, So Nah!) (1993)",Drama|Fantasy
3674,3921,Beach Party (1963),Comedy
3675,3922,Bikini Beach (1964),Comedy
3676,3923,Return of the Fly (1959),Horror|Sci-Fi
3677,3924,Pajama Party (1964),Comedy
3678,3925,Stranger Than Paradise (1984),Comedy
3679,3926,Voyage to the Bottom of the Sea (1961),Adventure|Sci-Fi
3680,3927,Fantastic Voyage (1966),Adventure|Sci-Fi
3681,3928,Abbott and Costello Meet Frankenstein (1948),Comedy|Horror
3682,3929,"Bank Dick, The (1940)",Comedy
3683,3930,"Creature From the Black Lagoon, The (1954)",Horror
3684,3931,"Giant Gila Monster, The (1959)",Horror|Sci-Fi
3685,3932,"Invisible Man, The (1933)",Horror|Sci-Fi
3686,3933,"Killer Shrews, The (1959)",Horror|Sci-Fi
3687,3934,Kronos (1957),Sci-Fi
3688,3935,Kronos (1973),Horror
3689,3936,"Phantom of the Opera, The (1943)",Drama|Thriller
3690,3937,Runaway (1984),Sci-Fi|Thriller
3691,3938,"Slumber Party Massacre, The (1982)",Horror
3692,3939,"Slumber Party Massacre II, The (1987)",Horror
3693,3940,"Slumber Party Massacre III, The (1990)",Horror
3694,3941,Sorority House Massacre (1986),Horror
3695,3942,Sorority House Massacre II (1990),Horror
3696,3943,Bamboozled (2000),Comedy
3697,3944,Bootmen (2000),Comedy|Drama
3698,3945,Digimon: The Movie (2000),Adventure|Animation|Children's
3699,3946,Get Carter (2000),Action|Drama|Thriller
3700,3947,Get Carter (1971),Thriller
3701,3948,Meet the Parents (2000),Comedy
3702,3949,Requiem for a Dream (2000),Drama
3703,3950,Tigerland (2000),Drama
3704,3951,Two Family House (2000),Drama
3705,3952,"Contender, The (2000)",Drama|Thriller
